"logFC","AveExpr","t","P.Value","adj.P.Val","B","Probe_ID"
-6.113095,7.76832166666667,-65.1335719444567,3.13945310208247e-09,5.99710812318646e-05,11.0637908765126,"8083594"
5.24696,9.50561333333333,54.3681995483963,8.55833553618959e-09,5.99710812318646e-05,10.5375849796957,"8074856"
-5.192085,9.29487166666667,-53.2095285485324,9.64510514426544e-09,5.99710812318646e-05,10.467797843162,"8112980"
-5.222965,7.64050166666667,-52.7102422263324,1.01631245299914e-08,5.99710812318646e-05,10.4367808996451,"7907222"
-4.96248,9.61807333333333,-49.9600433321175,1.36821016780024e-08,5.99710812318646e-05,10.2549971391889,"8007100"
-4.739875,7.72098,-49.8361467113204,1.38718826065995e-08,5.99710812318646e-05,10.2463481880019,"7919815"
-5.56103,9.08264833333333,-49.3043607231281,1.47225531750035e-08,5.99710812318646e-05,10.2087503747484,"7944082"
4.890395,7.24829833333333,47.8704557202908,1.73415289321123e-08,5.99710812318646e-05,10.1033992370872,"7951686"
4.82875,8.10652166666667,47.8395568771389,1.74037498364036e-08,5.99710812318646e-05,10.1010631586434,"8110265"
-4.69247,8.61206666666667,-47.5446935664893,1.80109563119394e-08,5.99710812318646e-05,10.078626375888,"7934979"
-5.700375,7.93901666666667,-46.3326828111771,2.07844579628594e-08,6.1459951841536e-05,9.98359485294356,"7985786"
5.38239,7.64952333333333,45.804230177559,2.21497258641449e-08,6.1459951841536e-05,9.9406976177451,"8035304"
4.39728,7.46871666666667,44.4604823233941,2.61264144653341e-08,6.69177863424791e-05,9.82740681006087,"8104663"
-4.492995,7.221905,-41.9241945780297,3.61836100104142e-08,7.99380102272431e-05,9.59580227964692,"7984813"
4.30349,7.97886,41.8524420749484,3.65288312632218e-08,7.99380102272431e-05,9.58888845683154,"8158771"
-4.252815,10.5039283333333,-40.9709251131369,4.11037654655245e-08,7.99380102272431e-05,9.50222296816491,"8135069"
-5.03351,7.34559666666667,-40.8075613265185,4.20241416404934e-08,7.99380102272431e-05,9.48580449223673,"7906919"
-4.120505,9.00990833333333,-40.6025746468999,4.32136283776429e-08,7.99380102272431e-05,9.46504111344341,"7934906"
-4.875735,8.52520666666667,-39.4791043073962,5.04843638402109e-08,8.41623111240056e-05,9.34796008190601,"7927964"
-4.150395,10.4983183333333,-39.4289977536654,5.08409097822225e-08,8.41623111240056e-05,9.3426056782612,"8052355"
-3.912595,8.84786,-38.5146694249457,5.78994303140886e-08,8.41623111240056e-05,9.24283471286109,"8121749"
-3.68707,6.60146833333333,-38.5026570514654,5.79995869957907e-08,8.41623111240056e-05,9.24149739446668,"7955441"
5.92467,8.103485,38.3403613872866,5.93730074776541e-08,8.41623111240056e-05,9.22336045606572,"8122176"
4.126555,5.70664666666667,38.1919080435186,6.06629866647486e-08,8.41623111240056e-05,9.2066575324332,"8157173"
3.85027,8.12409,37.5409720983273,6.67244074498721e-08,8.88689037943357e-05,9.13212236730945,"8174513"
-6.26376,6.58916166666667,-36.9176501534127,7.32089451868977e-08,9.04755640348222e-05,9.05871682746705,"7903358"
-4.0016,7.62243666666667,-36.9034448158628,7.33651749088566e-08,9.04755640348222e-05,9.05702019708225,"8143127"
-3.800595,8.304245,-36.4377465673968,7.87115759836258e-08,9.0955405481643e-05,9.00080085802059,"8056257"
-4.236345,8.07238166666667,-36.3956153466999,7.92175498984186e-08,9.0955405481643e-05,8.99565692119165,"7997504"
-3.396165,9.78544666666667,-36.0382051144592,8.36677454062264e-08,9.22600609733581e-05,8.95162713327442,"8163637"
-3.55691,8.08086333333333,-35.7239498303031,8.78258850068177e-08,9.22600609733581e-05,8.91232561712579,"8152522"
-3.85136,6.03884166666667,-35.5533356164852,9.01853365812137e-08,9.22600609733581e-05,8.8907539675207,"8174598"
3.42493,5.55060833333333,35.4649408541623,9.14371268318712e-08,9.22600609733581e-05,8.87951220844688,"8025103"
-3.31808,8.35230166666667,-34.871516055803,1.00392317521997e-07,9.55075141865695e-05,8.8028646508034,"8015179"
-3.31808,8.35230166666667,-34.871516055803,1.00392317521997e-07,9.55075141865695e-05,8.8028646508034,"8019588"
4.06385,6.48136833333333,34.5935544189526,1.04940581291846e-07,9.6244691178477e-05,8.76624438521035,"8155359"
-3.689545,5.90457833333333,-34.4753464795045,1.069481807251e-07,9.6244691178477e-05,8.7505293847532,"7995697"
-4.806475,7.51105833333333,-34.2058001908291,1.116979140958e-07,9.64947080591486e-05,8.7143746861857,"8056222"
-4.33133,5.58016166666667,-33.8683028802682,1.18000324676089e-07,9.64947080591486e-05,8.66846881462761,"7938225"
-3.473705,8.30446666666667,-33.8471779160035,1.18408567422169e-07,9.64947080591486e-05,8.66557158634938,"7983228"
3.3811,6.81996666666667,33.6480016768995,1.22340694375377e-07,9.64947080591486e-05,8.63811549621331,"8155460"
-5.902525,7.95223166666667,-33.2614459383808,1.30420383154584e-07,9.64947080591486e-05,8.58410008178684,"7985317"
3.419355,7.86086333333333,33.0891155536217,1.34224228721286e-07,9.64947080591486e-05,8.55970443566282,"7940160"
3.21166,8.68507833333333,32.8830001941237,1.3894695390777e-07,9.64947080591486e-05,8.53026695582064,"7929065"
4.16702,6.48893666666667,32.8090456159744,1.40689054842307e-07,9.64947080591486e-05,8.51963529212196,"8155540"
4.16702,6.48893666666667,32.8090456159744,1.40689054842307e-07,9.64947080591486e-05,8.51963529212196,"8161460"
4.42497,7.89725833333333,32.8050265758353,1.40784464352794e-07,9.64947080591486e-05,8.51905646071178,"8013384"
-3.313725,9.45073166666667,-32.7828911426817,1.41311315010514e-07,9.64947080591486e-05,8.51586650849209,"7969861"
-4.283385,8.94460166666667,-32.7540191007942,1.42002003030251e-07,9.64947080591486e-05,8.51170075734312,"8139488"
-3.975155,7.67979333333333,-32.5988710970105,1.45782403030835e-07,9.7082333474354e-05,8.48921851825889,"8014115"
-3.02008,7.98832166666667,-32.158119147155,1.5718713457386e-07,0.000101751853211952,8.42444615971383,"7942957"
3.17079,8.34271333333333,32.0584109811095,1.59911159624872e-07,0.000101751853211952,8.40960507629213,"7952526"
3.29872,9.46114333333333,31.7702030643608,1.6810364169899e-07,0.000101751853211952,8.36630973038779,"8146921"
-4.48067,7.46531,-31.7285340672299,1.69328625761037e-07,0.000101751853211952,8.36000085988097,"7981982"
-4.48067,7.46531,-31.7285340672299,1.69328625761037e-07,0.000101751853211952,8.36000085988097,"7981986"
4.615785,7.55186333333333,31.6679117988238,1.71129644708811e-07,0.000101751853211952,8.35079998291292,"8015337"
-4.80238,7.280665,-31.5060828676465,1.76049125484934e-07,0.000101964939264456,8.32610783591232,"7947512"
3.396195,7.43222666666667,31.4484332372145,1.77841782864663e-07,0.000101964939264456,8.31726532933049,"7903765"
-3.451685,9.30932833333333,-31.3587073763778,1.80674878115233e-07,0.000101964939264456,8.30345423414323,"8124380"
-3.99499,8.13938,-31.178239522034,1.8653594443864e-07,0.00010272203908236,8.27549510134456,"8112971"
3.37502,10.1092016666667,31.1286226646487,1.88186454756403e-07,0.00010272203908236,8.26776561563561,"8040340"
-2.984225,9.878325,-30.8607781404553,1.97399482902626e-07,0.000106013073906593,8.22571956726552,"8104079"
3.32765,7.06227166666667,30.6342732162859,2.05607781266198e-07,0.000108668607822549,8.189736284638,"8161288"
-3.40928,7.57934166666667,-30.5431572828233,2.09022798728434e-07,0.000108747377019698,8.17514965480442,"7916112"
2.91352,10.395895,30.4250016832842,2.13551365604843e-07,0.0001093941510853,8.15613797888364,"8153002"
-3.372885,9.28617166666667,-30.2548847567999,2.20276294695717e-07,0.000110375721471267,8.12857297484735,"7960865"
-3.16017,9.613715,-30.177196925307,2.2343026073362e-07,0.000110375721471267,8.11590858864767,"8105302"
-3.353865,8.838355,-30.1290374487577,2.2541217106785e-07,0.000110375721471267,8.10803366734012,"7918323"
-3.96769,9.59628666666667,-29.7587418102078,2.41363467974799e-07,0.000115779860652679,8.04685997117165,"7980152"
-3.193975,6.09889,-29.6689108550581,2.45431447882038e-07,0.000115779860652679,8.03185142725122,"8095021"
3.752085,5.58836333333333,29.6373418426572,2.46880202611051e-07,0.000115779860652679,8.0265612520967,"7972239"
-4.00259,6.660695,-29.2510240290983,2.65451575763441e-07,0.000122760293308268,7.96115235656443,"8172425"
3.428795,9.03212,28.9515201352749,2.80989586732182e-07,0.000127849629967512,7.90957393556369,"8102468"
3.952005,6.41175833333333,28.8932495644792,2.84135886644318e-07,0.000127849629967512,7.89944940228485,"8013364"
-2.679525,8.13125833333333,-28.7056743302585,2.94549742500928e-07,0.000128888850506976,7.86665753860696,"8015196"
-2.679525,8.13125833333333,-28.7056743302585,2.94549742500928e-07,0.000128888850506976,7.86665753860696,"8019578"
-3.04258,8.84243166666667,-28.644235034067,2.98058128030669e-07,0.000128888850506976,7.8558497228264,"7932985"
-3.036385,8.52288333333333,-28.5709374526484,3.02308306816045e-07,0.000129050765282742,7.84291234040608,"8121588"
3.435625,8.91021666666667,28.4764746738899,3.07891589075161e-07,0.00012977045875235,7.82616892173887,"8160238"
3.72938,7.25161833333333,28.3813329178629,3.13638287774472e-07,0.000129843327543523,7.80922468286051,"8140556"
-2.67757,7.22855166666667,-28.2995909798024,3.1867681874409e-07,0.000129843327543523,7.79460198343194,"7901788"
-2.73251,8.93350833333333,-28.2145364443787,3.24021153453373e-07,0.000129843327543523,7.77932264356913,"8083887"
3.23671,10.1215533333333,28.0778784933401,3.32830887006586e-07,0.000129843327543523,7.75463543134527,"8180299"
4.12172,7.78091166666667,28.0441147278013,3.35050796263801e-07,0.000129843327543523,7.74850970619553,"8059580"
-3.76176,7.60264666666667,-27.9751501761883,3.39639566271991e-07,0.000129843327543523,7.73596496466369,"8104746"
-3.045145,9.75410666666667,-27.9599531149986,3.40660687399925e-07,0.000129843327543523,7.73319470291241,"7957260"
-2.896325,7.35119833333333,-27.928106989532,3.42812254052239e-07,0.000129843327543523,7.72738256957729,"7965941"
2.94624,9.599485,27.8932342041707,3.45186706170085e-07,0.000129843327543523,7.72100727504173,"8103437"
-3.219965,7.10424833333333,-27.7977846714569,3.51785582967211e-07,0.000129843327543523,7.70349977365484,"8145766"
-3.173905,8.95833833333333,-27.795460898827,3.51948081302068e-07,0.000129843327543523,7.70307248430986,"8150698"
-3.298825,8.38321333333333,-27.6596139917291,3.61603333792263e-07,0.000129843327543523,7.67800531434025,"8107100"
2.92576,5.88001833333333,27.6406345316313,3.62977006358021e-07,0.000129843327543523,7.67448930171163,"8125470"
-3.04309,10.64307,-27.6383118858612,3.63145534118492e-07,0.000129843327543523,7.67405878968128,"7952268"
-3.337525,8.335345,-27.5915565196191,3.6655773160018e-07,0.000129843327543523,7.66538163650972,"8051583"
-2.891845,8.52897,-27.4942343355075,3.73782256973812e-07,0.000129883440884537,7.64725343873813,"8026971"
3.528765,6.81097333333333,27.4093823925144,3.80218364942716e-07,0.000129883440884537,7.63137432989814,"7997491"
3.18927,7.85834,27.3919509410435,3.81556683272358e-07,0.000129883440884537,7.62810368019181,"7976443"
-3.07384,6.147115,-27.3514516160954,3.84687558127355e-07,0.000129883440884537,7.62049354156247,"8120961"
5.888035,5.5534,27.3323499782682,3.8617474990447e-07,0.000129883440884537,7.61689871072504,"8081298"
-2.706225,7.94909,-27.2043818782949,3.96314593865752e-07,0.000131960870319479,7.59272470818527,"7918064"
3.018205,8.6404,27.0965390393617,4.05104134643984e-07,0.000133552003675651,7.57222872133399,"7986446"
2.617745,6.52306833333333,26.721344040248,4.37526805566284e-07,0.000141936675896545,7.50002646887761,"8083233"
2.936435,5.90955833333333,26.7043878565674,4.3906290708905e-07,0.000141936675896545,7.49673021227187,"8178833"
-3.46174,6.90956833333333,-26.5197331641108,4.56209582095465e-07,0.000145180485377851,7.46064506579616,"8173917"
-3.02719,9.45443166666667,-26.5028374090069,4.57817550069805e-07,0.000145180485377851,7.4573259669974,"7960919"
-2.97448,8.64461166666667,-26.2799636640064,4.79666430189399e-07,0.000150674086094495,7.41326854140885,"8140579"
-2.673775,7.72764166666667,-26.1350764994481,4.94529922907183e-07,0.000153891241523743,7.38435083563996,"8023727"
-2.49679,9.50647666666667,-25.9967901508405,5.09225064921182e-07,0.00015546372031653,7.35654482200323,"8146863"
-2.99263,7.285415,-25.9808944918517,5.10946999166047e-07,0.00015546372031653,7.35333562200249,"8151816"
-3.379985,8.85286833333333,-25.9032457423281,5.19457771485337e-07,0.00015546372031653,7.33762033426409,"8025672"
-4.05587,7.39538666666667,-25.8466634828554,5.25764864043303e-07,0.00015546372031653,7.32612811239693,"7949588"
-3.503815,6.26537833333333,-25.7401926118353,5.37879353579601e-07,0.00015546372031653,7.30440991562438,"7917182"
-2.56969,8.11182166666667,-25.7172443992744,5.40533374419899e-07,0.00015546372031653,7.29971285159467,"7916986"
2.469315,6.23602833333333,25.7043421383879,5.42032332300036e-07,0.00015546372031653,7.29706949816933,"7991602"
-2.4247,9.18685333333333,-25.6470720950188,5.48745268229383e-07,0.00015546372031653,7.28531447012866,"7912157"
2.616425,8.06553,25.6370770600052,5.49926859685576e-07,0.00015546372031653,7.28325927099661,"8091306"
-2.856645,9.071625,-25.6364648489311,5.49999331365824e-07,0.00015546372031653,7.28313335154868,"7979085"
3.23283,5.03857166666667,25.5688050153252,5.58078516955236e-07,0.00015546372031653,7.26919187582266,"8021584"
-2.89672,7.60752,-25.5533042323423,5.59949092254048e-07,0.00015546372031653,7.26599085023353,"8109333"
-3.679255,5.96543333333333,-25.534605394745,5.62215439095897e-07,0.00015546372031653,7.26212589614681,"8112045"
-3.304515,7.25812666666667,-25.5121687696085,5.64949099267207e-07,0.00015546372031653,7.25748329241033,"8035517"
3.35548,8.95831,25.4088390703846,5.77742698946011e-07,0.000157681136449224,7.23603061642408,"8160151"
-2.85645,8.99290666666667,-25.1979181444072,6.04933119381111e-07,0.000162410673371425,7.19187219259413,"8148049"
3.86389,7.10284666666667,25.1786902314877,6.07486049171217e-07,0.000162410673371425,7.1878218406167,"8056376"
-2.63644,9.34355333333333,-25.162057916201,6.0970460316029e-07,0.000162410673371425,7.18431488791659,"7975459"
2.755325,8.59599166666667,24.9978401184664,6.32129822964486e-07,0.000166026079581902,7.1495210204797,"8153021"
-2.839525,8.66296833333333,-24.9898206908252,6.33249605276798e-07,0.000166026079581902,7.14781403104173,"8053231"
-2.5754,8.20502666666667,-24.9081666557822,6.44785369621108e-07,0.000167729831658391,7.13039147199996,"8136341"
3.32371,8.551275,24.7791151414543,6.63526355751774e-07,0.000171266954011371,7.10269906481291,"8150428"
-3.623495,6.34502666666667,-24.7238377224947,6.71749718178342e-07,0.00017143792269483,7.09077832372905,"7908204"
3.28521,7.722635,24.7056195416985,6.74486226177215e-07,0.00017143792269483,7.08684171453857,"7958884"
2.973155,7.67513,24.652572358872,6.82529450144503e-07,0.000172168053798951,7.07535710323566,"7964834"
3.19083,6.89749166666667,24.6146405073296,6.88350179326067e-07,0.000172330796398647,7.06712469774524,"8143397"
2.975925,5.56732333333333,24.3264205654539,7.34541844889548e-07,0.000182522685143935,7.00401540353112,"8040080"
-3.773045,8.46006833333333,-24.2468236047859,7.4793590695619e-07,0.000184474236251261,6.98641155112725,"7904158"
-2.40355,9.239475,-24.2063149141848,7.54862870289398e-07,0.000184813742588427,6.97742314622557,"8172022"
2.69649,6.56787,24.1110882187929,7.71446516278234e-07,0.000187495289434426,6.95621489742685,"8056285"
-2.771445,7.96122166666667,-24.0041755228421,7.9057949510294e-07,0.000189334438655655,6.93227185027447,"8157524"
2.2671,8.75131833333333,23.9869394677101,7.93716123742354e-07,0.000189334438655655,6.92839868280005,"8121087"
-3.32171,7.41629166666667,-23.9740444413635,7.96072361227489e-07,0.000189334438655655,6.92549860316038,"7909730"
3.112945,8.06464,23.7628178332922,8.35867259442431e-07,0.000197389164096841,6.87769989058067,"8100578"
-2.67632,9.38771666666667,-23.5991000537376,8.68330341046774e-07,0.000202820752096904,6.84026685589827,"8136347"
2.4484,9.39413166666667,23.5700462788153,8.74245391295352e-07,0.000202820752096904,6.83358838059224,"8160405"
2.69971,6.50578666666667,23.5559042660092,8.77141733548193e-07,0.000202820752096904,6.83033371800866,"7961083"
-5.231855,4.68779333333333,-23.5118982937265,8.86226941607012e-07,0.000203508265342681,6.82018977105212,"7976812"
-3.21911,8.72188166666667,-23.4123392148598,9.07193710023267e-07,0.000206896088785238,6.79714839955236,"8004510"
2.31752,10.9761933333333,23.3541432706021,9.19720186088373e-07,0.000207362446834231,6.78362064701521,"8126135"
-2.4898,7.59714833333333,-23.3396281441546,9.22876202667261e-07,0.000207362446834231,6.78023974026162,"8067270"
2.72961,7.19545166666667,23.3165445907926,9.27921571862344e-07,0.000207362446834231,6.77485741124322,"7924760"
-2.44759,7.80549666666667,-23.283665223622,9.35164240902865e-07,0.000207587758195618,6.76717904257991,"8089145"
-2.303635,8.30951833333333,-23.2036668936808,9.53066278912775e-07,0.000210160582046084,6.74843792267105,"8161701"
-3.019755,8.17024833333333,-23.112309984106,9.74006315329797e-07,0.000213365054483791,6.72693302133846,"7935553"
4.75428,8.00520833333333,23.0812462715364,9.81249649092936e-07,0.0002135468599075,6.71959568614135,"8068713"
-2.5603,8.01038333333333,-22.9099724543165,1.0223454669719e-06,0.000221045694894566,6.6789096793432,"8139207"
-2.805745,8.01545,-22.8536811830497,1.03629261742241e-06,0.000222615711498799,6.66545186319734,"8142981"
-2.234265,7.51338666666667,-22.8163180956183,1.04567380757025e-06,0.000223068248162936,6.65649567612316,"7963313"
2.761875,8.1737,22.7681812034404,1.05790801745202e-06,0.000223068248162936,6.64492904671342,"8115490"
-2.353055,8.14457666666667,-22.7440883425987,1.06409462183683e-06,0.000223068248162936,6.63912803882815,"7943293"
2.186595,8.34625666666667,22.7384188074482,1.06555664409727e-06,0.000223068248162936,6.63776179571631,"8110755"
-2.80907,7.58635666666667,-22.707566119977,1.07355434028365e-06,0.000223068248162936,6.63031923643826,"7938880"
-2.517305,7.73654666666667,-22.6882584045875,1.07859530751217e-06,0.000223068248162936,6.62565504123843,"7974366"
-2.187895,10.3382683333333,-22.555781868267,1.11394527014006e-06,0.000228957010246009,6.5935144162165,"8090162"
-4.50078,7.89671666666667,-22.5184224104039,1.12415983086829e-06,0.000229638956370685,6.58440670992359,"8023855"
2.666585,8.189085,22.4278673318444,1.14938015804033e-06,0.000233359214160176,6.5622501539448,"8148059"
2.43473999999999,10.74452,22.3676546772179,1.16651909684604e-06,0.000234545529025364,6.54745420320451,"8018975"
-3.000435,8.62338833333333,-22.3579439065027,1.1693112838457e-06,0.000234545529025364,6.54506322757449,"7973067"
-2.85436,5.65190833333333,-22.3149639111478,1.18176448271938e-06,0.000234557921583621,6.53446479761994,"8111915"
-2.86893,7.97349,-22.3080339474625,1.18378699571614e-06,0.000234557921583621,6.53275350035463,"7920971"
-4.31183,6.36812166666667,-22.2851105571255,1.19050631431156e-06,0.000234557921583621,6.52708792375712,"7981976"
2.57862,10.00549,22.1757909445518,1.22317491081781e-06,0.000236269893921969,6.49996676356379,"8120022"
-4.146225,8.17842,-22.1654099118436,1.22633169785221e-06,0.000236269893921969,6.49738248015227,"8066925"
-2.167245,9.64181,-22.1619150687729,1.22739660994525e-06,0.000236269893921969,6.49651211765148,"8096489"
2.638455,7.55844833333333,22.1164981306781,1.24133514334896e-06,0.000236269893921969,6.48518549841309,"8148124"
-3.559115,8.31789666666667,-22.1052842808721,1.24480534657149e-06,0.000236269893921969,6.48238430233152,"8133372"
2.100085,8.30889,22.0910712454112,1.24922010530967e-06,0.000236269893921969,6.47883132038639,"7958895"
2.99599,5.776265,22.0708926314583,1.25551957821606e-06,0.000236269893921969,6.47378206945466,"7951351"
-2.52818,5.310935,-22.061055174953,1.2586042570809e-06,0.000236269893921969,6.47131833791277,"7923578"
-2.23603,8.13323666666667,-22.0469016955696,1.26305796672705e-06,0.000236269893921969,6.4677712366635,"8155930"
-3.072055,10.835165,-22.0175144984975,1.27236474505955e-06,0.000236303345203064,6.4603970702617,"8059376"
-2.343,9.98288833333333,-21.9967416640844,1.27899215260355e-06,0.000236303345203064,6.45517698053943,"8001800"
2.64633,6.68063666666667,21.9794893425201,1.28452729920877e-06,0.000236303345203064,6.45083682103512,"8066493"
3.04254,7.62237666666667,21.7846426555429,1.34904179414578e-06,0.000246807937470725,6.40151789602437,"8155167"
2.53372,10.4533266666667,21.689491119565,1.38193044283306e-06,0.000251443376803346,6.3772304636041,"8127031"
-3.315575,7.28762,-21.6063612883123,1.4114392368894e-06,0.000255416805819057,6.35590138969324,"8104901"
-2.713975,10.01067,-21.5514208895452,1.43134918630617e-06,0.000257619642467224,6.34174826426064,"7917347"
2.050345,8.41589,21.498384445365,1.45088373317237e-06,0.000259731589588389,6.32804252489657,"8152750"
-3.396035,8.25945333333333,-21.46104744385,1.46482430020449e-06,0.000260824891571705,6.31836835973524,"8074980"
2.278415,9.67220833333333,21.3658560511425,1.50108606935128e-06,0.000264852750228399,6.29360807142047,"8154394"
2.19763,9.91673333333333,21.35684304878,1.50457393192346e-06,0.000264852750228399,6.29125653166473,"7914127"
-3.088845,7.578915,-21.3395109370056,1.51130800202408e-06,0.000264852750228399,6.28673099810966,"7981919"
-3.76608,4.362815,-21.2713706109597,1.53812916575134e-06,0.00026722567112118,6.26889439912596,"7982050"
2.567175,7.08832,21.2576323867552,1.54360446155484e-06,0.00026722567112118,6.26528958756124,"8016438"
2.107055,8.658975,21.2384525675213,1.55128692646538e-06,0.00026722567112118,6.26025206778857,"8098423"
2.23419,9.60924666666667,21.2243846058937,1.55695048195059e-06,0.00026722567112118,6.2565535468157,"7963567"
3.56573,9.705775,21.1668815887641,1.58035507179859e-06,0.000269652860892424,6.24140389467798,"8160138"
-1.990745,8.22353666666667,-21.1500380234304,1.5872889670215e-06,0.000269652860892424,6.2369565883887,"8132369"
-3.07436999999999,9.37752333333333,-21.018644841574,1.64262676778789e-06,0.000277637276583925,6.20211186410244,"8015187"
-3.392235,6.36399,-20.9717608387693,1.66292051366455e-06,0.000278690300560849,6.18961280718506,"8157487"
2.67139,7.57306,20.9656286956159,1.66559659463642e-06,0.000278690300560849,6.18797543776942,"8097282"
-3.337385,8.41921833333333,-20.8384880993042,1.72224089205916e-06,0.000285877311004631,6.15389251093303,"8072678"
3.139305,7.08298,20.8308374642027,1.72572122148935e-06,0.000285877311004631,6.15183335999232,"7928046"
-3.08785,6.09738,-20.7901378542802,1.74437562928383e-06,0.000287537006575562,6.14086337859061,"8154245"
2.739945,7.96824666666667,20.7061756133653,1.78361497880293e-06,0.000290748718410709,6.11814836080976,"8117565"
2.808565,6.92541666666667,20.6850282639019,1.79366141644682e-06,0.000290748718410709,6.11240922464033,"8001197"
2.4957,10.91993,20.6771308128535,1.79743032960347e-06,0.000290748718410709,6.11026409148337,"8158671"
-3.22941,7.19502,-20.6654351215947,1.8030290335784e-06,0.000290748718410709,6.10708540670776,"8121601"
-2.329115,5.08879666666667,-20.6560849149673,1.80751973784475e-06,0.000290748718410709,6.1045425847837,"8056408"
2.99006,5.13165,20.5714934567902,1.84875167471609e-06,0.000295951367851066,6.08147286589771,"8096361"
2.53281,8.07245666666667,20.5528385009736,1.85799306257763e-06,0.000296007631601183,6.07636954927926,"8106923"
-3.04692,6.43818333333333,-20.4694624150183,1.89996720837075e-06,0.000300906039600187,6.05349093393395,"8121277"
2.308395,8.18817166666667,20.4560687374258,1.90681365755592e-06,0.000300906039600187,6.04980497923536,"8091327"
-2.34067,7.03986166666667,-20.4147475413315,1.9281196759466e-06,0.00030283302287733,6.03841460884136,"8054479"
-1.98125,9.76535666666667,-20.3617676889305,1.95584875951313e-06,0.000305542414175749,6.02376895147932,"7931097"
-2.00492,8.609505,-20.3403946991293,1.96716793927077e-06,0.000305542414175749,6.01784738525938,"7990345"
-2.29659,5.52173166666667,-20.3173592702104,1.97945404835108e-06,0.000305542414175749,6.01145666929562,"8037467"
-2.118815,8.69610833333333,-20.3124664254204,1.98207530594233e-06,0.000305542414175749,6.0100981032794,"8122099"
-3.11249,7.00966666666667,-20.2675282115494,2.00634237758703e-06,0.000307857982242006,5.99760158648196,"8134339"
2.066225,9.691915,20.2166488523417,2.03424134202326e-06,0.000309085727161748,5.98341188984071,"8154725"
2.20647,7.329265,20.20352247734,2.04151298557431e-06,0.000309085727161748,5.97974398935262,"8109981"
-2.52789,5.774865,-20.1920352684758,2.04790170669981e-06,0.000309085727161748,5.97653172658986,"8065905"
-2.12584,8.49949333333333,-20.1818547860016,2.05358336890351e-06,0.000309085727161748,5.97368300466636,"7907160"
2.34897,6.94424666666667,20.1690479554166,2.06075716821059e-06,0.000309085727161748,5.97009687499712,"8064790"
2.00942,10.0611283333333,20.1459698308546,2.07375913199091e-06,0.000309641066447989,5.96362757195431,"7962516"
-2.2728,6.85131,-20.0914718196236,2.10484811021271e-06,0.000311698528412384,5.94831456591275,"8094190"
-3.78419,7.211595,-20.0813022434453,2.11071005576997e-06,0.000311698528412384,5.94545147135244,"8094134"
-2.38098,7.41934,-20.0571034720688,2.12473619042206e-06,0.000311698528412384,5.93863153931815,"8107673"
2.21226,6.40966,20.0566789852703,2.12498321018744e-06,0.000311698528412384,5.93851181671241,"7918203"
3.133995,7.855265,19.9816039448345,2.16920824329885e-06,0.000315355116506925,5.91728884022391,"8088415"
-2.53227,6.88017166666667,-19.9695188869672,2.17642815286864e-06,0.000315355116506925,5.91386342948372,"8154135"
-2.91337,6.47301833333333,-19.9663522143255,2.17832467779658e-06,0.000315355116506925,5.91296544440063,"8112731"
-2.23028,9.05220666666667,-19.9276244970131,2.20167694449389e-06,0.000317356005284905,5.90196922917736,"7972750"
2.00573,10.5181883333333,19.8474390395387,2.2509715139554e-06,0.000323062924569711,5.87911874942836,"7946661"
-2.39379,6.46794,-19.8022836544291,2.27930294553474e-06,0.000325132494649655,5.86620135059981,"8047300"
3.2747,5.54630333333333,19.7742798759363,2.29708409576705e-06,0.000325132494649655,5.85817245050136,"8106354"
2.10765,8.93848,19.7563192018142,2.3085743198484e-06,0.000325132494649655,5.85301571891628,"7995631"
2.14685,9.4005,19.7094606051741,2.33887190751059e-06,0.000325132494649655,5.83953522286848,"7936463"
-3.570805,5.87282333333333,-19.7013972604741,2.34413256474202e-06,0.000325132494649655,5.83721160459638,"8083494"
-2.491865,9.0218,-19.6889038828531,2.35231099536967e-06,0.000325132494649655,5.83360910439117,"8100541"
1.98004,9.81707,19.6785045313727,2.35914426797927e-06,0.000325132494649655,5.83060830968771,"8125512"
1.98004,9.81707,19.6785045313727,2.35914426797927e-06,0.000325132494649655,5.83060830968771,"8178867"
1.98004,9.81707,19.6785045313727,2.35914426797927e-06,0.000325132494649655,5.83060830968771,"8180061"
-3.264135,7.66548666666667,-19.6725952040478,2.36303762216465e-06,0.000325132494649655,5.82890228212218,"8151931"
1.94315,11.5188833333333,19.6407428787289,2.38415427686495e-06,0.000326688003937334,5.81969579049366,"8152477"
2.172275,8.30115833333333,19.5826019623701,2.42327494079196e-06,0.000330687646326024,5.80284424844241,"7912537"
-2.493335,8.71012,-19.5191074838528,2.46686447804864e-06,0.000332456515825283,5.78437179849886,"8155707"
-2.04591,10.4984966666667,-19.5059830410989,2.47598931218078e-06,0.000332456515825283,5.78054445205099,"7951662"
2.172145,6.06261166666667,19.4978579961296,2.48165821084555e-06,0.000332456515825283,5.77817347035789,"7967993"
-2.46713,7.86109,-19.4922633201616,2.48557054052341e-06,0.000332456515825283,5.77654018613096,"8063458"
2.0149,11.4882666666667,19.4845297372542,2.49099056345761e-06,0.000332456515825283,5.77428154745378,"7895123"
2.72333,7.97899166666667,19.4771939429157,2.49614466637597e-06,0.000332456515825283,5.77213808541697,"7984475"
2.82382,6.84333833333333,19.4334248454456,2.52715899350579e-06,0.000334909813098811,5.75932882703789,"8016463"
-3.799125,7.45177666666667,-19.4121794875369,2.54237671618176e-06,0.000334909813098811,5.75309871617448,"8138353"
2.557815,7.256645,19.4088946053712,2.54473924719942e-06,0.000334909813098811,5.75213470509078,"8066921"
-1.90699,8.20675666666667,-19.3322675100548,2.60059109142869e-06,0.000340912919572052,5.72959112205981,"8036252"
-1.88028,7.023145,-19.2885399231936,2.63310988441978e-06,0.00034199323525422,5.71667829309865,"7975167"
-2.025055,6.41078333333333,-19.2866668699561,2.63451347436785e-06,0.00034199323525422,5.71612439155142,"7979400"
-2.58133,7.04131666666667,-19.2798288987057,2.63964505692208e-06,0.00034199323525422,5.71410170957965,"7921882"
-1.91738,8.98576,-19.250346902737,2.66190515243828e-06,0.000343540526592005,5.70537101219307,"7938100"
-3.49427,6.64763833333333,-19.160683647755,2.73097564759013e-06,0.000350200638131335,5.67871948617341,"8150901"
2.292365,5.310285,19.1561220665906,2.73454563216347e-06,0.000350200638131335,5.67735960386505,"7947338"
-3.40798,7.84238,-19.1330187740197,2.75271135157563e-06,0.000351176359668251,5.67046616714499,"7902565"
2.85584,9.42313666666667,19.1163679649328,2.76589173706302e-06,0.000351511057896899,5.66549180101925,"8140668"
1.822165,7.83212333333333,19.0596858917417,2.81132038039104e-06,0.000353349090625844,5.64851927718894,"8003233"
1.95942,6.78688833333333,19.0594151417596,2.81153947583759e-06,0.000353349090625844,5.64843806061444,"8122279"
-2.270515,4.81489166666667,-19.0586107050673,2.81219055818388e-06,0.000353349090625844,5.64819674648169,"8100827"
2.38318,7.25442833333333,19.0114432174979,2.85067852539605e-06,0.000356838506992904,5.63402615548997,"7904361"
2.1732,9.62605333333333,18.976706805579,2.8794198308624e-06,0.000359086300030807,5.6235633538601,"7909332"
-2.81118,7.15871666666667,-18.9610105791226,2.8925189166597e-06,0.000359373889432903,5.61882805611225,"8057898"
-1.78981,8.85017333333333,-18.9244041016819,2.92334200009563e-06,0.000361853228911466,5.60776626766068,"8082133"
2.203215,7.162005,18.9111195867775,2.93462324908573e-06,0.00036190426046225,5.60374562179216,"8083075"
-1.81205,10.9036233333333,-18.8849473967843,2.9569990849968e-06,0.000362180471342474,5.5958145721974,"7916493"
-2.02947,7.19908166666667,-18.8830633999382,2.9586175392724e-06,0.000362180471342474,5.59524315252911,"8053278"
-1.870355,10.4607316666667,-18.834137749457,3.00101485024814e-06,0.000365870019911935,5.58038007865343,"7942123"
-2.47,7.75927166666667,-18.8230375097288,3.0107332629327e-06,0.000365870019911935,5.57700154678796,"7965403"
-2.274125,7.96432166666667,-18.7625047974523,3.06438717641312e-06,0.000369440799135482,5.55853564835106,"8162759"
2.198365,7.273525,18.7541615298378,3.07187028427492e-06,0.000369440799135482,5.55598492383109,"7958913"
-2.055195,3.86807,-18.7524555301458,3.07340305014051e-06,0.000369440799135482,5.55546319522015,"7976850"
2.26456,9.53398,18.7247905966216,3.0983849260805e-06,0.000371104039150008,5.54699482479215,"8113800"
3.192825,7.29512333333333,18.7038889339523,3.11741810866925e-06,0.000372045414926022,5.54058685894904,"8138487"
-3.436,7.27052666666667,-18.624414408091,3.19105618049375e-06,0.000378373779525022,5.51614396105146,"8094169"
3.124825,7.55546333333333,18.6221634042044,3.19317151835094e-06,0.000378373779525022,5.51544984923037,"7902541"
-2.13825,9.22653166666667,-18.5773235335087,3.2356549370527e-06,0.000379107060419573,5.50160242185694,"8073015"
-2.926205,8.19414666666667,-18.5500146562416,3.26185473919464e-06,0.000379107060419573,5.49314949038675,"7945663"
-3.01888,7.56535833333333,-18.5399780948834,3.27154640655174e-06,0.000379107060419573,5.49003916449527,"7977933"
1.78618,8.26123666666667,18.5366165940039,3.27479997012434e-06,0.000379107060419573,5.48899699125898,"8060854"
2.63869,8.51612,18.5184949822596,3.29240546766638e-06,0.000379107060419573,5.483374853743,"8160088"
-3.51058,4.42935,-18.5088405562638,3.30183042080896e-06,0.000379107060419573,5.48037695871545,"7982028"
-3.51058,4.42935,-18.5088405562638,3.30183042080896e-06,0.000379107060419573,5.48037695871545,"7982064"
-3.51058,4.42935,-18.5088405562638,3.30183042080896e-06,0.000379107060419573,5.48037695871545,"7982078"
-3.51058,4.42935,-18.5088405562638,3.30183042080896e-06,0.000379107060419573,5.48037695871545,"7982092"
2.494875,6.745095,18.4935208203875,3.31685130554518e-06,0.000379523016909752,5.47561607156295,"8083779"
1.90612,8.17857666666667,18.445743154037,3.36421633930825e-06,0.000383624354280639,5.46073828968764,"8125859"
2.20299,11.0347533333333,18.4058002202843,3.40442637825728e-06,0.000383697546864278,5.44826522678115,"8148333"
-2.289315,6.300435,-18.4031473253146,3.4071169941048e-06,0.000383697546864278,5.44743567006453,"8077366"
2.085695,6.58507333333333,18.3821519985309,3.42849939036627e-06,0.000383697546864278,5.44086547669711,"7903478"
-1.7598,12.9172,-18.3763895385651,3.43439569297871e-06,0.000383697546864278,5.43906064669791,"8167185"
-2.271075,7.69088333333333,-18.3542677131056,3.45714250326002e-06,0.000383697546864278,5.43212577889247,"8122933"
2.242235,5.34617333333333,18.3358652297426,3.47620013229626e-06,0.000383697546864278,5.42634935566782,"7957452"
-1.861825,8.36643833333333,-18.3346120647189,3.47750240328614e-06,0.000383697546864278,5.42595574654209,"8092839"
2.40071,9.00893,18.3282480755583,3.48412464046771e-06,0.000383697546864278,5.4239563788165,"8160260"
-1.98591,4.88367,-18.3121006378763,3.50099407326677e-06,0.000383697546864278,5.41887968156622,"7908312"
-2.271015,8.054105,-18.3109518309832,3.50219790619052e-06,0.000383697546864278,5.41851829976485,"7957298"
-2.16772,6.43216666666667,-18.3026486883825,3.51091326136732e-06,0.000383697546864278,5.41590557402778,"8109843"
1.768115,9.279655,18.2881556966766,3.52618702407031e-06,0.000383697546864278,5.41134175927698,"8118571"
1.768115,9.279655,18.2881556966766,3.52618702407031e-06,0.000383697546864278,5.41134175927698,"8178211"
1.768115,9.279655,18.2881556966766,3.52618702407031e-06,0.000383697546864278,5.41134175927698,"8179495"
-4.099485,5.06025333333333,-18.2752692587024,3.5398334224723e-06,0.000383744120483217,5.40728026642992,"7981990"
-1.84122,8.24106,-18.2660215705091,3.54966480790554e-06,0.000383744120483217,5.40436354061121,"8064978"
2.43546,3.59889166666667,18.2403727698595,3.57710119693304e-06,0.000385458700822911,5.39626479125998,"7919778"
-3.316405,5.99481666666667,-18.2117642190412,3.60799867923773e-06,0.000387533974266383,5.38721566336039,"8097773"
-1.83206,8.72362833333333,-18.2006160712613,3.62012377654686e-06,0.000387586049478074,5.3836848821665,"8045835"
-1.80165,10.739425,-18.1536232499884,3.67176494525741e-06,0.00039129892125394,5.3687735809768,"8127563"
2.447855,7.99671333333333,18.1398071466752,3.68711232463142e-06,0.00039129892125394,5.36438096373752,"8158684"
2.069075,5.63154333333333,18.1371631173959,3.69005800143368e-06,0.00039129892125394,5.36353988752815,"7901497"
2.403725,8.96078333333333,18.1012266967758,3.7303702935291e-06,0.00039431790369409,5.35209407837904,"8095009"
-1.943705,8.72278666666667,-18.0831425225391,3.7508525229334e-06,0.000395228279924409,5.3463241503501,"8050702"
-2.318135,6.53366,-18.0543109699637,3.78378175974139e-06,0.000397440319413593,5.33711116142234,"8033780"
-2.2987,6.76692,-17.9826621214267,3.86709848244071e-06,0.000402134297801055,5.31414125667944,"7974902"
-1.89238,8.60797,-17.9776131764647,3.8730506661371e-06,0.000402134297801055,5.31251857525184,"8174092"
-2.315285,5.72643833333333,-17.9677689543363,3.88468702894513e-06,0.000402134297801055,5.30935320471093,"7919584"
2.05767,10.7739933333333,17.9483018825809,3.90781947348752e-06,0.000402134297801055,5.3030876678594,"7904726"
2.128775,8.97298333333333,17.9344047424858,3.92443247780696e-06,0.000402134297801055,5.29860996658779,"8098084"
-2.44569,7.54722,-17.9299547299172,3.9297697032887e-06,0.000402134297801055,5.29717530128485,"8086185"
1.8205,8.88174,17.9273038211063,3.9329531933644e-06,0.000402134297801055,5.29632046159504,"8153390"
1.927595,9.718045,17.9263167371112,3.93413936325968e-06,0.000402134297801055,5.29600211844471,"7895585"
-3.594245,7.15488,-17.9172005878598,3.94511408571424e-06,0.000402134297801055,5.29306111247128,"8149749"
4.656685,5.85031833333333,17.8973943157964,3.96908286192462e-06,0.000402134297801055,5.28666528170941,"7922301"
1.88135,10.6619066666667,17.8962795175651,3.97043703548614e-06,0.000402134297801055,5.2863050458519,"8066214"
-1.850675,9.200965,-17.8906590701644,3.9772726239965e-06,0.000402134297801055,5.28448845536725,"7930380"
2.50902,6.56873333333333,17.8839308484648,3.98547371457933e-06,0.000402134297801055,5.28231294318842,"8152335"
-1.86036,8.96308833333333,-17.8710697606008,4.00120567429222e-06,0.000402501949658333,5.27815176075656,"8022996"
-2.964135,6.22492333333333,-17.8511231775432,4.02574961604261e-06,0.000403751159534249,5.27169115745701,"8173825"
1.7397,9.16791666666667,17.8346283538462,4.04618018777504e-06,0.00040458156670374,5.26634219452859,"8090018"
3.25163,8.26118166666667,17.7957126610425,4.09486697883304e-06,0.000404871124697724,5.25369966053216,"8163202"
-1.91452,10.2373766666667,-17.7792075143358,4.11572436581092e-06,0.000404871124697724,5.2483278976908,"8012896"
-3.466835,4.39196,-17.7758517814618,4.11998025538773e-06,0.000404871124697724,5.24723503033259,"7982016"
-3.466835,4.39196,-17.7758517814618,4.11998025538773e-06,0.000404871124697724,5.24723503033259,"7982024"
-3.466835,4.39196,-17.7758517814618,4.11998025538773e-06,0.000404871124697724,5.24723503033259,"7982030"
1.71038,9.45052,17.7691163141648,4.12853811890422e-06,0.000404871124697724,5.24504075326031,"7939298"
1.76488,6.65880833333333,17.7635401646941,4.13563882733618e-06,0.000404871124697724,5.24322342474933,"7948588"
-2.36717,6.43871,-17.755149141685,4.14635112838766e-06,0.000404871124697724,5.24048744504596,"7976795"
3.839625,8.20153833333333,17.7040079221067,4.21235070979537e-06,0.000407732449557103,5.22377970290953,"7937335"
2.58939,4.136915,17.6974854430342,4.22085681712096e-06,0.000407732449557103,5.22164478236543,"7998615"
2.218085,5.76456833333333,17.6968319305102,4.22171019096967e-06,0.000407732449557103,5.22143082592387,"8059301"
-3.54196,4.786215,-17.6945927549738,4.22463570583537e-06,0.000407732449557103,5.22069766233519,"8091678"
2.219755,9.51070833333333,17.6663057718922,4.26179932231219e-06,0.000410130439407599,5.21142647422251,"7929816"
-2.05641,10.7057133333333,-17.6429033108046,4.29283677010554e-06,0.000411926760617303,5.20374315385919,"8099897"
-1.80243,10.3981533333333,-17.6274523933928,4.31347435623773e-06,0.000412717688619678,5.19866393019415,"8156228"
-1.982435,8.60088666666667,-17.5844703904845,4.3715020850145e-06,0.000417009676075971,5.18450708866728,"8089261"
-1.956415,7.28371166666667,-17.5550161323766,4.41179756621863e-06,0.000417009676075971,5.17478262114106,"8071861"
1.788835,8.44758,17.5429005482353,4.42849933687301e-06,0.000417009676075971,5.17077710583085,"8020183"
-3.233985,5.94880833333333,-17.5420877582509,4.42962245873348e-06,0.000417009676075971,5.17050827570666,"8140840"
2.152585,8.352475,17.5357036965228,4.43845569193924e-06,0.000417009676075971,5.16839624615005,"7917779"
-1.96676,9.38402,-17.5313495080445,4.44449220853291e-06,0.000417009676075971,5.16695524501894,"7958253"
1.8911,9.05738666666667,17.5302635963117,4.44599918932545e-06,0.000417009676075971,5.16659580225559,"8176375"
2.64809,8.38343,17.5146650535371,4.4677126757882e-06,0.000417869182487976,5.16142974844839,"8180256"
2.790995,8.42688,17.4614947558848,4.54267052810983e-06,0.000422694090304891,5.14378023081109,"8147994"
-1.7773,11.0910166666667,-17.4600778216579,4.54468824005619e-06,0.000422694090304891,5.14330903800515,"7947425"
-2.129605,6.53622166666667,-17.4382853578394,4.57585394305918e-06,0.000424407266690924,5.13605650702062,"8045664"
-1.795555,8.30357166666667,-17.4246325491118,4.59550719089783e-06,0.000424902577283952,5.13150750684041,"7946142"
2.289645,10.4268516666667,17.4168765404971,4.60671623267882e-06,0.000424902577283952,5.12892143341534,"7969574"
1.747825,7.71431833333333,17.3861532177416,4.65143519929909e-06,0.000427213376689974,5.11866430257074,"7929072"
-2.250855,8.54503,-17.382060855687,4.65743027114937e-06,0.000427213376689974,5.11729646611966,"8037374"
1.85086,9.12545,17.3597380305065,4.69029247127686e-06,0.000429045792351938,5.10982869789262,"8148448"
-2.97316,6.12660666666667,-17.3303237658753,4.73401191024455e-06,0.000431858615275104,5.0999716370161,"7913593"
1.65719,8.456515,17.2848243239953,4.80258788231016e-06,0.000436917400866889,5.08468613838652,"8034210"
-2.528795,6.59991333333333,-17.2428435141844,4.86689985626178e-06,0.000440756776436828,5.07054149538775,"8122265"
-2.958,3.92904666666667,-17.2307012799005,4.88568962569947e-06,0.000440756776436828,5.06644299566418,"7982046"
-2.08493,9.313595,-17.2306846586429,4.88571540508972e-06,0.000440756776436828,5.06643738303051,"8020903"
-3.965585,8.23812833333333,-17.2096432374295,4.91847919814064e-06,0.000440756776436828,5.05932715092997,"8012257"
-1.688135,10.2086216666667,-17.1943967486569,4.94238128365429e-06,0.000440756776436828,5.05416886009528,"8154733"
-3.491875,6.59066833333333,-17.1862013718402,4.95528574992819e-06,0.000440756776436828,5.05139397042835,"7968351"
-1.99414,3.04838833333333,-17.1807291480264,4.96392441252397e-06,0.000440756776436828,5.04954027053384,"7982040"
-1.99414,3.04838833333333,-17.1807291480264,4.96392441252397e-06,0.000440756776436828,5.04954027053384,"7982042"
-1.99414,3.04838833333333,-17.1807291480264,4.96392441252397e-06,0.000440756776436828,5.04954027053384,"7982044"
-1.89896,5.92407666666667,-17.1241390092035,5.05430723369047e-06,0.000446151972637871,5.03033059517574,"7954293"
-2.382015,6.41389333333333,-17.1221048125565,5.05759204207062e-06,0.000446151972637871,5.02963872277074,"8171172"
-2.288125,6.71858666666667,-17.1175945864283,5.06488409337524e-06,0.000446151972637871,5.0281043643868,"8161884"
1.66776,7.94518,17.0636452900214,5.15307470294016e-06,0.000451738734197586,5.00971496688424,"8048171"
-3.809635,6.72387833333333,-17.0622127427431,5.15544100054307e-06,0.000451738734197586,5.00922575260323,"7925452"
-2.149265,8.85043666666667,-17.043392780192,5.18664709516965e-06,0.000453280284325102,5.00279436108599,"7965410"
-2.3208,6.05894833333333,-17.0256226960938,5.21631658973496e-06,0.00045465375549641,4.99671426120037,"8150076"
-1.947265,9.79404,-17.0107267264696,5.24134136343916e-06,0.00045465375549641,4.99161193791373,"7955694"
-1.80402,7.63632666666667,-17.0095486671776,5.24332648919186e-06,0.00045465375549641,4.99120819805989,"7954481"
2.341295,7.15923833333333,16.9697679014167,5.31088271322493e-06,0.00045931548494091,4.9775558380902,"8122634"
2.090015,5.41279833333333,16.9162256383098,5.40343308786053e-06,0.000466109097218891,4.95912266471225,"8069505"
-2.16172,8.38118166666667,-16.9041276934687,5.42460707854343e-06,0.00046672646484305,4.95494841205917,"7945262"
-3.3743,8.20152333333333,-16.8873844165553,5.45407270518322e-06,0.000468052213568262,4.94916569957489,"7981978"
-2.03845,7.48208,-16.8728869868623,5.4797382356859e-06,0.000469045871551757,4.94415334632849,"8149877"
1.73698,8.076895,16.8573768500538,5.50735414451773e-06,0.000470200951153863,4.93878540278229,"8126147"
-3.527495,6.38264666666667,-16.8291133509254,5.55809984522273e-06,0.000473319822369261,4.92898908143644,"8139087"
-2.431135,6.36267,-16.7887385184859,5.63154859670897e-06,0.000476989972710013,4.91496223794851,"8085716"
1.77599,6.36685666666667,16.7785478042606,5.65026741273871e-06,0.000476989972710013,4.91141573731174,"8145532"
1.66446,8.53838333333333,16.7772244741296,5.65270353976323e-06,0.000476989972710013,4.9109550209162,"8100382"
2.58897,7.04723666666667,16.7690596690346,5.66776155256807e-06,0.000476989972710013,4.90811153249524,"8020495"
-1.887965,8.617155,-16.7663202869692,5.67282425423206e-06,0.000476989972710013,4.90715715682343,"8119088"
-1.9526,7.84966666666667,-16.7462392901561,5.71009924465068e-06,0.000478914797352981,4.90015568461477,"8147516"
1.76885,6.472585,16.7357742071826,5.72963908522605e-06,0.000479346212615005,4.89650311534999,"7996264"
-4.500805,5.88264666666667,-16.7206257543194,5.75806303298389e-06,0.000480516854158558,4.89121131972366,"8136248"
-2.25629,6.59661333333333,-16.709067538972,5.77986204981349e-06,0.000481024438130178,4.88717002141146,"8171229"
1.768135,8.88041333333333,16.7021060563302,5.79303840256484e-06,0.000481024438130178,4.88473442042714,"8022283"
1.94349,5.88152166666667,16.6596085183259,5.87424658258794e-06,0.000484781426118532,4.86984076235824,"7936439"
-3.808445,6.68764833333333,-16.6570514789112,5.87917538815122e-06,0.000484781426118532,4.86894324447518,"8165808"
-1.730705,9.968495,-16.6429935882465,5.9063596746852e-06,0.000484781426118532,4.86400613814471,"8101158"
-1.87693,9.729325,-16.6322313386527,5.92727105201034e-06,0.000484781426118532,4.86022324644571,"8152617"
-2.196825,8.632725,-16.6129320704557,5.96498872998788e-06,0.000484781426118532,4.85343264364708,"8129573"
-1.92858,6.06879333333333,-16.6127171979792,5.96541025482099e-06,0.000484781426118532,4.85335698853561,"8131631"
1.96881,9.063635,16.612446499496,5.96594134589688e-06,0.000484781426118532,4.85326167588941,"8116848"
1.602725,9.68851166666667,16.6115297037009,5.96774044709178e-06,0.000484781426118532,4.85293885994899,"8001507"
-2.005635,6.24743166666667,-16.5953356925453,5.99962472438035e-06,0.000484781426118532,4.84723339220829,"8112342"
2.0037,9.05554666666667,16.5950982976175,6.00009361837371e-06,0.000484781426118532,4.84714970624399,"8082100"
2.30168,6.31844666666667,16.5929672963205,6.0043046276866e-06,0.000484781426118532,4.8463984291663,"8123864"
-1.70818,8.03244833333333,-16.5819794917096,6.0260725831038e-06,0.000484781426118532,4.84252297535824,"8127778"
2.193485,7.27307,16.5753955549395,6.03916052394881e-06,0.000484781426118532,4.8401993890456,"7920057"
2.39341,6.85525166666667,16.5738543055735,6.042229140998e-06,0.000484781426118532,4.83965530370288,"7944955"
1.83765,7.20422,16.563840631606,6.0622110454501e-06,0.000484781426118532,4.83611891795498,"8091260"
1.67001,7.42991833333333,16.5532912615138,6.08334607945517e-06,0.000484781426118532,4.83239071969169,"8102831"
4.447245,5.787635,16.5520728888606,6.08579259745761e-06,0.000484781426118532,4.83195996706479,"8123920"
-1.74131,10.0169416666667,-16.5309258423666,6.12844132353126e-06,0.000487013629474035,4.82447773936104,"8043945"
1.955275,7.80032166666667,16.4757482406884,6.24138842275712e-06,0.000493895542863464,4.80490358243267,"8126681"
-3.186035,6.01929666666667,-16.4676762920681,6.25811608586276e-06,0.000493895542863464,4.80203383842152,"8147030"
2.581265,5.47653333333333,16.4669901266241,6.25954047176568e-06,0.000493895542863464,4.80178981891801,"8111993"
1.62075,12.2009666666667,16.4420636093887,6.31154412456516e-06,0.00049682147686914,4.79291743290623,"7893244"
3.41903,8.06399166666667,16.3887239524256,6.42454324559399e-06,0.000503904211824727,4.77388032182648,"7902553"
-2.574995,8.153105,-16.3853412554551,6.43178935115803e-06,0.000503904211824727,4.77267066036502,"8058857"
1.938215,8.01960166666667,16.3674194238544,6.47034069611702e-06,0.000505612109105639,4.76625704660327,"8113761"
1.73143,7.66513666666667,16.3611186983696,6.48395863255272e-06,0.000505612109105639,4.76400034316864,"7963333"
-3.60528,5.98709333333333,-16.349543173702,6.5090651384792e-06,0.000506021647241036,4.75985182450033,"7981964"
-1.64053,8.69575,-16.344699360246,6.51960496940879e-06,0.000506021647241036,4.75811487822446,"8103630"
2.96215,3.25401,16.3180558734841,6.57793981893534e-06,0.000509362005002535,4.7485503553024,"8113037"
2.670095,7.17508333333333,16.2906642982869,6.63855393989209e-06,0.000512862947880712,4.73869886384843,"8160332"
-1.7709,11.2131,-16.2382859714873,6.75630047623691e-06,0.000520751242956621,4.71980858950536,"8004237"
-2.040505,9.2084,-16.1948210326351,6.85587867143239e-06,0.000526956203587591,4.70408065773927,"8051573"
-1.68137,9.742475,-16.1893838514562,6.86845638817355e-06,0.000526956203587591,4.70210984678437,"8011407"
2.93103,6.63803333333333,16.1768612662173,6.89752803969527e-06,0.000527970094569502,4.69756795565923,"8138566"
-1.653155,6.46359333333333,-16.1509565003361,6.95812773793793e-06,0.000530281253871749,4.68815981506162,"8167973"
-2.13195,8.40104333333333,-16.1451546189924,6.97178596363503e-06,0.000530281253871749,4.68605034734488,"7951077"
-2.09454,7.690405,-16.1435796818363,6.97549896975181e-06,0.000530281253871749,4.68547757902877,"8103415"
-2.469135,6.35817666666667,-16.1118369944125,7.05083255613199e-06,0.000534787179092316,4.67392006610562,"8086517"
-1.690665,8.25548166666667,-16.0723429376205,7.14590270189354e-06,0.00054042236044384,4.65950445760927,"8123678"
1.79127,6.50098666666667,16.0675306605955,7.15758960133746e-06,0.00054042236044384,4.65774522028786,"8044391"
-2.215715,5.33236833333333,-16.0582624924742,7.18016132039936e-06,0.000540900071233795,4.65435536108311,"8102328"
1.55675,9.736845,16.0469234049173,7.20789056978401e-06,0.000541601467783475,4.65020506490506,"8082075"
-1.95306,8.34760333333333,-16.0356754899493,7.2355214231918e-06,0.000541601467783475,4.64608488227814,"7980908"
1.662605,7.24918,16.034559649604,7.2382693084556e-06,0.000541601467783475,4.64567596585209,"8016468"
-1.885015,10.3621283333333,-15.995814980155,7.33444846215939e-06,0.000546523045722428,4.63145754608071,"8081431"
1.696355,10.013155,15.9882969666779,7.35328481495774e-06,0.000546523045722428,4.62869412547079,"8125649"
1.696355,10.013155,15.9882969666779,7.35328481495774e-06,0.000546523045722428,4.62869412547079,"8178917"
1.758995,7.57236333333333,15.9764407462128,7.38310631249241e-06,0.000547517351641558,4.62433313137176,"8124502"
-3.28916,5.10515833333333,-15.9411612693305,7.47268872560452e-06,0.000552173463221131,4.6113350119362,"8041508"
-2.078865,6.96688,-15.9301059977036,7.50102323884964e-06,0.000552173463221131,4.60725524734358,"7950042"
1.94502,7.08775833333333,15.9277805386108,7.5069994388901e-06,0.000552173463221131,4.60639667122741,"7951437"
1.656455,7.65868833333333,15.9179923415583,7.53221562940602e-06,0.000552173463221131,4.60278125806582,"8082368"
1.905395,8.03026833333333,15.9117689045636,7.54830016853293e-06,0.000552173463221131,4.60048124513127,"8125687"
-1.662345,4.62069,-15.9064898867186,7.56197553019298e-06,0.000552173463221131,4.59852947355311,"8105899"
-1.662345,4.62069,-15.9064898867186,7.56197553019298e-06,0.000552173463221131,4.59852947355311,"8177498"
-1.81088,7.56597,-15.8600002905396,7.68367452745687e-06,0.000559832189804664,4.5813098350459,"8075635"
1.49397,8.609535,15.849493973822,7.71149596020444e-06,0.000560632491237832,4.57741049142981,"7898809"
-1.690995,6.78946333333333,-15.8316350748447,7.75905995431796e-06,0.000562094258034201,4.57077564907403,"8049487"
-2.130665,6.644635,-15.8089479556456,7.81998168773026e-06,0.000562094258034201,4.56233497011869,"7924450"
-3.4204,4.40098,-15.8073336387612,7.8243380188703e-06,0.000562094258034201,4.56173385197229,"7982058"
1.753815,8.596775,15.8040199121496,7.83328925781661e-06,0.000562094258034201,4.56049971487223,"8082911"
1.866525,7.34093833333333,15.8039015869284,7.83360910777369e-06,0.000562094258034201,4.56045564145061,"7996198"
-1.736275,6.23728166666667,-15.7986500871548,7.84782014670442e-06,0.000562094258034201,4.55849920709985,"8172708"
-2.16893,8.25294666666667,-15.7979299933213,7.84977115013075e-06,0.000562094258034201,4.55823088110277,"8094301"
2.18238,7.41769166666667,15.7895566019064,7.87249974499547e-06,0.000562512068689086,4.5551097301137,"7993588"
-3.50384,3.67078166666667,-15.7721759604419,7.91992508063666e-06,0.000564688962333959,4.54862525155087,"7976814"
1.95439,8.26060833333333,15.7216595639261,8.05968566617428e-06,0.000571550579187472,4.52973287716115,"8178955"
1.95439,8.26060833333333,15.7216595639261,8.05968566617428e-06,0.000571550579187472,4.52973287716115,"8180144"
1.81059,7.66739833333333,15.7188094773463,8.06765691257806e-06,0.000571550579187472,4.52866496888841,"8021470"
1.676565,9.09474,15.7032962209738,8.1112080460374e-06,0.00057341591148388,4.52284846540426,"8161147"
-1.51116,9.97653666666667,-15.6944741083213,8.13609815075689e-06,0.000573956907046085,4.51953786378314,"8055688"
1.537975,9.04082166666667,15.6861572936027,8.15964495951223e-06,0.00057440105331264,4.51641498017084,"8064302"
1.63616,7.256025,15.6750765441018,8.19114177760845e-06,0.000575401788542254,4.51225139616519,"8096335"
1.60325,11.7945333333333,15.6579715378234,8.24004368865823e-06,0.000577618388844743,4.50581775638453,"8001496"
-1.62189,8.13561333333333,-15.6441934585945,8.27968404188247e-06,0.000579177814165043,4.50062976313138,"8034940"
2.649965,5.186325,15.6198319014539,8.35032406583653e-06,0.00058221348737481,4.49144420332223,"8046160"
1.61535,9.62958666666667,15.6118508620448,8.37362031134622e-06,0.00058221348737481,4.48843147139594,"8119974"
-1.46631,8.92506666666667,-15.6111953376285,8.3755371490685e-06,0.00058221348737481,4.48818394380612,"8135587"
-3.14761,5.40827,-15.5885736916319,8.44200312236023e-06,0.000585611204094226,4.47963486092361,"7926786"
-1.666515,10.412605,-15.5798058423305,8.46793116762502e-06,0.000586188573988379,4.47631763713327,"7963786"
-2.37528,5.31326333333333,-15.565620243246,8.5100790979987e-06,0.00058691498546739,4.47094626425855,"8113234"
1.79286,10.96183,15.5644127868354,8.51367804849535e-06,0.00058691498546739,4.47048880983872,"8106986"
-2.00872,6.27286666666667,-15.5543856300275,8.54363431237676e-06,0.00058698857525328,4.46668841685801,"8005097"
-2.080835,7.46279833333333,-15.5522591005692,8.55000327350334e-06,0.00058698857525328,4.46588209075961,"7951133"
-3.67748,9.00779166666667,-15.5317304113855,8.61177482357256e-06,0.000588821175950207,4.45809182386131,"7982377"
-2.53303,6.33935166666667,-15.5316345407096,8.61206453097128e-06,0.000588821175950207,4.45805541582904,"8106494"
-1.621845,8.7173,-15.5214044279123,8.64304444885702e-06,0.000589728383224574,4.45416897283022,"7989501"
2.01062,9.38712833333333,15.4785120267995,8.77437119510107e-06,0.000595031033978168,4.43784302212284,"8125500"
2.01062,9.38712833333333,15.4785120267995,8.77437119510107e-06,0.000595031033978168,4.43784302212284,"8178855"
2.01062,9.38712833333333,15.4785120267995,8.77437119510107e-06,0.000595031033978168,4.43784302212284,"8180049"
-1.46195,9.03644166666667,-15.4693965183205,8.80258241320344e-06,0.000595730867098445,4.43436695364535,"8121685"
1.6358,7.294195,15.4460647479993,8.87527838946581e-06,0.000599432341854043,4.42545935336545,"7946245"
1.773425,8.438295,15.4041813871969,9.00755603213489e-06,0.000606163908838855,4.40943162917969,"8125483"
1.65929,8.49389,15.4015327437688,9.01599875768774e-06,0.000606163908838855,4.40841643543152,"7893497"
-1.69187,7.56352,-15.3956109814189,9.03490845851203e-06,0.000606163908838855,4.40614599391235,"7972217"
-1.558115,9.51730666666667,-15.3872810002305,9.06158724334623e-06,0.000606163908838855,4.40295058757104,"8061447"
-1.54851,9.087965,-15.3852606522424,9.0680718538e-06,0.000606163908838855,4.4021752871211,"7946228"
-2.037995,5.84410833333333,-15.377847247654,9.0919130973035e-06,0.000606163908838855,4.39932945639187,"8128553"
1.90335,4.362875,15.3745997267139,9.10238022703029e-06,0.000606163908838855,4.39808233124461,"8008609"
1.68007,5.45079166666667,15.3486725606129,9.1864566957358e-06,0.000610361558356518,4.38811521162073,"7939314"
1.42645,13.2268,15.3400720406689,9.21454794567168e-06,0.000610361558356518,4.38480481672771,"7892652"
-1.68022,7.83173,-15.3365023855226,9.22623691265966e-06,0.000610361558356518,4.38343023052167,"7927631"
1.48932,9.25471166666667,15.3326909106451,9.23873698566492e-06,0.000610361558356518,4.38196213463198,"8026292"
-2.28832,8.17065166666667,-15.3220916844516,9.27360295763123e-06,0.000611451797386628,4.377877423349,"7936100"
-2.308615,7.53258166666667,-15.3058638458403,9.32728449791385e-06,0.000613775873373592,4.37161750743677,"8107563"
1.484985,8.84433333333333,15.2834756140174,9.40194573674166e-06,0.000617468613799383,4.3629691526148,"7908161"
-1.705395,10.523635,-15.2741307492375,9.43331719035124e-06,0.000618309374974656,4.35935517960598,"7923378"
-1.67835,7.09477833333333,-15.2346873505881,9.56709580094637e-06,0.000625845950656407,4.34407413192122,"8022176"
-1.468155,6.868765,-15.2253034192314,9.59925072531566e-06,0.000626718140001638,4.34043220248526,"8013660"
-1.43865,11.1870666666667,-15.2121016102144,9.64470343513734e-06,0.000628453405635554,4.33530434735428,"8095854"
2.259085,10.0325883333333,15.1832088515501,9.74506496663526e-06,0.000631631845652036,4.32406465028791,"7913237"
-1.73429,6.4847,-15.1801831654793,9.7556458366159e-06,0.000631631845652036,4.32288625061406,"8104035"
2.16143,8.81616333333333,15.1799361373133,9.75651029432299e-06,0.000631631845652036,4.32279003028384,"8120222"
1.85879,9.30481833333333,15.1762501126099,9.76941998682931e-06,0.000631631845652036,4.32135407585877,"7983393"
1.681155,7.61414666666667,15.1689270573824,9.79512743427264e-06,0.000631631845652036,4.31850011228132,"8131996"
-1.92755,6.70241,-15.1654674801587,9.80729988293548e-06,0.000631631845652036,4.3171513068579,"8118594"
-2.60263,6.79303333333333,-15.1312064130594,9.9288122722165e-06,0.000638223286154426,4.30377540925916,"8179519"
-2.28709,4.99397,-15.125193543367,9.95032009488642e-06,0.000638373426203147,4.30142447694718,"8168855"
1.41275,11.3366666666667,15.0988314065469,1.00452656866983e-05,0.000643225406865369,4.29110515688872,"8127051"
-1.459735,9.16848333333333,-15.083432976238,1.01012174237271e-05,0.000644226612892193,4.28506834180881,"8078350"
1.858605,9.532405,15.0724509443556,1.01413457163342e-05,0.000644226612892193,4.28075879117663,"7893769"
1.710265,10.0194833333333,15.0698709629659,1.01508001349505e-05,0.000644226612892193,4.27974585806198,"8180123"
-1.96389,8.296535,-15.0649404836494,1.01688968735624e-05,0.000644226612892193,4.2778095591966,"7963280"
1.5629,9.81966666666667,15.0592635696307,1.01897803283793e-05,0.000644226612892193,4.2755792568426,"8040365"
-1.59489,9.01070833333333,-15.0541713671233,1.02085557527088e-05,0.000644226612892193,4.27357788460384,"8015210"
-1.59489,9.01070833333333,-15.0541713671233,1.02085557527088e-05,0.000644226612892193,4.27357788460384,"8019576"
-1.51756,8.42077,-15.0451202438596,1.024202861547e-05,0.000644226612892193,4.2700187120499,"8118890"
-2.3672,6.09439166666667,-15.0371334951727,1.02716724564737e-05,0.000644226612892193,4.26687612772622,"7904761"
-1.7131,7.43613,-15.0368880948158,1.02725848880096e-05,0.000644226612892193,4.2667795398168,"7919645"
2.163005,6.99207333333333,15.0365806060308,1.02737283072275e-05,0.000644226612892193,4.26665851187903,"8169158"
-2.871315,5.95680833333333,-15.0244585562003,1.03189245214644e-05,0.000645844416900754,4.26188509046525,"7978312"
1.704395,6.93124,15.003080909895,1.03992006988674e-05,0.000649647627899037,4.25345667813912,"7967117"
2.15614,10.31427,14.9976937390696,1.0419546030104e-05,0.000649699670719801,4.25133063537015,"8096296"
-1.51876,9.095045,-14.9782888399816,1.04932201121256e-05,0.000653070560884943,4.24366555007988,"7920697"
-1.53229,5.86416166666667,-14.9643331133271,1.05465843372845e-05,0.000655167199027166,4.23814618720404,"8020973"
-1.47095,9.34825,-14.9479588480548,1.06096040803972e-05,0.000657340901331337,4.23166310755122,"8078014"
1.43021,9.38049,14.9449948036559,1.06210591019089e-05,0.000657340901331337,4.230488717539,"8126653"
1.43111,8.44493833333333,14.9296412422954,1.06806287090321e-05,0.000659801287800822,4.22440135991811,"8034615"
-1.590665,8.4383,-14.9141188855035,1.07412530457414e-05,0.000661044756231713,4.21824009581923,"8080013"
-1.965755,4.89202666666667,-14.9126786716763,1.07468984540771e-05,0.000661044756231713,4.21766807767881,"8103736"
-1.4195,8.58226,-14.9092591336766,1.07603164812923e-05,0.000661044756231713,4.2163096771705,"8001449"
1.64312,5.35672166666667,14.8880431113996,1.08440083773464e-05,0.000664310538319398,4.20787404159578,"8046815"
-1.982735,6.827215,-14.8856798466748,1.08533781675752e-05,0.000664310538319398,4.20693357610747,"8140709"
-1.83245,5.94954,-14.873193681235,1.09030412120502e-05,0.000666125804105751,4.20196196736486,"8005171"
-1.46646,7.23852666666667,-14.8672019321801,1.09269679352522e-05,0.00066636492919431,4.199574612907,"8041225"
-1.67811,7.77192166666667,-14.8438852366869,1.10206675996633e-05,0.000670328836895732,4.19027426393743,"8154491"
-2.498985,8.00993,-14.8401062457792,1.1035942548635e-05,0.000670328836895732,4.18876542891337,"7901969"
-2.053835,8.01423,-14.8360507093481,1.10523630193638e-05,0.000670328836895732,4.18714570989321,"7972003"
-1.89754,6.01140666666667,-14.7777030280778,1.12918169645153e-05,0.000682756053287001,4.16378878543327,"8057486"
1.586695,8.15998833333333,14.7761501598755,1.12982726780532e-05,0.000682756053287001,4.16316578626514,"8148358"
-2.164865,7.422545,-14.7609641779871,1.13616344155788e-05,0.000685341197709288,4.15706950968646,"8161865"
-1.42925,10.4169016666667,-14.7385503633414,1.14559186273342e-05,0.000689676941075709,4.14805915376086,"8135594"
-1.591695,6.38741666666667,-14.7340551492624,1.14749384435818e-05,0.000689676941075709,4.14625027566879,"8077376"
-1.73412,10.3374766666667,-14.7224610772289,1.15241660723238e-05,0.000691218928678543,4.14158202840347,"7980146"
2.76607,7.89515833333333,14.7174025323751,1.15457220917154e-05,0.000691218928678543,4.13954399391331,"8118833"
-3.66761,5.27626666666667,-14.712225410748,1.15678325146932e-05,0.000691218928678543,4.13745739429719,"7982084"
1.812155,8.42576666666667,14.7027778000021,1.16083097919706e-05,0.000691218928678543,4.13364754029346,"8117589"
-1.53902,9.67098,-14.7024207276291,1.16098428937624e-05,0.000691218928678543,4.13350349450788,"8102415"
-1.61832,9.2718,-14.6988587468991,1.16251494146615e-05,0.000691218928678543,4.1320663546633,"8086467"
-3.22558,6.49074166666667,-14.681150318551,1.17015991195738e-05,0.000693288515808625,4.12491595354487,"7981953"
-3.22558,6.49074166666667,-14.681150318551,1.17015991195738e-05,0.000693288515808625,4.12491595354487,"7981966"
-2.16866,7.38784833333333,-14.6580286269704,1.18023103476916e-05,0.000696778963298143,4.1155655864045,"7979133"
-1.46176,7.79277166666667,-14.6574085691153,1.18050251373068e-05,0.000696778963298143,4.11531461487825,"8093916"
2.28432,6.62800833333333,14.6532410435418,1.18232908148918e-05,0.000696778963298143,4.11362748768361,"7929047"
-1.65275,5.797805,-14.6427451343132,1.1869440347811e-05,0.000698262818482441,4.10937614144673,"8115196"
1.653875,6.85494833333333,14.6274526765178,1.19370595557184e-05,0.000700920175639051,4.10317601645166,"8008547"
1.493195,8.45158833333333,14.6230271268673,1.19567126096339e-05,0.000700920175639051,4.10138041836338,"8107321"
-2.60495,5.95379833333333,-14.6182616016183,1.19779179913511e-05,0.000700929236130086,4.09944621853184,"8009353"
-2.21198,6.13261166666667,-14.6052390892315,1.20360907935025e-05,0.00070309774587939,4.09415722364263,"7961580"
1.820865,7.59569333333333,14.5967909143797,1.20740072763438e-05,0.000704012613943226,4.09072331482249,"8003553"
-1.47939,8.09504833333333,-14.5923402380787,1.20940389577297e-05,0.000704012613943226,4.08891338922415,"7975390"
1.750385,9.22366666666667,14.5808278324703,1.21460357367501e-05,0.000705805500744446,4.08422893098346,"8110841"
-1.806525,7.362825,-14.556434809273,1.22570800407444e-05,0.000706664601976112,4.07428997175131,"8069880"
-1.525185,8.84417,-14.5529006722628,1.22732673004708e-05,0.000706664601976112,4.07284848215337,"8129254"
-1.48605,12.0331,-14.552251399395,1.22762438702766e-05,0.000706664601976112,4.07258361795518,"7956211"
-1.402085,8.03409,-14.5501600004109,1.22858375914988e-05,0.000706664601976112,4.07173036585172,"7980580"
-2.058955,7.87473333333333,-14.5476233900102,1.22974854313129e-05,0.000706664601976112,4.07069529674877,"8115851"
-2.91469,6.28250333333333,-14.5459186493744,1.2305320711122e-05,0.000706664601976112,4.06999956355761,"8141140"
-1.521165,8.12898833333333,-14.5450356793532,1.23093813000013e-05,0.000706664601976112,4.06963917386037,"8157264"
1.44603,8.412805,14.5280718168502,1.23877012061848e-05,0.000709936810778544,4.0627106466154,"7937438"
-2.35422,4.80670333333333,-14.512245718979,1.24612969989717e-05,0.00071292750201849,4.05623888281709,"8046020"
1.387725,7.35965,14.4980227269712,1.25278768694541e-05,0.000715486324574063,4.05041613161259,"8116956"
1.98257,8.71008,14.4935291546411,1.25489988152462e-05,0.000715486324574063,4.04857521806209,"8180269"
1.55568,7.89789666666667,14.4826213200559,1.26004452963428e-05,0.000717191499200555,4.04410394888171,"8034286"
-1.63515,9.12044166666667,-14.4768705028041,1.26276686799476e-05,0.0007175144778775,4.04174513876438,"8106743"
-2.487265,4.279825,-14.4612178400504,1.27021167023124e-05,0.000720515127490454,4.03531973799732,"7982018"
-1.544315,8.15104666666667,-14.453224762585,1.27403328023155e-05,0.000721453845780101,4.0320356767906,"8012197"
-1.37325,12.8132666666667,-14.4406020393866,1.28009596136629e-05,0.000723656285664065,4.02684544970855,"8058765"
-2.725215,6.35847333333333,-14.424157110522,1.28804540324926e-05,0.000726108955756528,4.02007621718236,"7974270"
-2.554215,7.310895,-14.4197422165388,1.29018942671923e-05,0.000726108955756528,4.01825748769793,"8102006"
1.838005,8.44056166666667,14.4181233189497,1.29097666999389e-05,0.000726108955756528,4.01759042645959,"8152582"
1.6553,9.41986333333333,14.4019373257168,1.29887878481119e-05,0.000729038200767349,4.01091657589898,"8120239"
-1.88394,7.37448333333333,-14.3985010922796,1.30056368818754e-05,0.000729038200767349,4.00949869318021,"8079677"
2.25407,7.504615,14.3886963165501,1.30538545260568e-05,0.000729857499245554,4.00545096137579,"8046488"
-1.47814,8.58396,-14.3866200767465,1.30640919467324e-05,0.000729857499245554,4.00459343834323,"8086505"
1.53267,10.131615,14.3753732551904,1.31197115579363e-05,0.000731737078299173,3.9999459749648,"8009685"
-2.85326,6.34685666666667,-14.3620988079517,1.3185717130713e-05,0.0007333673472864,3.99445557736388,"8015268"
-1.47644,9.26858,-14.3578219726297,1.32070662792616e-05,0.0007333673472864,3.99268548008457,"7978586"
-2.36395,6.10849833333333,-14.356231372421,1.32150166192702e-05,0.0007333673472864,3.99202701658737,"8081235"
1.69217,8.273655,14.3267866397681,1.33632121789419e-05,0.000740357530652624,3.97982344987791,"8033789"
-2.03517,8.49409666666667,-14.3189312253241,1.34030781391663e-05,0.000741332712292059,3.97656313467669,"8112807"
-1.692025,10.383125,-14.3071993257231,1.34628777936941e-05,0.000743405376279657,3.97169031720934,"8134552"
1.470585,8.11786666666667,14.3010100447312,1.34945520733702e-05,0.000743920696004982,3.96911787223073,"8000716"
1.96715,6.69319166666667,14.2807041244068,1.35990866912297e-05,0.000747647340731604,3.96066968214813,"8084838"
-1.504405,7.34884166666667,-14.2791627733024,1.36070603502824e-05,0.000747647340731604,3.96002787960038,"8117243"
-2.80777,7.85337166666667,-14.270503589888,1.36519580235039e-05,0.000748878494742352,3.95642089359235,"7935116"
1.6455,11.5779333333333,14.2557678371115,1.37287636114186e-05,0.000751853029554941,3.9502772710897,"7894429"
-1.366095,6.72521166666667,-14.2444111466928,1.37883036459347e-05,0.000752702082568565,3.94553776349734,"7898655"
1.68926,7.68648,14.2441876077548,1.37894786427253e-05,0.000752702082568565,3.94544443265347,"8084891"
1.363495,8.58260666666667,14.2394230822736,1.38145506272348e-05,0.000752836484836394,3.94345479596797,"7896822"
-1.393105,7.62939333333333,-14.2297128885919,1.38658139156497e-05,0.000754395434557823,3.93939765248973,"8124134"
-1.4523,11.5576,-14.2207377068096,1.39133958307926e-05,0.000755749332753507,3.93564495537767,"8089082"
1.93067,8.514695,14.2153177149546,1.39422228739275e-05,0.000756081750868344,3.93337751384783,"8067409"
1.42945,13.12595,14.1988991763369,1.40299768348739e-05,0.00075825967797451,3.92650315775456,"8119993"
1.73993,7.985135,14.1984777129593,1.40322380104596e-05,0.00075825967797451,3.92632658037417,"7932733"
-1.504845,4.00063166666667,-14.1950391894868,1.4050701904384e-05,0.00075825967797451,3.9248857564839,"7895452"
-1.61943,8.56499833333333,-14.1896479874133,1.4079708657674e-05,0.000758595565007396,3.92262595541764,"8122600"
1.369325,10.7599583333333,14.1837916548657,1.41112978004386e-05,0.000759069277643303,3.92017013867756,"8153474"
-2.15669,5.97621333333333,-14.1673157691917,1.42006169030533e-05,0.000762641840356396,3.9132552093356,"7917199"
1.36434,9.57889,14.14789700454,1.43067446471659e-05,0.000767104148980165,3.90509401659498,"8034631"
-2.08284,9.41248,-14.1403162379067,1.43484280390056e-05,0.000768102264332424,3.90190474487375,"8062312"
1.404635,6.924015,14.1356498745728,1.43741573653042e-05,0.00076824449083874,3.89994066326354,"8113059"
-2.03362,7.78736166666667,-14.1281395273371,1.44156817977933e-05,0.000768859608429935,3.89677807623879,"8172280"
-1.96387,4.85341833333333,-14.1252224230916,1.44318483727876e-05,0.000768859608429935,3.89554920325922,"8083599"
1.384655,4.93143666666667,14.116004847718,1.44830723801788e-05,0.000770356008055613,3.89166436758705,"8046078"
2.049585,8.58505,14.0970475151923,1.45890956465383e-05,0.000773804662128342,3.88366602675448,"8132250"
3.041365,8.48046,14.096105521255,1.45943877171096e-05,0.000773804662128342,3.88326828561112,"8099746"
1.48677,8.76149666666667,14.0861993872983,1.465017670706e-05,0.000775261410219852,3.87908385398109,"7939329"
1.78,7.00008333333333,14.0829680127305,1.46684292410279e-05,0.000775261410219852,3.87771821017654,"8116247"
-1.53967,5.71521166666667,-14.0571672984862,1.4815128327259e-05,0.000780966401094629,3.86680220615136,"7987145"
2.018985,9.63390833333333,14.0557423792746,1.48232803403251e-05,0.000780966401094629,3.86619871052484,"8005839"
-1.77142,8.70601833333333,-14.048142311081,1.48668497699177e-05,0.000782024481499128,3.86297874445323,"8005707"
1.6285,11.0057833333333,14.033187437451,1.49530229434155e-05,0.000785316727045594,3.85663725347376,"8001693"
-1.529825,8.04972833333333,-14.0207545299936,1.50251112538435e-05,0.00078786004632949,3.85135965071872,"8139500"
-1.70381,9.26009,-14.0009145857977,1.51409948783448e-05,0.000788576177709953,3.84292743960497,"7970033"
-1.320495,6.46066666666667,-13.9981571388106,1.51571839425285e-05,0.000788576177709953,3.84175447643542,"8144428"
-1.320495,6.46066666666667,-13.9981571388106,1.51571839425285e-05,0.000788576177709953,3.84175447643542,"8144432"
-1.320495,6.46066666666667,-13.9981571388106,1.51571839425285e-05,0.000788576177709953,3.84175447643542,"8144436"
-1.320495,6.46066666666667,-13.9981571388106,1.51571839425285e-05,0.000788576177709953,3.84175447643542,"8144444"
1.42885,10.81065,13.9765615732008,1.5284678388903e-05,0.000793968699399849,3.83255956451572,"8152465"
-1.568195,9.80004,-13.9561491428453,1.54063483117061e-05,0.00079878168950983,3.82385437787378,"7984079"
1.69634,8.68357666666667,13.9494722110913,1.54463935536741e-05,0.00079878168950983,3.8210039354346,"8178841"
1.42019,8.46505666666667,13.9426845027525,1.54872286591289e-05,0.00079878168950983,3.81810470121509,"8180111"
-1.502695,9.31577333333333,-13.9424015901447,1.54889334248085e-05,0.00079878168950983,3.81798382788264,"8120402"
-1.61097,7.85294666666667,-13.9376101869176,1.55178388374664e-05,0.00079878168950983,3.81593631959899,"8179238"
1.48961,9.33327666666667,13.9370420001973,1.55212707785344e-05,0.00079878168950983,3.81569346655792,"7939546"
-1.53052,9.55787833333333,-13.9178260278758,1.56378654720856e-05,0.000802892407238248,3.80747396534752,"8021081"
-1.551175,7.743335,-13.912818866453,1.56684157743202e-05,0.000802892407238248,3.80533018845622,"7974816"
1.32299,10.37037,13.9119889656379,1.56734860409304e-05,0.000802892407238248,3.80497479306058,"7912887"
-1.38465,9.06452833333333,-13.8699731826525,1.59327197645952e-05,0.00081475010321966,3.78695228033376,"7992967"
1.50276,7.43977,13.8665756271626,1.59539017719079e-05,0.00081475010321966,3.78549235757978,"8162729"
-2.89741,6.10654666666667,-13.8555962116807,1.60225794440239e-05,0.000817004330394584,3.78077190573932,"8116780"
-1.34289,8.03984833333333,-13.8473506128228,1.60743852850622e-05,0.000818392671004155,3.77722418879698,"8133459"
1.67706,6.18949333333333,13.8342490062927,1.61571062149688e-05,0.00082134834448827,3.77158249494962,"8052882"
-1.81423,8.39536666666667,-13.8139516894977,1.62862496194774e-05,0.000826651301188625,3.76283095637492,"8158250"
1.90779,5.35584333333333,13.8045455510632,1.63465081697151e-05,0.000827978688278782,3.7587706743181,"8128284"
1.401755,8.675485,13.7947671642888,1.64094294729864e-05,0.000827978688278782,3.75454657028928,"8125638"
-1.48624,8.03411166666667,-13.7901078315157,1.64395111498248e-05,0.000827978688278782,3.75253268858934,"8043995"
-1.45073,7.69067166666667,-13.7899004943443,1.64408512698185e-05,0.000827978688278782,3.75244305531331,"7902810"
1.480605,9.26313333333333,13.7891229315887,1.64458781762358e-05,0.000827978688278782,3.75210689679416,"8001537"
1.55124,7.13316666666667,13.7866928956033,1.64615998931001e-05,0.000827978688278782,3.75105620497802,"8175016"
-2.32193,6.344665,-13.7788755062992,1.65122963779398e-05,0.000829275916283955,3.74767480263605,"8119357"
1.385725,7.54875,13.7526666269946,1.66836074196947e-05,0.000836617584719238,3.73632321484073,"7947570"
-1.279435,9.20711333333333,-13.736563289874,1.67899009434839e-05,0.000840681701827346,3.72933707778569,"8178676"
1.759465,6.68992833333333,13.7218744676395,1.68875524107038e-05,0.000844301550479287,3.7229569757715,"8151310"
1.83733,8.75928166666667,13.7092848920376,1.69717796514433e-05,0.000845530810302726,3.71748288213064,"7998103"
-1.688505,9.10503333333333,-13.7084753824703,1.69772123357683e-05,0.000845530810302726,3.71713071453106,"8112803"
1.67475,7.02901666666667,13.7068211126224,1.69883206322649e-05,0.000845530810302726,3.71641097495065,"8052947"
1.66145,8.69911166666667,13.6969370665125,1.70548695334052e-05,0.000846373065551561,3.71210869404082,"8148658"
-1.391025,7.58606166666667,-13.6965383255919,1.70575606638641e-05,0.000846373065551561,3.71193506251758,"8125289"
1.4248,10.80745,13.6929945439147,1.70814998363411e-05,0.000846373065551561,3.71039168783767,"7903803"
1.420045,9.12138333333333,13.6654190630552,1.72691346525501e-05,0.000854398776413018,3.69836755141717,"8014487"
-1.458805,4.54223666666667,-13.6503723812684,1.73725396112808e-05,0.00085823954219112,3.69179562220286,"7976826"
1.411775,8.00509166666667,13.6368368892517,1.74661814874815e-05,0.000860919970457302,3.68587713929105,"8013135"
-1.811565,6.37664333333333,-13.6345245692224,1.74822379529253e-05,0.000860919970457302,3.68486543663529,"7917875"
-1.36069999999999,11.2892833333333,-13.624167044721,1.75543725520701e-05,0.000860919970457302,3.68033149657411,"8099340"
1.6639,8.73105,13.6241652598912,1.75543850125624e-05,0.000860919970457302,3.68033071496017,"7896394"
1.553305,6.335345,13.6239230694911,1.75560759209691e-05,0.000860919970457302,3.68022465375484,"8162777"
-1.445625,8.57417,-13.6044479932712,1.76926744269742e-05,0.000866342618227884,3.67168945911488,"7987439"
-1.92669,8.505125,-13.5845228559292,1.78337242689818e-05,0.000871966985292638,3.66294355679617,"7984704"
1.607845,9.87292833333333,13.5770380455719,1.78870503345263e-05,0.000873291957461468,3.65965466293398,"8152553"
-1.500995,7.49305333333333,-13.5725490176925,1.79191226320709e-05,0.000873576905241676,3.6576812183134,"8051187"
-1.49187,8.881405,-13.5684970250818,1.79481305371077e-05,0.000873711845751572,3.65589930511538,"7980438"
-1.46656,8.20434333333333,-13.5627984081701,1.79890199377686e-05,0.000874423937033402,3.6533923114617,"8118100"
-1.572065,7.10811166666667,-13.5493341585868,1.80860659288603e-05,0.000877859675267146,3.64746453179028,"7971813"
-1.585725,5.44426166666667,-13.5428023739211,1.81333665095561e-05,0.000878874388164031,3.64458658885252,"8083471"
-1.384925,8.77765833333333,-13.5188697236134,1.83079239071988e-05,0.000880840382450583,3.63402911008858,"8089015"
2.93454,6.62291166666667,13.5166355957961,1.83243195000205e-05,0.000880840382450583,3.63304255023594,"8084766"
-1.423365,9.703545,-13.5155443543627,1.83323340652241e-05,0.000880840382450583,3.63256061022586,"8113504"
-2.59831,4.37783333333333,-13.5134146844996,1.83479871812571e-05,0.000880840382450583,3.63161993575581,"7982090"
1.29412,9.41823166666667,13.5102430132384,1.83713281529084e-05,0.000880840382450583,3.63021871787491,"8125671"
1.29412,9.41823166666667,13.5102430132384,1.83713281529084e-05,0.000880840382450583,3.63021871787491,"8178939"
-1.4361,11.4434,-13.5091084145132,1.83796863677931e-05,0.000880840382450583,3.62971737683363,"7979824"
-1.521015,8.07399,-13.5083111485346,1.83855622369329e-05,0.000880840382450583,3.62936506505758,"7987192"
1.63358,8.61580166666667,13.476081635592,1.86249535466522e-05,0.000882446118267285,3.61510434047991,"8008885"
-2.127715,7.35170333333333,-13.469741937817,1.86724730449983e-05,0.000882446118267285,3.61229493031523,"8120043"
-1.31842,10.5957266666667,-13.4646685725474,1.87106033425445e-05,0.000882446118267285,3.61004567979063,"8019631"
-1.31842,10.5957266666667,-13.4646685725474,1.87106033425445e-05,0.000882446118267285,3.61004567979063,"8019633"
-1.31842,10.5957266666667,-13.4646685725474,1.87106033425445e-05,0.000882446118267285,3.61004567979063,"8019635"
-1.31842,10.5957266666667,-13.4646685725474,1.87106033425445e-05,0.000882446118267285,3.61004567979063,"8019637"
-1.31842,10.5957266666667,-13.4646685725474,1.87106033425445e-05,0.000882446118267285,3.61004567979063,"8019639"
-1.31842,10.5957266666667,-13.4646685725474,1.87106033425445e-05,0.000882446118267285,3.61004567979063,"8019641"
-1.31842,10.5957266666667,-13.4646685725474,1.87106033425445e-05,0.000882446118267285,3.61004567979063,"8019703"
-1.31842,10.5957266666667,-13.4646685725474,1.87106033425445e-05,0.000882446118267285,3.61004567979063,"8019705"
-1.31842,10.5957266666667,-13.4646685725474,1.87106033425445e-05,0.000882446118267285,3.61004567979063,"8019707"
1.289745,10.5071516666667,13.4597436056222,1.8747705867094e-05,0.000882945349726493,3.6078613611853,"8118580"
2.15159,7.077195,13.4479108887142,1.88372023008745e-05,0.000884647806242728,3.60260985586453,"8103485"
1.40827,8.66698,13.444740308931,1.88612681194557e-05,0.000884647806242728,3.60120188152991,"8178903"
1.79442,6.97009333333333,13.4444386692179,1.88635595528827e-05,0.000884647806242728,3.60106791262699,"8019964"
1.419875,9.55555666666667,13.4283835327134,1.89859973191788e-05,0.000888192285677224,3.59393265646987,"8026163"
-1.62437,9.34930833333333,-13.4248087767668,1.9013385669112e-05,0.000888192285677224,3.59234272594937,"8121563"
1.70129,8.68499666666667,13.4226364957862,1.9030051495788e-05,0.000888192285677224,3.5913763497707,"8180034"
-1.576575,7.706695,-13.4205807953206,1.90458387234147e-05,0.000888192285677224,3.59046168384383,"8034712"
1.888965,6.51099666666667,13.4141082037128,1.90956471031923e-05,0.000888776477142889,3.5875807914035,"7903490"
-1.377395,7.886965,-13.41103974828,1.91193131897534e-05,0.000888776477142889,3.58621453499793,"8169949"
1.858705,6.59868333333333,13.4085627190775,1.9138442926133e-05,0.000888776477142889,3.58511137475969,"7896725"
-1.37838,9.14925,-13.4025245765647,1.91851689396898e-05,0.000889465029892877,3.58242134636208,"8102214"
1.342,9.378165,13.3997485673407,1.92066959934222e-05,0.000889465029892877,3.58118418715296,"8117598"
1.45019,6.36286,13.3939668580511,1.92516224693239e-05,0.000890204416575912,3.57860663320278,"7996361"
1.44465,10.28268,13.3908192746584,1.92761325149783e-05,0.000890204416575912,3.57720290836756,"7991777"
1.81049,7.082,13.3685625426183,1.94504946152224e-05,0.000897012630475155,3.56726711931348,"8112478"
-1.349045,10.3788683333333,-13.3528491293456,1.95747120825355e-05,0.000898031981505303,3.56024183603044,"8019802"
1.25325,11.5658833333333,13.3489653886009,1.96055573018649e-05,0.000898031981505303,3.55850411341272,"8118644"
1.25325,11.5658833333333,13.3489653886009,1.96055573018649e-05,0.000898031981505303,3.55850411341272,"8178253"
1.25325,11.5658833333333,13.3489653886009,1.96055573018649e-05,0.000898031981505303,3.55850411341272,"8179544"
-1.33504,6.59975333333333,-13.3453377661972,1.96344199938691e-05,0.000898031981505303,3.55688050424852,"8144424"
-1.33504,6.59975333333333,-13.3453377661972,1.96344199938691e-05,0.000898031981505303,3.55688050424852,"8144440"
1.274475,8.74037666666667,13.3218546279709,1.98224729084114e-05,0.000905389410742626,3.54635889503022,"8110971"
1.509085,8.92415333333333,13.3151784225853,1.9876321780872e-05,0.000906605323750266,3.54336404569181,"7894700"
1.328625,8.063685,13.3080643722665,1.99338914940886e-05,0.000907987394088467,3.54017103899583,"7998072"
1.292625,10.5132583333333,13.2779125808705,2.01800770875486e-05,0.000917274729266913,3.52661793772427,"8179504"
-1.490515,9.502695,-13.2763561841511,2.01928815374552e-05,0.000917274729266913,3.5259174623566,"8004057"
-1.5833,10.41617,-13.270619468027,2.02401599205124e-05,0.000918169761407766,3.52333483443537,"8072626"
-1.28422,8.76827166666667,-13.2572004080647,2.0351260213395e-05,0.00092072757911513,3.51728906697041,"8102518"
-1.659235,6.80029166666667,-13.2565323216083,2.03568101950372e-05,0.00092072757911513,3.51698790135963,"7955502"
-1.48363,9.53220666666667,-13.2538031787032,2.03795004297039e-05,0.00092072757911513,3.51575746912207,"8054611"
-1.57043,7.85420666666667,-13.2449103238197,2.04536425380155e-05,0.000922825115973308,3.51174627635495,"8154512"
1.3477,7.38302666666667,13.2246253034861,2.06239534395604e-05,0.000929092756014325,3.5025859182374,"8115666"
-1.30848,10.61769,-13.2217337700709,2.06483659023516e-05,0.000929092756014325,3.50127894637239,"8042576"
1.40203,10.06404,13.2160382457151,2.06965511074293e-05,0.000929148711807826,3.49870369036013,"8153223"
-2.899055,5.50096833333333,-13.208131717874,2.07636610063741e-05,0.000929148711807826,3.49512677990952,"8141016"
-1.298755,8.74014666666667,-13.2072798483699,2.07709068452067e-05,0.000929148711807826,3.49474125979304,"8178590"
-1.298755,8.74014666666667,-13.2072798483699,2.07709068452067e-05,0.000929148711807826,3.49474125979304,"8179819"
-1.686095,8.34324333333333,-13.2051385004591,2.07891338648176e-05,0.000929148711807826,3.49377206054741,"8077490"
-1.5145,6.38261333333333,-13.2005185871083,2.08285223295468e-05,0.000929661270786758,3.49168046925745,"8088911"
-1.69145,8.743045,-13.1935277233975,2.0888291908335e-05,0.000931080931287589,3.48851400148541,"8120967"
1.62568,8.77959666666667,13.1803546937501,2.10014655069398e-05,0.000934113769039284,3.48254255490401,"7916282"
1.501645,10.076845,13.1790817429303,2.10124399498581e-05,0.000934113769039284,3.48196518244285,"8112961"
1.536285,8.915205,13.1717297462701,2.10759554407981e-05,0.000934760831741564,3.47862938700163,"7903519"
1.330305,8.38354666666667,13.1708995138566,2.10831421640963e-05,0.000934760831741564,3.47825256539878,"8067652"
-1.35097,9.309425,-13.1606276662303,2.11722967578035e-05,0.000937465379181625,3.47358836256962,"7965423"
-2.35449,6.19931333333333,-13.1564074542812,2.12090544588576e-05,0.000937845798561198,3.47167095352813,"8155754"
2.248885,7.11243166666667,13.1506029627416,2.12597336629949e-05,0.00093883998909382,3.46903268598224,"8009476"
-1.397905,4.58288166666667,-13.1383813520529,2.1366906872458e-05,0.000942323043883754,3.46347368988357,"8080911"
1.51045,10.1587333333333,13.1324836777539,2.14188515016552e-05,0.000943364415939963,3.46078918806555,"8124521"
-1.24035,12.9272,-13.084816299734,2.18441794179079e-05,0.00096056629587005,3.43904532327668,"7982597"
1.439405,7.27467666666667,13.0822771605495,2.18671127209508e-05,0.00096056629587005,3.43788473973116,"8025927"
1.694315,8.23465333333333,13.0640605486882,2.20324757422742e-05,0.000966555131476292,3.42955139061557,"8157804"
1.356525,3.316405,13.0570912039309,2.20961288905878e-05,0.000968072110091976,3.42635997471615,"7895385"
-1.338065,10.4577783333333,-13.0477155428026,2.21821008131111e-05,0.000970301713358698,3.42206383132411,"8019709"
1.79718,7.03422,13.0433188905686,2.22225520809401e-05,0.000970301713358698,3.42004806797925,"7918379"
-2.012755,5.68515666666667,-13.0420283878899,2.22344417602993e-05,0.000970301713358698,3.41945626696658,"8021635"
-1.427905,5.579865,-13.03819214059,2.22698300882518e-05,0.000970573995351467,3.4176966709039,"8156134"
1.3043,10.6904666666667,13.0283512661766,2.2360912469956e-05,0.00097326967648644,3.41318040861304,"8180166"
-1.42038,5.65191,-12.9868671268157,2.27497127633684e-05,0.000988872702467206,3.39410272028668,"8097449"
1.58285,7.00481333333333,12.9806684140258,2.28084883171101e-05,0.000988872702467206,3.39124657628316,"8112521"
1.58285,7.00481333333333,12.9806684140258,2.28084883171101e-05,0.000988872702467206,3.39124657628316,"8177527"
-1.77784,7.91344666666667,-12.9610582904312,2.29956078631064e-05,0.000995688888189665,3.38220151516071,"8099912"
1.3951,10.6327666666667,12.9447738320902,2.31523656698992e-05,0.00100117444118264,3.37467949764792,"7989647"
2.474655,7.205375,12.9404858116614,2.31938516856837e-05,0.00100166754809106,3.37269715333263,"8085431"
1.880915,6.29327666666667,12.9289359078359,2.33060305716486e-05,0.00100520841961682,3.36735423059056,"8134351"
1.56901,9.22911166666667,12.9188485728433,2.34045259226995e-05,0.00100815071105838,3.36268379592832,"8022295"
1.22972,7.367875,12.9080583736032,2.35104259913054e-05,0.00101140394603682,3.35768370948771,"8035980"
1.53277,8.23710333333333,12.8976515901776,2.3613096679775e-05,0.00101426627590437,3.35285715095895,"7994280"
1.2827,10.5706166666667,12.8951470720596,2.36378841968283e-05,0.00101426627590437,3.35169497328881,"8178977"
1.23247,7.522385,12.8707672918307,2.38807777038736e-05,0.00102326267520703,3.34036961869622,"8074845"
-1.443405,8.549155,-12.8679522928329,2.39090116620438e-05,0.00102326267520703,3.33906049850835,"8013159"
1.461625,7.746265,12.8595655517489,2.39933619769789e-05,0.00102555452342422,3.33515845525154,"8098150"
1.244495,9.33741666666667,12.8539011733994,2.40505297151747e-05,0.00102668011272586,3.33252152294223,"8125713"
-2.361705,4.61011,-12.8489889793624,2.41002356149963e-05,0.00102748469305062,3.33023377120947,"8086615"
1.40416,9.23186,12.8294016575703,2.42996411026318e-05,0.00103393221080413,3.3211022932948,"8108134"
1.44625,7.27298166666667,12.8226255048987,2.43690753707237e-05,0.00103393221080413,3.31793990700191,"8071809"
1.44625,7.27298166666667,12.8226255048987,2.43690753707237e-05,0.00103393221080413,3.31793990700191,"8074962"
1.560715,10.0780783333333,12.8219828117692,2.43756730480596e-05,0.00103393221080413,3.31763987573259,"8048733"
-4.25555,4.36939333333333,-12.8186745029042,2.44096682824537e-05,0.00103405690178226,3.31609519488872,"7976810"
-1.65796,9.33246833333333,-12.8123383489924,2.44749323867631e-05,0.00103491403158136,3.31313562250086,"8103822"
-1.45152,7.98691833333333,-12.8106784121156,2.44920640564049e-05,0.00103491403158136,3.31236002530135,"8115543"
1.39169,7.92822666666667,12.8022843487796,2.45789124813014e-05,0.00103628201796506,3.30843633455133,"8001552"
-1.3181,10.52085,-12.8015349821336,2.45866833105805e-05,0.00103628201796506,3.30808592279889,"8011027"
-1.43155,7.379025,-12.7977163756259,2.46263265868805e-05,0.00103664070336708,3.30629996966132,"8129666"
1.25589,7.465955,12.7892047775581,2.47149611833987e-05,0.00103761503270889,3.30231711428551,"7974835"
-1.30042,6.25598166666667,-12.7851321375306,2.47575036928688e-05,0.00103761503270889,3.30041041465843,"8116658"
-1.34365,9.85185166666667,-12.7843689943951,2.47654849983086e-05,0.00103761503270889,3.30005306126904,"8111101"
1.90742,4.99853333333333,12.7835434504859,2.47741223234395e-05,0.00103761503270889,3.29966646271795,"8054722"
-1.34026,6.992045,-12.7796075497595,2.48153507106007e-05,0.00103803609624481,3.29782293984033,"8002975"
1.45373,7.84971166666667,12.7671347801962,2.49465358187562e-05,0.00104113153492517,3.29197694966827,"8066619"
-1.25016,9.52043833333333,-12.7666276860913,2.49518865023961e-05,0.00104113153492517,3.29173914859858,"8170906"
1.67909,5.94429166666667,12.7589419884409,2.5033148639194e-05,0.00104321495649467,3.28813374554528,"8067140"
1.61144,6.878025,12.7425363063518,2.52076509138509e-05,0.00104917394059812,3.280430172112,"8089203"
-1.336405,7.43467,-12.7389650251249,2.52458266907735e-05,0.00104945105034043,3.27875184533777,"8072735"
1.994255,8.028915,12.7232110716144,2.54150437116286e-05,0.00105516796816222,3.27134240715745,"8148501"
-1.1906,9.32305833333333,-12.7051233243025,2.56109741469272e-05,0.00106197833894176,3.26282354392876,"7964360"
1.39594,9.94290166666667,12.6800244151727,2.58857979464574e-05,0.00107124437206588,3.25098167178255,"8016739"
1.602025,7.71102333333333,12.6788464357014,2.5898781256961e-05,0.00107124437206588,3.2504252924071,"8116494"
-2.056105,7.99556666666667,-12.6500571127477,2.62184784324879e-05,0.00108119392438116,3.23681087874487,"7996761"
-1.63589,7.59702666666667,-12.6492460709501,2.62275517324633e-05,0.00108119392438116,3.23642687234139,"7940028"
1.36274,7.43287833333333,12.6484251979064,2.6236738772261e-05,0.00108119392438116,3.23603818505016,"8033362"
-1.504355,7.03689666666667,-12.6433693122493,2.62934065942902e-05,0.00108183659685261,3.23364362099723,"8165866"
1.839355,5.248855,12.6391390154563,2.6340931464274e-05,0.00108183659685261,3.23163930687751,"8021685"
1.182845,5.78557833333333,12.6383500937145,2.63498056896258e-05,0.00108183659685261,3.23126543872954,"8117572"
1.340155,8.53627833333333,12.6281903710562,2.64644022055172e-05,0.00108282556794063,3.22644860228857,"8155110"
1.30445,10.6239166666667,12.6270636202736,2.64771474066669e-05,0.00108282556794063,3.22591414934699,"8114861"
1.3179,10.5182,12.6127742506375,2.66394081865194e-05,0.00108282556794063,3.21913195630583,"8118613"
1.3179,10.5182,12.6127742506375,2.66394081865194e-05,0.00108282556794063,3.21913195630583,"8178225"
1.3179,10.5182,12.6127742506375,2.66394081865194e-05,0.00108282556794063,3.21913195630583,"8179525"
-1.601725,7.47263666666667,-12.6043749113304,2.67353305970882e-05,0.00108282556794063,3.21514163606945,"7972936"
1.216775,9.281395,12.6017578976502,2.67653003504153e-05,0.00108282556794063,3.21389779291857,"8083333"
-1.2577,10.0812483333333,-12.6011992120314,2.67717034666502e-05,0.00108282556794063,3.21363221991727,"7973336"
-1.276555,6.74644166666667,-12.5965960954824,2.68245284871229e-05,0.00108282556794063,3.21144364838655,"7948894"
-2.48201,4.31507333333333,-12.5949384734193,2.68435812068803e-05,0.00108282556794063,3.2106553215588,"7982008"
-2.48201,4.31507333333333,-12.5949384734193,2.68435812068803e-05,0.00108282556794063,3.2106553215588,"7982032"
-2.48201,4.31507333333333,-12.5949384734193,2.68435812068803e-05,0.00108282556794063,3.2106553215588,"7982038"
1.34718,6.81366166666667,12.5944396948986,2.68493172811931e-05,0.00108282556794063,3.21041809292,"8057797"
-2.76787,5.95744333333333,-12.593919181476,2.68553048472794e-05,0.00108282556794063,3.21017051634685,"7960150"
1.24735,7.555525,12.5933636621487,2.68616968231059e-05,0.00108282556794063,3.20990627787856,"8040742"
-1.37543,8.35683666666667,-12.5882875433508,2.69201870401674e-05,0.00108387118243828,3.20749120944318,"8049876"
1.74372,7.75945333333333,12.5753274166203,2.70702015071716e-05,0.00108650976442962,3.20132057472029,"8117020"
-1.38423,9.03533833333333,-12.5709902148329,2.71206240669382e-05,0.00108650976442962,3.19925405285579,"7928944"
-2.000655,6.81478,-12.5677995911318,2.71577873992761e-05,0.00108650976442962,3.19773336233154,"7986789"
1.31561,8.13471666666667,12.567359010835,2.71629238315051e-05,0.00108650976442962,3.19752334487575,"7972579"
-1.31227,9.12369833333333,-12.5667063075326,2.71705353619133e-05,0.00108650976442962,3.19721219779926,"8090098"
-1.38737,9.66494166666667,-12.5647844539399,2.71929616995279e-05,0.00108650976442962,3.19629594280142,"8127234"
-1.354365,4.28643333333333,-12.5605180207587,2.72428249612164e-05,0.00108650976442962,3.19426137612226,"8045539"
-1.265055,9.66386833333333,-12.5601809859514,2.72467685767106e-05,0.00108650976442962,3.19410062120884,"8141688"
-1.312445,7.93842333333333,-12.5478465329098,2.73915552964247e-05,0.00108727966628029,3.18821439917835,"7989037"
1.41806,9.00842333333333,12.5475259877188,2.7395330013105e-05,0.00108727966628029,3.18806134930565,"8107942"
-1.295875,7.45079166666667,-12.5447532725466,2.74280068140833e-05,0.00108727966628029,3.18673729906825,"8178712"
-1.295875,7.45079166666667,-12.5447532725466,2.74280068140833e-05,0.00108727966628029,3.18673729906825,"8179935"
1.761375,6.48779,12.544639757627,2.74293455769421e-05,0.00108727966628029,3.18668308600658,"8083690"
-2.765965,7.09174833333333,-12.5259930958085,2.76503044946475e-05,0.00109473506392185,3.177770805309,"8135943"
1.210965,8.401205,12.519260045396,2.77306029148826e-05,0.00109652539779458,3.17454932599789,"8100495"
-1.764165,7.11347,-12.5166848398632,2.77613872222972e-05,0.00109652539779458,3.17331672473053,"8154635"
-3.351635,7.20323333333333,-12.5093373230243,2.78494411607812e-05,0.00109870005015466,3.16979845088019,"8100298"
1.35633,10.4367733333333,12.4989741526202,2.7974193423045e-05,0.00110231564308536,3.16483252640371,"8014081"
1.23655,9.89397833333333,12.4838480679832,2.81574619094285e-05,0.00110822577919414,3.1575766053716,"8126658"
-1.36721,10.0971866666667,-12.4806521008436,2.81963646506395e-05,0.00110844669866865,3.15604234851287,"8142540"
-1.205895,8.35439166666667,-12.4769099376029,2.82419961879429e-05,0.001108931305507,3.15424536776338,"8088151"
1.46172,10.8137266666667,12.4638260357806,2.8402223014331e-05,0.00111390909270692,3.14795811279874,"8003298"
1.19386,8.23087166666667,12.4546895923835,2.85147419959242e-05,0.00111622254002304,3.1435636945779,"8152656"
1.617425,6.49895666666667,12.4519732311341,2.85482959777775e-05,0.00111622254002304,3.14225654456161,"7896727"
1.402045,7.576105,12.4464150159169,2.86170987159028e-05,0.00111622254002304,3.13958093647564,"8082066"
-1.168835,10.111755,-12.4463082451542,2.86184222899612e-05,0.00111622254002304,3.13952952717858,"7901951"
1.484455,8.71921,12.4428923906905,2.86608045847025e-05,0.00111622254002304,3.13788457895994,"8115606"
-1.355325,10.254175,-12.4424705777707,2.86660433498593e-05,0.00111622254002304,3.13768141718984,"8157582"
1.27297,10.4876933333333,12.4400704627369,2.8695873329721e-05,0.00111622254002304,3.13652529140493,"8051882"
-1.93812,5.97343833333333,-12.4367101864745,2.87376980010206e-05,0.00111644560732007,3.13490627232339,"8081081"
-1.50398,8.42004166666667,-12.4342257122126,2.87686677802992e-05,0.00111644560732007,3.13370893374586,"7947199"
-1.39939,7.8028,-12.410606277136,2.90650576527756e-05,0.00112663472021475,3.12231369452559,"8080144"
-1.32663,7.57524666666667,-12.4053138190998,2.91319612657679e-05,0.00112791501658869,3.11975726571397,"7991224"
-1.47709,9.27130666666667,-12.4019143341781,2.9175030607762e-05,0.00112827060876498,3.11811461001736,"8043363"
-2.445965,7.72018,-12.3982516043235,2.92215188079915e-05,0.0011287574382247,3.11634423193518,"8042917"
1.32329,10.4522033333333,12.38987566885,2.93281553904548e-05,0.00113119156979759,3.11229369841295,"8051501"
-1.60826,7.05174833333333,-12.3879700877333,2.93524796920179e-05,0.00113119156979759,3.11137178025772,"7973727"
-1.394695,4.881455,-12.3830900839702,2.94148799073136e-05,0.00113228584540326,3.10901017180328,"7930208"
-1.83961,7.42649333333333,-12.3759382811122,2.95066111031211e-05,0.00113450534630557,3.10554742219857,"7933469"
-2.274015,8.75273166666667,-12.3687880058898,2.95986587072312e-05,0.00113673187886353,3.10208334696988,"8131475"
-2.58273,5.21215833333333,-12.3605879770438,2.97046354972027e-05,0.00113948761307645,3.09810815562169,"7951271"
1.330585,9.11294,12.3540621265996,2.97892937832482e-05,0.00114020958506667,3.09494262392514,"8117583"
-1.617015,8.05723333333333,-12.3538582344072,2.97919433885336e-05,0.00114020958506667,3.09484369298305,"8094911"
-1.457865,8.516445,-12.3437544541701,2.99235906380745e-05,0.00114235530756681,3.08993910668345,"8143307"
-1.168735,8.33448333333333,-12.3408725716804,2.99612652666613e-05,0.00114235530756681,3.08853942172786,"7978407"
1.2441,9.78303,12.3395558387879,2.99784973514735e-05,0.00114235530756681,3.08789979310543,"8026122"
-1.39497,6.33143833333333,-12.3390408576412,2.99852400760848e-05,0.00114235530756681,3.08764961184737,"8144388"
-1.59859,7.13156,-12.3345888939676,3.00436046006697e-05,0.00114327074558686,3.08548636940637,"8021653"
1.14705,11.2736666666667,12.3313715276733,3.00858667996289e-05,0.00114345763359455,3.08392252590265,"8166493"
1.355745,10.3238683333333,12.3289897412499,3.01171980857862e-05,0.00114345763359455,3.08276455607683,"8152323"
-1.5794,5.77173666666667,-12.3102587564116,3.03649354163673e-05,0.00115155040382549,3.07364993685093,"7971104"
-1.407825,7.93979666666667,-12.3052159375294,3.04320404127953e-05,0.00115278230901575,3.07119362654036,"7908125"
1.3958,9.59941666666667,12.3005826541075,3.049384924959e-05,0.00115381102098136,3.06893588283433,"7992795"
-1.65816,8.80225833333333,-12.2843678294621,3.07113216292379e-05,0.00116072063142876,3.06102768978623,"8003611"
1.1427,8.35011333333333,12.2719409791553,3.08792231808183e-05,0.00116409676133243,3.05495966512071,"8175217"
-3.551305,6.94587,-12.2714429706855,3.08859742999174e-05,0.00116409676133243,3.0547163560281,"8104758"
1.496995,7.17460666666667,12.2700008987246,3.09055331416605e-05,0.00116409676133243,3.05401175401316,"8067029"
1.32755,8.00914333333333,12.2660033620862,3.0959827869345e-05,0.00116452986131312,3.05205809621981,"8025973"
1.29826,8.87422333333333,12.26400736439,3.09869795213811e-05,0.00116452986131312,3.05108237607288,"8033392"
1.16505,10.4501516666667,12.2602105936554,3.10387043908462e-05,0.00116515866978806,3.04922591789489,"7996012"
2.282205,6.94348166666667,12.2423769966712,3.12830189581148e-05,0.0011727082466927,3.04049813139324,"8103563"
1.214025,10.6944083333333,12.2403989002956,3.13102571195546e-05,0.0011727082466927,3.03952924265753,"7999520"
-1.642015,8.7836,-12.2349733405111,3.13851095152589e-05,0.00117419100171863,3.03687092968724,"8002152"
1.27829,8.28391833333333,12.2279311469972,3.14825789818947e-05,0.00117635050939931,3.03341872074056,"7995362"
1.505005,8.33539666666667,12.2257032111757,3.15134893349007e-05,0.00117635050939931,3.03232612115291,"7943162"
-1.15379,6.63972833333333,-12.2224555984626,3.15586105253702e-05,0.00117651181672253,3.03073309619923,"8046646"
2.0584,7.452775,12.2203088481398,3.15884783659172e-05,0.00117651181672253,3.02967982938051,"8147970"
1.47258,8.37935166666667,12.2169932276537,3.16346739972957e-05,0.0011769159107128,3.02805270234966,"8148642"
-1.49278,9.19412666666667,-12.2007090227924,3.18627120979565e-05,0.00118407670170274,3.02005470230658,"7973352"
-2.75528,6.64518833333333,-12.19599815648,3.1929040923287e-05,0.00118521881340322,3.01773891094155,"8021301"
-1.2812,10.8580333333333,-12.1844162820884,3.20928037378697e-05,0.00118997114260562,3.01204152599544,"8135955"
1.70821,8.27575833333333,12.1741266408176,3.22391227226538e-05,0.00119406681790456,3.00697515201728,"8148158"
-1.390115,6.65464666666667,-12.1653527027012,3.23645073598851e-05,0.0011961499492078,3.00265160006756,"7950885"
1.38796,8.43876,12.1651637852336,3.23672133896816e-05,0.0011961499492078,3.0025584716091,"7958784"
1.47815,7.57567166666667,12.1591458083003,3.24535533020008e-05,0.00119692255661952,2.99959108207374,"8113039"
1.154535,9.290415,12.1586962840163,3.2460013473509e-05,0.00119692255661952,2.99936936674294,"8155062"
1.611785,7.15482,12.1503034572659,3.25809055669531e-05,0.00119910657787564,2.99522829332454,"8159220"
-1.301645,6.37816833333333,-12.1495857513928,3.25912680715216e-05,0.00119910657787564,2.99487403651564,"8144448"
-1.47062,6.93938166666667,-12.1463109832279,3.26385995307624e-05,0.00119952257017196,2.99325735122519,"8129677"
1.32017,8.00283833333333,12.1370571138163,3.27727860745339e-05,0.00120204479549041,2.98868648903269,"7986383"
-1.294445,10.0883133333333,-12.1366001001599,3.27794298076492e-05,0.00120204479549041,2.98846065878688,"8180363"
-2.74029,6.49266,-12.1221578536453,3.29901975680749e-05,0.00120633020350035,2.9813196229736,"8112041"
1.770515,6.228485,12.1189334151499,3.30374715220709e-05,0.00120633020350035,2.97972409309651,"8082974"
1.472185,9.52964833333333,12.1182153240456,3.30480103841927e-05,0.00120633020350035,2.97936870505484,"8022310"
1.513815,10.413045,12.1167859230005,3.30690003370132e-05,0.00120633020350035,2.97866122074824,"8112202"
1.93415,7.74782,12.1162115777969,3.3077438682038e-05,0.00120633020350035,2.97837692358469,"8108683"
-1.6107,5.98316833333333,-12.105948848771,3.32286468762563e-05,0.00121018191957606,2.97329460894128,"7900159"
1.607795,5.86900666666667,12.1041156240979,3.32557424516351e-05,0.00121018191957606,2.9723862934987,"8120613"
1.30093,10.2132733333333,12.0942096213745,3.34026055340439e-05,0.00121322393146563,2.9674756848708,"7999025"
-1.178455,8.61612166666667,-12.0935635991434,3.34122096631524e-05,0.00121322393146563,2.96715529527261,"8006433"
1.4294,11.1103666666667,12.0866652145389,3.35149673295042e-05,0.00121497398516161,2.96373300250027,"8089230"
-1.393235,10.0914366666667,-12.0854314697951,3.35333841596395e-05,0.00121497398516161,2.96312073006307,"8166442"
1.24377,9.78205666666667,12.0769716322379,3.36599896643893e-05,0.00121823551723388,2.95892062785539,"8001477"
1.9662,11.77925,12.0671133160641,3.38082327335925e-05,0.00122210057505065,2.95402241231854,"7894798"
-1.278465,6.71480333333333,-12.0649949254994,3.38401877105055e-05,0.00122210057505065,2.95296933127744,"8122038"
1.25297,6.07268333333333,12.0599650667528,3.39162030421047e-05,0.00122351875698046,2.95046816092051,"8014248"
1.23042,9.14446,12.0561373331445,3.39741852218432e-05,0.00122405742601535,2.9485640491387,"8150537"
1.2704,7.12873333333333,12.0531405184554,3.40196619452477e-05,0.00122405742601535,2.94707284729253,"8146756"
-1.12998,7.97459833333333,-12.0517083449243,3.40414204429894e-05,0.00122405742601535,2.94636007001481,"8093343"
-1.23938,8.843695,-12.04818529844,3.40950143861108e-05,0.00122466202159043,2.94460631891977,"8006415"
-2.63638,4.81085666666667,-12.0413179599282,3.41997679957455e-05,0.00122606126749496,2.94118629070786,"8112668"
-1.26435,7.89085666666667,-12.0369146402924,3.42671345538653e-05,0.00122606126749496,2.93899232728838,"8134730"
-1.413205,7.87629,-12.0329541346423,3.43278595910637e-05,0.00122606126749496,2.93701829540965,"8134257"
-1.352785,6.56135,-12.0321417776292,3.43403307837006e-05,0.00122606126749496,2.93661331076637,"7910022"
-1.582635,7.80604833333333,-12.0312134728143,3.43545885034718e-05,0.00122606126749496,2.93615048837985,"8170921"
2.62691,4.66886666666667,12.0284943426207,3.43963912987256e-05,0.00122606126749496,2.93479460887603,"7933121"
1.80766,7.91586666666667,12.0266093134844,3.44254060150426e-05,0.00122606126749496,2.93385446532761,"8100870"
1.39316,9.563545,12.0246329180658,3.44558579189222e-05,0.00122606126749496,2.93286859170661,"8108927"
-1.24785,10.524465,-12.0240161363065,3.44653676419882e-05,0.00122606126749496,2.93256089218684,"8131844"
-1.444115,8.26456666666667,-12.021320834803,3.45069607653523e-05,0.00122623081387827,2.93121607322582,"7965812"
-1.371665,8.657025,-12.0182630660546,3.45542187469101e-05,0.00122660108914271,2.92969002809791,"8010983"
-1.37006,9.04675833333333,-11.9995102375713,3.4845712234876e-05,0.00123445796074054,2.92032233554078,"8133413"
-1.18416,10.0351133333333,-11.9992549258786,3.48497006666098e-05,0.00123445796074054,2.9201946952084,"8162117"
-1.83552,6.63255666666667,-11.9923635451872,3.49575592690533e-05,0.00123696264716437,2.91674837472495,"8149762"
-1.16569,10.4300866666667,-11.9870795857767,3.50405252363949e-05,0.00123733825849056,2.91410454093293,"7991234"
1.37563,7.959755,11.9869542719419,3.50424956529597e-05,0.00123733825849056,2.91404182559098,"8026007"
1.5364,10.1341916666667,11.9800261124878,3.51516356935443e-05,0.00123987713314401,2.91057347321418,"8170648"
1.19112,10.3410433333333,11.9689467803594,3.5327000054411e-05,0.00124474404318701,2.90502271433204,"8104298"
1.29778,8.78170666666667,11.9565606590217,3.55242655860034e-05,0.00125037153405619,2.89881103743235,"8070632"
1.29952,8.92819333333333,11.9466567151034,3.56829299131805e-05,0.00125462990213218,2.89383945184359,"8169750"
-1.404005,8.83414166666667,-11.9427069720196,3.57464379858407e-05,0.00125505192460918,2.89185558490072,"7989985"
1.481725,7.74171166666667,11.9405716025965,3.57808279290955e-05,0.00125505192460918,2.89078275810582,"8035600"
1.17069,8.73369833333333,11.9351546412068,3.58682420048335e-05,0.00125505192460918,2.88806035464329,"7918188"
-1.429705,7.98023,-11.9350090460741,3.58705949461118e-05,0.00125505192460918,2.88798716546966,"8158866"
-1.183765,6.90086166666667,-11.9336006206561,3.58933656563739e-05,0.00125505192460918,2.88727911748924,"7895715"
-1.21002,6.278125,-11.9318873078729,3.59210885110536e-05,0.00125505192460918,2.88641768064856,"7908529"
-1.63039,6.19624333333333,-11.9267641937729,3.60041349174705e-05,0.00125547123893079,2.88384107622604,"8031669"
2.69124,6.17361333333333,11.9264952805673,3.60085002606512e-05,0.00125547123893079,2.88370579860043,"8122150"
1.32215,11.8743166666667,11.9144199455912,3.62051644386834e-05,0.0012610076990741,2.8776280553625,"7893420"
-1.343345,8.92395666666667,-11.9087739144225,3.62975506022517e-05,0.00126290443302317,2.87478414624726,"8022531"
1.260415,8.60889833333333,11.9008854697148,3.64270932762256e-05,0.001266088648036,2.87080842936807,"7905428"
-1.41657,7.610255,-11.874950432264,3.68568355937259e-05,0.00127882429578731,2.8577184094915,"8037408"
-1.13623,10.10528,-11.8721768411773,3.69031451713519e-05,0.00127882429578731,2.85631678956111,"8180377"
1.372965,6.97631166666667,11.8692752639808,3.69516648022887e-05,0.00127882429578731,2.85485013551684,"8136940"
-1.421265,9.196535,-11.8684228883744,3.69659322946206e-05,0.00127882429578731,2.85441921764379,"7976200"
1.70958,6.36905333333333,11.8663257451614,3.70010628693934e-05,0.00127882429578731,2.85335887422629,"7932744"
-3.092905,5.27140666666667,-11.8649604566043,3.70239547448409e-05,0.00127882429578731,2.85266846366228,"7981996"
1.30547,8.82986166666667,11.8559763613991,3.71750069239025e-05,0.0012824546645729,2.84812329252009,"8103431"
-1.488055,5.12062,-11.8526595259194,3.72309565831586e-05,0.0012824546645729,2.84644437578223,"8081880"
1.55418,10.0681233333333,11.8518512160712,3.72446064402798e-05,0.0012824546645729,2.84603515278959,"7917850"
1.84872,6.01346166666667,11.8458736797284,3.73457311145367e-05,0.00128460827367844,2.84300802356693,"8067932"
-1.560185,8.81876,-11.8352937309303,3.75255080209187e-05,0.00128946010379002,2.8376463390748,"8155883"
-1.86936,5.84805833333333,-11.8233291344124,3.77300384774187e-05,0.00129515164039444,2.83157706661406,"8102587"
1.400745,8.32930666666667,11.8157152465152,3.7860876470231e-05,0.00129807480391764,2.82771152132879,"7996211"
1.16217,10.2808766666667,11.8137733881038,3.7894330789738e-05,0.00129807480391764,2.8267252409041,"8153536"
1.12608,7.20113333333333,11.8101909866323,3.79561394641746e-05,0.00129807480391764,2.82490528707943,"8025998"
1.27559,8.44681666666667,11.8093229246748,3.7971134306868e-05,0.00129807480391764,2.82446420436747,"8131519"
1.816555,8.70879,11.8066843452101,3.80167556541824e-05,0.00129830144924852,2.82312327761606,"8100328"
2.58095,6.49691666666667,11.7971507413759,3.81821298309875e-05,0.00130261309117048,2.81827575738919,"7962146"
-1.414535,7.74166833333333,-11.7866489731786,3.83652765012338e-05,0.00130627339414348,2.8129313467663,"8075910"
1.25933,9.99387333333333,11.7864999751892,3.83678823759596e-05,0.00130627339414348,2.81285548601574,"7896596"
-1.77983,7.45757333333333,-11.7836518535804,3.84177340719352e-05,0.00130663461837919,2.81140520764736,"7956867"
-1.400805,6.44891166666667,-11.7800044822813,3.8481686386506e-05,0.00130747419552193,2.80954742697,"8036318"
-1.30723,6.17946333333333,-11.7671798143391,3.87075459171596e-05,0.00130960053801587,2.80301056736167,"8111214"
-1.17571,8.97346166666667,-11.7655454910548,3.87364401636924e-05,0.00130960053801587,2.80217701688268,"8125139"
-1.17571,8.97346166666667,-11.7655454910548,3.87364401636924e-05,0.00130960053801587,2.80217701688268,"8179851"
1.45902,7.20418833333333,11.7635712184258,3.87713783607406e-05,0.00130960053801587,2.80116992591541,"8063923"
1.29754,8.59642666666667,11.7631328170919,3.87791416544886e-05,0.00130960053801587,2.80094627088606,"8147000"
-1.199365,9.10355,-11.7595709726089,3.88422831442615e-05,0.00130960053801587,2.79912884482612,"8003357"
1.21706,10.0432466666667,11.7569017066314,3.88896808324887e-05,0.00130960053801587,2.79776648923007,"7903565"
-1.94348,5.88757666666667,-11.7567519862591,3.8892341400899e-05,0.00130960053801587,2.79769006476834,"7946334"
1.30254,9.94568666666667,11.7542267408704,3.89372478467643e-05,0.00130960053801587,2.79640090945184,"8083183"
-1.262695,10.101715,-11.7542081912939,3.89375779390247e-05,0.00130960053801587,2.79639143872379,"8180362"
2.106195,7.798265,11.7476985931985,3.9053620219356e-05,0.00131057769123502,2.79306694127638,"7989146"
-1.4389,7.09582333333333,-11.7456534373108,3.90901616151578e-05,0.00131057769123502,2.79202207974859,"7919669"
-1.19475,11.0917166666667,-11.7438072701266,3.91231820885814e-05,0.00131057769123502,2.79107872211075,"7945666"
1.256975,8.14271833333333,11.7433745050666,3.91309272432482e-05,0.00131057769123502,2.79085756530912,"8102789"
1.59527,7.36820833333333,11.7415593658736,3.91634322244899e-05,0.00131057769123502,2.78992988094997,"7925691"
-1.363445,8.379605,-11.7382638193883,3.92225289428964e-05,0.00131123749619641,2.78824521549036,"8112615"
1.3412,11.6713166666667,11.7301599256527,3.93682960604848e-05,0.00131479052550247,2.78410050692018,"7893191"
-1.364325,6.40921666666667,-11.7244592785173,3.94712162751711e-05,0.00131522680231526,2.78118318952166,"7979524"
-1.1129,11.1622333333333,-11.7220916125014,3.95140552159898e-05,0.00131522680231526,2.77997110881206,"8179827"
1.25433,6.75408666666667,11.721215261423,3.95299251522198e-05,0.00131522680231526,2.77952241489725,"7895640"
-1.31475,10.7934,-11.7201920016025,3.95484649425275e-05,0.00131522680231526,2.77899846027874,"8180346"
1.20073,10.8820566666667,11.7185157112257,3.95788586335071e-05,0.00131522680231526,2.77814002464569,"7904433"
-1.843605,6.17483833333333,-11.7043095740531,3.98375411062463e-05,0.00132250309692391,2.77085999590403,"7954729"
1.218735,7.96219333333333,11.6993680846081,3.99279864990002e-05,0.00132418542475818,2.76832559657604,"8001587"
-1.34324,6.47455666666667,-11.6966354157779,3.99781067428788e-05,0.00132452837832601,2.76692359480771,"8045336"
1.47715,9.05810833333333,11.6927006117674,4.00504052759008e-05,0.00132560471617462,2.76490425158927,"8148293"
1.183265,8.85427166666667,11.6875475981655,4.01453195277628e-05,0.00132591225838323,2.76225868078964,"7893790"
-1.742445,8.06251833333333,-11.6849922877702,4.01924841335495e-05,0.00132591225838323,2.76094633921364,"8073573"
1.4,12.9601,11.6849068880428,4.01940615204947e-05,0.00132591225838323,2.76090247509221,"7895328"
-1.4454,11.13285,-11.6789242320952,4.03047460048884e-05,0.00132591225838323,2.7578287765785,"7954090"
1.20358,8.98714333333333,11.6778916927871,4.03238850821839e-05,0.00132591225838323,2.75729812926752,"8150757"
1.511115,5.38602,11.6778137517913,4.03253302240068e-05,0.00132591225838323,2.75725807154591,"8142424"
-1.389165,10.130445,-11.6753821323535,4.03704466041901e-05,0.00132591225838323,2.75600820633132,"8141076"
-2.69385,12.8805166666667,-11.6745929572421,4.03851017270968e-05,0.00132591225838323,2.75560250947891,"8165646"
1.10042,9.144885,11.6728180990044,4.04180839793067e-05,0.00132591225838323,2.7546899939933,"8152340"
1.14448,9.81462333333333,11.6685641194707,4.04972645999216e-05,0.00132664617264979,2.75250230496963,"7989013"
1.33139,7.30460666666667,11.6635088285998,4.05915971079694e-05,0.00132664617264979,2.74990147585536,"8012891"
-1.23329,8.71238,-11.6582718607835,4.06895918042134e-05,0.00132664617264979,2.74720597400442,"8125048"
-1.115815,9.64896833333333,-11.6579133779129,4.06963099208285e-05,0.00132664617264979,2.74702141567171,"8009040"
-1.51222,7.65451333333333,-11.6575869001509,4.07024293811692e-05,0.00132664617264979,2.74685332958231,"7962058"
-1.593905,7.60664833333333,-11.6567816545823,4.07175274254969e-05,0.00132664617264979,2.74643873095657,"8170420"
-1.718595,5.92502333333333,-11.6566841656618,4.07193557512113e-05,0.00132664617264979,2.74638853464537,"7923386"
1.33353,8.44015833333333,11.649136774755,4.08611938682987e-05,0.00132882715057186,2.74250114909889,"8083223"
1.460755,10.1088366666667,11.6488755132257,4.08661141299691e-05,0.00132882715057186,2.74236653716549,"8152867"
-1.35515,8.00789166666667,-11.6434342739884,4.09687456018885e-05,0.00133037066226738,2.73956230772131,"8088602"
-2.20442,4.81096333333333,-11.6419566727276,4.09966680003227e-05,0.00133037066226738,2.7388005733197,"8054344"
1.72394,7.60699666666667,11.6400122212299,4.10334465612097e-05,0.00133037066226738,2.73779801871579,"7895776"
1.08785,11.24505,11.6356307309447,4.11164628083108e-05,0.00133176543008592,2.73553831125086,"7895001"
1.3705,9.96269333333333,11.6176560337044,4.14590994861297e-05,0.00134155844080628,2.72625903052798,"7903786"
1.56663,7.51030833333333,11.6117941544235,4.15715634060508e-05,0.00134383347407257,2.72322974581223,"7943892"
1.409415,7.12535333333333,11.6097885501061,4.16101243886483e-05,0.00134383347407257,2.72219294040735,"8117600"
1.22239,10.35842,11.6041567774771,4.1718628942636e-05,0.00134603215882069,2.71928060374541,"8148572"
1.187815,6.733125,11.5889584283948,4.2013109151945e-05,0.00135422119596545,2.71141400328485,"8033257"
-1.71717,6.458305,-11.5847839501985,4.20944195783314e-05,0.00135552987301712,2.70925148577508,"8096959"
-1.17439,9.41746,-11.5670925942231,4.24410677161442e-05,0.00136520874030985,2.70007803183831,"8085984"
1.23065,12.96985,11.5650716672168,4.2480878984279e-05,0.00136520874030985,2.69902922380094,"7895953"
1.30739,5.580045,11.5631898878695,4.25179885185246e-05,0.00136520874030985,2.69805246330555,"8148040"
-2.10232,5.67922333333333,-11.5575837248701,4.26287702665845e-05,0.00136744717106596,2.69514156429719,"8095868"
1.24904,8.61593166666667,11.5545198814062,4.26894571123064e-05,0.00136807589361739,2.69355011624713,"7918474"
1.459535,7.55492166666667,11.5450621286772,4.28774313498609e-05,0.00137217610887789,2.68863479969359,"8110147"
1.10814,7.676005,11.5420838551845,4.29368259484963e-05,0.00137217610887789,2.68708611080644,"8015412"
-1.295885,8.91623166666667,-11.5413590799023,4.29512944748843e-05,0.00137217610887789,2.68670916988013,"8086028"
1.37587,8.36655666666667,11.5398098251664,4.29822410895767e-05,0.00137217610887789,2.68590335378568,"8046695"
1.37208,8.77838833333333,11.5291728284186,4.3195424791181e-05,0.00137766097631413,2.68036776747079,"7966122"
1.117815,8.424695,11.5213470622584,4.33530590267816e-05,0.00138136536499019,2.67629187890754,"8066402"
1.30299,9.76531166666667,11.516227284469,4.34565518933317e-05,0.00138324535907856,2.67362383694593,"7918255"
-1.360585,6.97697333333333,-11.5143216791966,4.34951464382751e-05,0.00138324535907856,2.67263047369834,"7974689"
-1.15632,6.52668166666667,-11.5103782383872,4.35751414225912e-05,0.0013844670648359,2.6705742908811,"8140650"
-1.1511,11.1880666666667,-11.5053869600022,4.36766400791565e-05,0.00138564895594066,2.66797072736178,"7974851"
-1.204615,4.50574333333333,-11.5044575578857,4.36955702837399e-05,0.00138564895594066,2.66748580445249,"8014066"
-1.965095,6.40909833333333,-11.4967967795238,4.38519734724315e-05,0.00138833123108118,2.66348722752895,"8138765"
1.373235,7.98182833333333,11.4962312732255,4.38635449168814e-05,0.00138833123108118,2.66319195258065,"7928308"
-1.48085,5.65552166666667,-11.4929953004123,4.39298286580623e-05,0.00138910874152659,2.66150203156088,"8020653"
-1.5393,5.25232666666667,-11.4881555054744,4.4029183616091e-05,0.00139092953212996,2.65897365178274,"8121532"
1.118055,9.372195,11.4749098238304,4.43024521693082e-05,0.00139823578187816,2.65204842084041,"7923659"
-1.80733,5.89752166666667,-11.4712444051289,4.4378423795564e-05,0.00139930717530388,2.65013060960168,"7968883"
1.085185,10.502505,11.4636076315362,4.45371996531914e-05,0.00140298499229169,2.64613293238801,"8147503"
-1.527845,6.18499833333333,-11.4608425809147,4.45948520064914e-05,0.00140301392488042,2.64468482986898,"8022902"
-1.07707,8.38707,-11.4595232794052,4.46223907994224e-05,0.00140301392488042,2.64399376596386,"8139270"
1.25494,8.981785,11.4503910342462,4.48135632388313e-05,0.00140684517156652,2.63920800293493,"8109576"
-1.10775,11.0403833333333,-11.4496677595363,4.48287451431683e-05,0.00140684517156652,2.63882880581546,"8125059"
1.16905,10.2944,11.4452007651907,4.49226434766056e-05,0.00140846446312668,2.63648632382415,"8107706"
1.40273,8.16542333333333,11.4277672353491,4.52913192060306e-05,0.00141716696629533,2.62733540730979,"7895948"
-1.56121,7.202175,-11.4262595533779,4.53233693903254e-05,0.00141716696629533,2.62654336028946,"8010061"
-1.47251,7.56039833333333,-11.4260469058664,4.53278919753888e-05,0.00141716696629533,2.62643163939129,"7973724"
1.3634,8.61088333333333,11.4199368003662,4.54580681136813e-05,0.00141918818146837,2.62322061405843,"7904364"
1.196845,9.808975,11.419013159672,4.54777844738791e-05,0.00141918818146837,2.62273506558222,"7996041"
-1.1308,11.1571333333333,-11.4049769328301,4.57786450598318e-05,0.00142723927392998,2.61535149950724,"8178598"
-2.20721,6.41948,-11.4028572734708,4.58242817453279e-05,0.00142732564010681,2.61423568746453,"8145736"
1.37234,6.79807166666667,11.3972952427422,4.59442874051828e-05,0.00142972611002839,2.61130678139794,"8131957"
-1.217355,7.65893166666667,-11.390480727009,4.60918195221051e-05,0.00143297788480629,2.60771637087845,"7989493"
-1.273025,7.53269833333333,-11.3856478761662,4.61967861506968e-05,0.00143490148177215,2.6051687449816,"8160981"
1.705415,3.44862166666667,11.3798780848088,4.63224700862363e-05,0.00143746438626413,2.60212578959841,"8057713"
-1.27002,2.97934,-11.3740836487734,4.64490948179711e-05,0.00143975666011174,2.59906827624838,"7896163"
-1.701155,9.57518833333333,-11.3725435515907,4.64828185608348e-05,0.00143975666011174,2.59825535969437,"8072926"
1.289695,9.37703,11.3507002377428,4.69642317558413e-05,0.00145259266480487,2.5867137834573,"7999614"
1.076325,10.302975,11.3497871771036,4.69844820853184e-05,0.00145259266480487,2.58623085475016,"7903703"
1.217525,8.262105,11.344478973105,4.71024132754324e-05,0.00145365756059267,2.58342250941963,"7904106"
-1.50257,8.15132,-11.3443069428703,4.71062410391175e-05,0.00145365756059267,2.5833314734624,"8080810"
-1.270025,8.47487166666667,-11.3340646610191,4.73347963344576e-05,0.00145765535017945,2.57790890493715,"8044417"
-1.87248,6.31328666666667,-11.3321877589034,4.73768201016676e-05,0.00145765535017945,2.57691468404492,"8116980"
1.234115,7.67607333333333,11.3313280044832,4.73960845872056e-05,0.00145765535017945,2.57645920511214,"7993608"
1.16839,9.30529666666667,11.3281922349598,4.74664255904033e-05,0.00145765535017945,2.57479764965106,"7999608"
-1.211985,7.51711,-11.3276171118029,4.74793399347403e-05,0.00145765535017945,2.57449285810089,"8140319"
-1.22651,7.35033333333333,-11.3267661861571,4.74984549642521e-05,0.00145765535017945,2.57404187412879,"8099541"
1.6915,5.08159333333333,11.3239513018382,4.75617523482954e-05,0.00145825383788323,2.57254976511173,"8008564"
-1.54505,8.36368,-11.3162513364835,4.77354052023698e-05,0.00146223163479605,2.56846627913353,"8092230"
1.415895,5.91319833333333,11.3117353265874,4.78375982058988e-05,0.00146401517229946,2.56607002838768,"7929282"
-1.395815,6.64107666666667,-11.3074433160769,4.79349602837091e-05,0.00146500840842316,2.56379174517613,"7919606"
-1.775185,4.23845,-11.3064269867572,4.7958049229097e-05,0.00146500840842316,2.56325213069937,"7916491"
-1.39572,8.01542666666667,-11.2984955929089,4.81386833639137e-05,0.00146917849676282,2.55903932927496,"7988921"
1.3783,9.23456,11.2933589408296,4.82560943262833e-05,0.00147141316188851,2.55630938759964,"8144378"
1.120665,7.62765,11.2882666148681,4.83728238680527e-05,0.00147362297926308,2.55360177490558,"8021565"
1.155905,10.148215,11.270715797422,4.87776810251334e-05,0.00148459821306569,2.54426053885282,"8180357"
-1.100025,7.830315,-11.2652916941035,4.89036058623981e-05,0.00148707156566235,2.54137066976987,"8079964"
-1.114205,7.60611666666667,-11.2543199885885,4.91594905081908e-05,0.00149258050477828,2.53552087120591,"7979505"
2.877065,6.868585,11.2535381677242,4.91777841894361e-05,0.00149258050477828,2.53510380884047,"8127193"
1.184345,7.03801,11.2517672625774,4.92192508107801e-05,0.00149258050477828,2.53415901215704,"7923596"
-1.338425,7.78940833333333,-11.2471088020594,4.93285269908773e-05,0.00149338890762505,2.53167296305304,"7932420"
1.919705,6.91803166666667,11.245003842364,4.93779975822076e-05,0.00149338890762505,2.53054928535088,"8045257"
-2.38203,6.96524,-11.2448991181934,4.9380460320605e-05,0.00149338890762505,2.53049337559277,"7908924"
-1.38059,7.013295,-11.2316980022539,4.96920605803501e-05,0.00150144876691826,2.52344143584237,"8163383"
1.31065,8.18087166666667,11.2215965392668,4.99320548599145e-05,0.0015073323940803,2.51803970513213,"7988444"
1.12795,10.7064166666667,11.2175254493895,5.00291615628874e-05,0.00150762509646078,2.51586132531218,"8153568"
-1.14725,10.8367333333333,-11.2173937286835,5.00323071624819e-05,0.00150762509646078,2.51579083031132,"8106098"
1.201885,8.34869333333333,11.212901651405,5.01397206964666e-05,0.00150949573239625,2.51338624042716,"8144516"
1.12753,9.95297333333333,11.2004032832529,5.04400052378991e-05,0.00151716427678981,2.50669084545364,"7915472"
-1.15095,8.775015,-11.1924768286515,5.06315387326417e-05,0.00152155085305124,2.50244076021888,"7925876"
-1.30629,7.63529833333333,-11.1897057887966,5.0698698843801e-05,0.00152219528891077,2.50095424685476,"7909027"
-1.571115,8.26157,-11.1803665831283,5.09258187129906e-05,0.00152394559989341,2.49594155658416,"8020878"
1.07895,10.32399,11.1802078002565,5.09296904551678e-05,0.00152394559989341,2.49585629589737,"8057620"
-1.10018,10.0338216666667,-11.1797822692207,5.09400682548388e-05,0.00152394559989341,2.49562779508287,"8177788"
-1.10018,10.0338216666667,-11.1797822692207,5.09400682548388e-05,0.00152394559989341,2.49562779508287,"8179103"
1.388545,8.53879166666667,11.1733024773932,5.10984035323297e-05,0.00152703978176775,2.49214721543071,"7928705"
-1.063065,7.129655,-11.1691640494188,5.11998291257154e-05,0.00152703978176775,2.48992322955655,"8151609"
1.209735,7.383765,11.1675039377171,5.12405818996708e-05,0.00152703978176775,2.48903085637112,"8148517"
-1.505485,9.92586166666667,-11.1661272375574,5.12744062901703e-05,0.00152703978176775,2.48829072718145,"8024111"
1.14475,11.2147166666667,11.16562427604,5.1286770172706e-05,0.00152703978176775,2.48802030679511,"8071737"
-1.868475,4.836725,-11.164327542812,5.13186628164132e-05,0.00152703978176775,2.48732305400259,"7895786"
-1.06567,9.03722666666667,-11.1604174532159,5.14149708626091e-05,0.00152724815216618,2.48522011117794,"8043203"
-1.408415,5.92812333333333,-11.1603189286492,5.14174003237014e-05,0.00152724815216618,2.48516711272963,"7895185"
-1.17334,8.06936,-11.1470644315668,5.17454665118417e-05,0.00153552017821796,2.47803297692264,"8123695"
-1.2284,7.96994666666667,-11.1453482375626,5.17881238591696e-05,0.00153552017821796,2.47710862900235,"8061247"
1.367555,7.52578,11.1401677325072,5.19171397845809e-05,0.00153797598167899,2.47431752960293,"8097827"
1.055135,8.98169,11.1360759305365,5.20193090609519e-05,0.00153807374156786,2.47211207485091,"7912706"
-1.25838,7.75398666666667,-11.1352107337227,5.20409425829874e-05,0.00153807374156786,2.47164563581765,"7960757"
-1.069075,8.25790333333333,-11.134488179585,5.20590175315186e-05,0.00153807374156786,2.47125606962683,"7913694"
1.185505,7.197745,11.1295421256688,5.21829427488398e-05,0.00153973274960427,2.46858871954388,"8155148"
1.415425,9.67758666666667,11.1285574848377,5.22076545725809e-05,0.00153973274960427,2.4680575729147,"8118826"
1.04436,8.58134166666667,11.1246002445386,5.23071091532813e-05,0.00154130071989098,2.46592243856168,"8153411"
-1.597415,6.44285166666667,-11.1210175968852,5.23973410775677e-05,0.00154259439952234,2.46398876271286,"7944769"
1.53949,6.037215,11.1086138457716,5.27111531631192e-05,0.00155046224988726,2.45728923797251,"8112649"
-1.68989,5.63396833333333,-11.1063993888701,5.27674100708526e-05,0.00155074709014049,2.45609237900917,"7969241"
-1.854205,7.437355,-11.0865332011515,5.32752607949909e-05,0.00156395327501486,2.4453445476086,"8086051"
-1.44041,6.19041166666667,-11.0849802561894,5.33152006509184e-05,0.00156395327501486,2.44450357833425,"7943413"
-2.040405,5.48767,-11.0833297762636,5.33576874918725e-05,0.00156395327501486,2.44360966209314,"8102065"
1.06535,9.55481833333333,11.0762383160375,5.35406891392931e-05,0.0015670604050055,2.43976734768459,"8104422"
-1.22121,9.53712333333333,-11.0755759273705,5.35578202509613e-05,0.0015670604050055,2.43940832532618,"8175593"
-1.465885,7.06741166666667,-11.0718452883667,5.36544245399336e-05,0.00156850866892552,2.4373858761471,"8113551"
-1.79734,6.21999666666667,-11.0659664819025,5.38070703887412e-05,0.00157159124801221,2.43419748753948,"8030448"
-1.32286,8.896355,-11.0584657903691,5.40025693777627e-05,0.0015754050224119,2.43012701514667,"8124088"
1.32819,8.862615,11.0553078652899,5.40851270846556e-05,0.0015754050224119,2.42841245134646,"8115410"
-3.4505,4.64135333333333,-11.0550512915049,5.4091841198865e-05,0.0015754050224119,2.42827312576638,"7976816"
-1.268855,8.43067333333333,-11.053712207765,5.4126898688747e-05,0.0015754050224119,2.42754591966625,"8060339"
-2.04996,7.84912666666667,-11.0497331684848,5.42312281160984e-05,0.00157706305902334,2.42538453535491,"7906954"
1.151975,7.1262,11.0475354299355,5.42889533865549e-05,0.001577161874009,2.42419040815559,"7990269"
-1.247215,5.72172666666667,-11.0457645219656,5.43355200647563e-05,0.001577161874009,2.42322802462241,"7939237"
-1.193465,8.89110833333333,-11.0441989805563,5.4376725571743e-05,0.001577161874009,2.42237711777524,"7961390"
-1.459405,7.001745,-11.0378058308698,5.45453760212171e-05,0.00158067657561224,2.41890105142521,"7939215"
1.44112,7.66373166666667,11.0317296761552,5.47062330757852e-05,0.00158395951541254,2.41559548375704,"7954631"
-1.39777,6.35997333333333,-11.023297036915,5.49303973461342e-05,0.00158906814981254,2.41100493255429,"8050497"
-1.29186,5.908465,-11.0206952405277,5.49997780737738e-05,0.00158969410635629,2.40958786439236,"7997642"
-1.678355,7.89587666666667,-11.0141598274845,5.51745082979961e-05,0.00159265217704996,2.40602688457185,"8115847"
1.144045,6.09209833333333,11.0132910833753,5.51977839539796e-05,0.00159265217704996,2.40555336989624,"7926506"
-1.204205,6.77669333333333,-11.0112778539404,5.52517672892073e-05,0.00159282951985172,2.40445590324045,"7950864"
-1.23823,9.992025,-11.0076817241854,5.53483491539014e-05,0.00159423354825039,2.40249505770404,"8103399"
1.02554,8.294975,10.993747332669,5.57244623490407e-05,0.00160367970858773,2.39489109682861,"8176624"
1.255105,8.61199833333333,10.9917868122657,5.57776203618817e-05,0.00160382333781483,2.39382047755525,"8161174"
1.83385,5.455675,10.9880763974268,5.58783883041193e-05,0.00160533450850928,2.39179374022221,"8065071"
1.566435,6.03666166666667,10.9816756963549,5.60527216916165e-05,0.00160782923878935,2.38829589124696,"8138997"
-1.21486,8.03582333333333,-10.9790308485917,5.61249445708909e-05,0.00160782923878935,2.38684994610708,"8082965"
-1.430365,8.00090166666667,-10.9779778888031,5.61537281226364e-05,0.00160782923878935,2.38627419397754,"7944722"
1.16789,8.94948666666667,10.9778079645134,5.61583747698595e-05,0.00160782923878935,2.38618127525059,"8021946"
1.236575,9.35966333333333,10.9740396602262,5.62615365267261e-05,0.00160939895337663,2.38412030785396,"7993359"
-1.41043,7.09711,-10.9702690984078,5.63649826087048e-05,0.0016109740995039,2.38205740228523,"8130211"
-1.194995,7.19726666666667,-10.9682002941252,5.642183541542e-05,0.00161121599813657,2.38092524323174,"8051762"
1.428525,9.105165,10.9653694364433,5.64997392230931e-05,0.00161205811217766,2.37937570470067,"8008493"
-1.234545,9.07116666666667,-10.9572814950185,5.67230114296924e-05,0.00161704290374526,2.37494638505912,"8001211"
1.917235,6.915155,10.9546145324537,5.67968611873281e-05,0.00161776311972153,2.37348512523084,"7982187"
1.30477,9.63607666666667,10.9430054926171,5.71196388633182e-05,0.00162556633780505,2.36712028171362,"8001658"
-1.42806,8.28441166666667,-10.9335791883199,5.73833111268037e-05,0.00163167558547326,2.3619472283804,"7973371"
1.61467,7.28509333333333,10.92764591968,5.75500083325534e-05,0.00163354234040728,2.35868884619091,"8160559"
1.736305,7.48416166666667,10.9266378244945,5.75783875196906e-05,0.00163354234040728,2.35813505466264,"8147313"
1.52675,12.5023333333333,10.9260074747228,5.75961410228593e-05,0.00163354234040728,2.35778874974942,"7892509"
-1.7005,5.06585333333333,-10.9240103754798,5.76524307820036e-05,0.00163374722361564,2.35669144191539,"7915612"
1.08138,7.51979,10.919580620635,5.77775172060104e-05,0.00163589965170793,2.35425679941758,"7909782"
-1.04284,8.94314166666667,-10.9017673958439,5.82837469740555e-05,0.00164731377928153,2.3444565591867,"7966003"
-1.75497,8.360745,-10.9006630260007,5.83153026606149e-05,0.00164731377928153,2.34384844954319,"7933194"
-1.086875,8.78451,-10.9001658384114,5.83295155789384e-05,0.00164731377928153,2.3435746584974,"7978208"
1.47559,6.526,10.898451971905,5.83785403955974e-05,0.00164731377928153,2.34263077238648,"8016444"
-1.424025,8.67067,-10.8942852597429,5.84979300603772e-05,0.00164781082959672,2.34033540506731,"8168749"
1.104875,9.33704666666667,10.8937319477161,5.85138057506207e-05,0.00164781082959672,2.34003052994271,"8115168"
1.32592,7.85204,10.89188921993,5.85667139462767e-05,0.00164781082959672,2.33901507565407,"8110253"
1.243505,9.32988166666667,10.8902423367366,5.86140465533985e-05,0.00164781082959672,2.33810739954816,"7993349"
1.272655,8.81531166666667,10.8892149707188,5.86435965123619e-05,0.00164781082959672,2.33754110012789,"8107655"
-1.443055,7.34124666666667,-10.8813248865295,5.88711209154905e-05,0.00165116063836292,2.33319020393942,"8167287"
1.16486,7.10454333333333,10.8791798830797,5.89331547079731e-05,0.00165116063836292,2.33200682633107,"8098348"
-1.065755,9.70478166666667,-10.8787170223451,5.89465507566706e-05,0.00165116063836292,2.33175144024618,"8117054"
1.02145,11.0764833333333,10.8782121198876,5.89611676431365e-05,0.00165116063836292,2.33147284512843,"7982531"
-1.36356,5.48233833333333,-10.866128901442,5.93122471792186e-05,0.00165959654985415,2.32480174401797,"7980537"
1.915415,8.313725,10.8629013350664,5.94064390232834e-05,0.00165967769209467,2.32301857364717,"8043310"
-1.16664,7.86804,-10.8626138815467,5.94148364410263e-05,0.00165967769209467,2.32285973549717,"7979241"
1.21675,7.94213333333333,10.8559280638378,5.96105433757328e-05,0.00166374875337953,2.31916418022638,"8016476"
-1.11415,7.211285,-10.851386408464,5.97439176972641e-05,0.00166607472995461,2.31665251620132,"8131069"
-2.118625,6.91365,-10.8412460219953,6.00429743194453e-05,0.00167075786204714,2.31104084021766,"7912692"
1.12507,9.71607666666667,10.8393552318456,6.00989308061895e-05,0.00167075786204714,2.30999390528647,"8062766"
1.343955,9.75427833333333,10.8378574499734,6.01432999226524e-05,0.00167075786204714,2.30916445175007,"8019392"
1.052455,9.00597833333333,10.8374214939707,6.01562215580142e-05,0.00167075786204714,2.30892300327393,"8035023"
-1.55519,7.19003666666667,-10.8372016916705,6.01627376819088e-05,0.00167075786204714,2.30880126502982,"8089011"
-1.5433,2.155855,-10.8320900961198,6.03145065891399e-05,0.00167287260979533,2.30596950179738,"7894344"
-1.298275,8.72327333333333,-10.8312541297828,6.03393700442741e-05,0.00167287260979533,2.30550626066234,"8118734"
-2.81323,7.519355,-10.8241297138373,6.05517540412875e-05,0.00167736418828016,2.30155691257213,"7915592"
1.15166,8.80918833333333,10.8142345330859,6.08481925646356e-05,0.00168417478622167,2.29606735408148,"8122699"
1.03801,9.27660666666667,10.800389356051,6.12658257257255e-05,0.00169432574683512,2.2883781156069,"7926531"
-1.27796,6.51704166666667,-10.7848692200061,6.17379850695544e-05,0.00170496339098481,2.27974706695177,"7943711"
-1.16946,10.3833133333333,-10.7837934979514,6.17708689025619e-05,0.00170496339098481,2.27914838262167,"7974316"
-1.306445,9.24862,-10.7812682949241,6.184814275865e-05,0.00170496339098481,2.27774276979703,"8003180"
1.06461,10.0691966666667,10.7810347382765,6.18552955614516e-05,0.00170496339098481,2.27761274790151,"7995843"
-1.207525,9.11239833333333,-10.7738603545897,6.20754883296071e-05,0.00170816089889256,2.27361738541582,"8101260"
1.1055,10.9635,10.7736567268012,6.20817513774196e-05,0.00170816089889256,2.27350394824837,"8150599"
-1.15273,7.64984333333333,-10.7722447006011,6.21252019268671e-05,0.00170816089889256,2.27271727709457,"7939184"
-1.22006,8.38115,-10.7674909750645,6.22717448085962e-05,0.0017107774644322,2.27006812280983,"8079153"
-1.07006,6.958775,-10.7649236320093,6.23510567194231e-05,0.00171154421730143,2.26863691486586,"8012000"
1.19622,9.45860666666667,10.7621027283063,6.24383383832099e-05,0.00171252829748414,2.2670639669481,"8092578"
1.258295,9.08264833333333,10.7553776961193,6.26469963090205e-05,0.00171683706675017,2.26331241896974,"8116372"
1.10752,7.44991,10.7489293970465,6.28478362330115e-05,0.00172092467356133,2.25971307241074,"7923967"
1.50492,6.74581,10.7453028902447,6.29611197434705e-05,0.00172261002801835,2.25768787342843,"8144786"
1.0191,10.4573433333333,10.7277650660692,6.35123500293711e-05,0.00173626495806894,2.24788447054037,"8111153"
1.38485,6.92769333333333,10.7249614098,6.36009952403944e-05,0.00173726196761232,2.24631580068453,"8171561"
-1.181775,7.8615,-10.7182817745271,6.381277520698e-05,0.00174026905558015,2.24257685824527,"7917649"
1.417235,5.952535,10.7181923977815,6.38156145257339e-05,0.00174026905558015,2.24252681382484,"7984245"
1.058995,9.12555666666667,10.7079771293358,6.41411111302985e-05,0.00174771405671485,2.23680430235752,"7919971"
-1.166835,9.46545833333333,-10.7058228433747,6.42100030325052e-05,0.00174816064674843,2.23559680201881,"8129937"
1.39273,7.62214333333333,10.6984568943529,6.44462150084111e-05,0.00175233119513778,2.23146630001444,"8054308"
-1.13347,10.1970266666667,-10.6977654049632,6.44684420231187e-05,0.00175233119513778,2.23107839922834,"7979204"
-1.23319,7.26625833333333,-10.6908862946595,6.469005211564e-05,0.0017558642501642,2.22721811967352,"7908459"
1.637065,8.815265,10.6904576537596,6.47038902889591e-05,0.0017558642501642,2.22697750273796,"7892688"
-1.066245,7.76274666666667,-10.6879867560868,6.47837280481252e-05,0.00175659917981956,2.22559028278039,"8105267"
1.11077,10.0144783333333,10.6841596779975,6.49076137714588e-05,0.00175852629434358,2.22344104802601,"7995755"
1.216195,8.72338833333333,10.674205032726,6.52311570238123e-05,0.00176585515074949,2.21784710465692,"7917255"
1.144025,9.485,10.6691518967819,6.53961160444671e-05,0.00176888259620847,2.2150055656094,"7989253"
1.552015,8.22407333333333,10.6595729715798,6.57101631337508e-05,0.00177593449826664,2.20961539576842,"7895647"
1.73436,7.76613,10.6564034254763,6.5814466447499e-05,0.00177731085912601,2.20783080716431,"8094165"
1.15727,8.49547833333333,10.6509134651252,6.59955895076931e-05,0.00178075781510345,2.20473849169453,"7911078"
-1.327015,7.33473333333333,-10.6297017317231,6.67009132392512e-05,0.00179702438377734,2.19277587307173,"8056792"
1.10184,7.89795666666667,10.6292300653175,6.67166970481741e-05,0.00179702438377734,2.19250960442201,"8169683"
1.0631,11.0259833333333,10.6279264576519,6.67603436565626e-05,0.00179702438377734,2.19177362167481,"7958644"
-1.54696,8.07771,-10.6259434809727,6.68268006953709e-05,0.0017973602445507,2.19065391487545,"8015349"
-1.916705,8.09529833333333,-10.6208761679349,6.69969781173634e-05,0.00180048295429689,2.1877916751192,"7953200"
-1.119585,7.35935833333333,-10.6135218377161,6.72448658609463e-05,0.00180568733755801,2.18363524103599,"8157153"
-1.05716,8.889915,-10.6091741101392,6.73919176531763e-05,0.00180780552003334,2.18117671274464,"8174086"
-1.208045,8.55029833333333,-10.6079810829609,6.74323349215066e-05,0.00180780552003334,2.18050191351601,"8117330"
-1.02982,9.88554333333333,-10.6035554799016,6.75825135348568e-05,0.00181037405725674,2.17799805579686,"8180268"
-1.09849,9.54696333333333,-10.5994435775408,6.77223985114559e-05,0.00181266294472343,2.17567075972623,"8042519"
-1.15348,7.27760333333333,-10.5967099752943,6.78155822096742e-05,0.00181369914926548,2.17412307736764,"8154981"
1.0239,10.7805666666667,10.5893724976157,6.80664480793121e-05,0.00181894744919491,2.16996688244597,"7958174"
-1.056465,9.20802833333333,-10.5825336889762,6.83012446375804e-05,0.0018219242164737,2.16609060506295,"8122464"
-1.007475,9.85762,-10.5822858349272,6.83097720142814e-05,0.0018219242164737,2.16595007376385,"8149534"
1.01535,12.1929666666667,10.5802605871295,6.83794971057572e-05,0.0018219242164737,2.1648016531523,"8153449"
-1.080085,8.921685,-10.5797609753676,6.83967105322441e-05,0.0018219242164737,2.16451831418838,"8061564"
-1.58542,4.90902833333333,-10.5690255497124,6.87678147927499e-05,0.00183034526710967,2.15842688478558,"8120362"
1.163465,6.97067833333333,10.5671545078258,6.88327346090971e-05,0.00183053236243828,2.15736460868185,"7990757"
1.372265,8.87433,10.5656555521849,6.88847959316206e-05,0.00183053236243828,2.15651344987828,"8028186"
-1.1486,10.7556416666667,-10.5606919337035,6.90575207853062e-05,0.00183365890716774,2.15369409029906,"8089544"
-1.20132,7.12525666666667,-10.5542194629073,6.92835141786313e-05,0.00183819376223577,2.1500157428948,"7950391"
-1.935795,6.152495,-10.5457721739212,6.95797658997416e-05,0.00184019314779914,2.14521176580132,"8096301"
-1.430905,8.82954666666667,-10.5456000095545,6.95858192348916e-05,0.00184019314779914,2.14511381663557,"8088180"
1.97637,8.7398,10.5455362844579,6.9588059979154e-05,0.00184019314779914,2.14507756123277,"7893657"
1.02126,8.44560333333333,10.5454931922518,6.95895752639216e-05,0.00184019314779914,2.14505304447052,"7953697"
1.38536,7.01930333333333,10.5438846950654,6.96461637784791e-05,0.00184019314779914,2.14413784022984,"7958620"
1.19885,13.64825,10.5426264014338,6.96904693928797e-05,0.00184019314779914,2.14342179975171,"7893650"
1.51133,7.15788166666667,10.5388704485502,6.9822916395141e-05,0.00184222951442869,2.14128395125854,"8166278"
-1.22774,9.14113,-10.5356948585217,6.99351281748937e-05,0.00184267812756678,2.1394758566439,"7974870"
-1.206885,6.45933,-10.5352574536333,6.99506007521522e-05,0.00184267812756678,2.1392267683574,"8149204"
-2.0227,7.036235,-10.5322615034728,7.00566861714607e-05,0.0018432354609097,2.13752039684456,"8154100"
1.014595,9.18811166666667,10.5315340714685,7.00824727005942e-05,0.0018432354609097,2.13710600938116,"8122440"
1.947885,2.616315,10.5230823333786,7.03828930165194e-05,0.001848783961021,2.13228935289448,"7892858"
-1.510765,8.70273333333333,-10.5224765773422,7.0404482763451e-05,0.001848783961021,2.13194398624847,"8096385"
1.442765,5.96958,10.519147882039,7.0523259397811e-05,0.00184925474556345,2.13004581144245,"8116831"
-1.480315,4.171255,-10.518861553934,7.05334873071324e-05,0.00184925474556345,2.12988250654583,"7895321"
1.354975,7.64096666666667,10.5156812551886,7.06472075604952e-05,0.00185077896942707,2.12806835640676,"7899192"
1.387065,5.99133,10.5100477150877,7.08491781250475e-05,0.00185461091511769,2.12485347534373,"8035782"
-2.322735,5.4396,-10.5035629267461,7.10825056912517e-05,0.00185779763893376,2.12115072501246,"8039044"
-1.46055,8.640155,-10.500751173221,7.11839545617622e-05,0.00185898990983764,2.1195445459685,"8040163"
-1.282045,7.29307833333333,-10.4936382032166,7.14413511844866e-05,0.00186424974168484,2.11547947100583,"8077851"
-1.096635,7.44763333333333,-10.4898062437414,7.15804701926579e-05,0.00186477776952815,2.11328838177866,"8097586"
-1.93523,3.30283,-10.4888657183167,7.16146644175686e-05,0.00186477776952815,2.11275047584225,"7893136"
1.609325,6.01143666666667,10.4884550942755,7.16295992800105e-05,0.00186477776952815,2.11251561666568,"8122756"
1.06829,7.60264833333333,10.4819977758901,7.18649400632534e-05,0.0018694428978798,2.10882112677369,"8025458"
-1.51572,6.550965,-10.4704780740111,7.22870368838588e-05,0.00187829767759918,2.10222471413127,"8097628"
-2.1033,6.36461,-10.469631919802,7.23181554699268e-05,0.00187829767759918,2.10173990951103,"7978285"
1.19493,6.43318166666667,10.4638028292181,7.25329561701907e-05,0.00188240829430931,2.09839908694194,"7979963"
-1.73037,6.45885833333333,-10.4444451600311,7.32516664876838e-05,0.00189889744978439,2.08729157521016,"8047738"
-1.330285,9.3491,-10.4436230383468,7.32823744773684e-05,0.00189889744978439,2.08681939318685,"8133176"
-1.202395,6.963525,-10.4302903059565,7.37824930007971e-05,0.00191036988292966,2.0791567234016,"8163002"
-1.108435,8.7605,-10.4212275804639,7.41247252586778e-05,0.00191773968682066,2.07394267597828,"8145365"
1.145225,8.23861166666667,10.4186032977402,7.42241721880589e-05,0.00191777239308248,2.07243202393805,"8107353"
-1.170485,8.36154,-10.4181548600576,7.42411813281471e-05,0.00191777239308248,2.07217384641773,"7963577"
-1.334865,9.25288333333333,-10.4157909273859,7.4330920311656e-05,0.00191833966674183,2.07081268808343,"8096050"
-1.08784,9.32994666666667,-10.4145424043333,7.43783677137192e-05,0.00191833966674183,2.07009366371464,"8164269"
-1.70251,7.20804166666667,-10.4075925135907,7.46431328572928e-05,0.00192219056051762,2.06608968393615,"8094122"
1.872405,7.47802333333333,10.4043138077038,7.47684228210366e-05,0.00192265213711892,2.06419984598135,"8160431"
-1.111725,9.55808,-10.4019502034915,7.4858896687246e-05,0.00192328447761978,2.06283710992452,"8135601"
1.044335,9.968025,10.3976655174715,7.50232329124559e-05,0.00192419930178222,2.06036600381481,"8026051"
1.3244,7.622795,10.3955098846637,7.51060705979538e-05,0.00192419930178222,2.05912241054874,"7916570"
1.200625,9.27757833333333,10.3939671040313,7.51654231263495e-05,0.00192419930178222,2.05823221974564,"8017283"
-1.51223,5.65013,-10.3925959326004,7.52182197963913e-05,0.00192419930178222,2.05744093999222,"7905147"
-1.09413,9.89730666666667,-10.3921326377951,7.52360686890735e-05,0.00192419930178222,2.05717355741283,"8126574"
1.966285,4.648585,10.3919984930153,7.52412376766809e-05,0.00192419930178222,2.05709613590429,"8146660"
1.291095,7.84171333333333,10.3892267010917,7.53481360687872e-05,0.00192545424918066,2.05549618115857,"8164131"
1.173075,8.70238333333333,10.3856114753054,7.54878303743507e-05,0.00192754469936714,2.05340874750565,"8081241"
1.124625,9.87389333333333,10.3823657195813,7.56135068020957e-05,0.00192825897620698,2.05153404243111,"8025828"
1.08903,9.94013,10.3816007809392,7.56431611022324e-05,0.00192825897620698,2.05109214090828,"7945371"
1.060025,9.72548833333333,10.3797013293157,7.57168559171451e-05,0.00192825897620698,2.04999469918489,"7999562"
-2.22711,5.943945,-10.3785399847141,7.57619551487961e-05,0.00192825897620698,2.04932361538268,"8127767"
1.101845,7.91840666666667,10.3774230924304,7.58053578356892e-05,0.00192825897620698,2.04867814932825,"7967544"
-1.26451,5.464945,-10.3697474782368,7.61044234694678e-05,0.001933661984812,2.04424048315451,"7919303"
1.304915,6.60482333333333,10.3689925653154,7.6133911826547e-05,0.001933661984812,2.04380385638574,"8071489"
1.070865,9.67255,10.3620554532706,7.64055166573992e-05,0.00193908116474194,2.03979011658292,"8147883"
1.014885,8.44823,10.3565087239785,7.66235018208154e-05,0.00194313232302185,2.03657895359073,"8037023"
-1.719635,6.96215833333333,-10.3549803503157,7.66836945759491e-05,0.00194317882670881,2.03569383917942,"7903461"
-1.054645,9.26244166666667,-10.3509176914977,7.68439660570383e-05,0.00194575934433552,2.03334044632067,"8003667"
1.280125,10.6153416666667,10.3410961745081,7.72330483042876e-05,0.0019527092172779,2.02764737825523,"8148208"
-1.98961,5.79475666666667,-10.3410287297532,7.72357281182986e-05,0.0019527092172779,2.02760826552772,"8060940"
-1.327305,9.60471666666667,-10.336309309515,7.74235179352396e-05,0.00195494522011694,2.02487075088343,"8105348"
1.01925,11.6288,10.3358557482671,7.74415936971574e-05,0.00195494522011694,2.02460759715927,"8049073"
1.05909,7.583455,10.3261201122648,7.78307826707604e-05,0.00196328149286993,2.01895632338391,"7969916"
-1.86641,4.62180166666667,-10.3208657134244,7.80417832007169e-05,0.00196634586277915,2.01590413192092,"8180239"
1.19348,9.94129,10.3201550269261,7.80703736250726e-05,0.00196634586277915,2.01549119007157,"8044745"
2.31957,5.26417833333333,10.3164486928307,7.82196759457272e-05,0.00196861719574065,2.01333718941205,"8128459"
1.07677,10.10361,10.3107401224379,7.84502894692895e-05,0.00197144097242184,2.01001808108058,"7924733"
1.05251,6.70170833333333,10.3043605974298,7.8708951432739e-05,0.00197644943880536,2.00630674713652,"8018731"
-1.00415,11.10325,-10.2964074399238,7.90328182529212e-05,0.0019830864727713,2.001676810964,"8079950"
-2.045215,5.85571833333333,-10.2929757504397,7.91730449199735e-05,0.00198377286737598,1.99967797662926,"7938702"
-1.147545,5.66727,-10.290858856239,7.92596914479907e-05,0.00198429319258928,1.99844463964374,"8108905"
1.91838,7.57561166666667,10.2864893957996,7.94388893337425e-05,0.00198728527283668,1.99589814092419,"7962212"
1.26631,8.77716,10.27961840964,7.97216396076654e-05,0.00199185968821404,1.9918916390054,"8010243"
1.06059,8.21486833333333,10.2780189050418,7.9787630482361e-05,0.00199185968821404,1.99095858752002,"7923007"
1.17312,10.39936,10.27505658654,7.99100161966296e-05,0.00199185968821404,1.98923018252021,"8083523"
-1.192415,9.636155,-10.2744236395127,7.99361943890766e-05,0.00199185968821404,1.98886081820211,"7906978"
1.334495,7.41049666666667,10.2737869723588,7.99625365816995e-05,0.00199185968821404,1.98848926065487,"8147837"
1.27959,7.53995,10.2732860078537,7.9983271209499e-05,0.00199185968821404,1.9881968831487,"8084035"
1.046125,9.17964333333333,10.2719042982673,8.00404920212147e-05,0.00199185968821404,1.9873904053208,"7903507"
-1.60183,5.80748833333333,-10.2667717114369,8.02534685807558e-05,0.00199476264789894,1.98439368814453,"8131803"
-1.001975,9.23817833333333,-10.2660081474875,8.02852093597632e-05,0.00199476264789894,1.98394774861253,"8077770"
1.31692,7.01112666666667,10.2647029764206,8.03394984083015e-05,0.00199476264789894,1.98318542302751,"7929288"
-1.05361,8.48474,-10.263228380281,8.04008865159371e-05,0.00199476264789894,1.98232402621199,"8078405"
1.21147,8.51743,10.2614400708474,8.04754084156874e-05,0.00199476264789894,1.9812792100521,"8119926"
-1.78503,7.07474,-10.2604525914389,8.05165930497093e-05,0.00199476264789894,1.98070220143129,"7958202"
-1.037075,9.46170666666667,-10.2587205360114,8.05888912557344e-05,0.00199506937705739,1.97968998838768,"8061114"
1.113755,7.89461166666667,10.2541144357013,8.07815262064089e-05,0.00199679950798712,1.97699737614727,"8084128"
1.40043,7.83687833333333,10.253140507034,8.08223266350852e-05,0.00199679950798712,1.97642789115607,"7894927"
1.276685,8.32267166666667,10.2527501553289,8.08386862710344e-05,0.00199679950798712,1.97619962618861,"7926356"
1.08885,10.603185,10.2422170829214,8.12815957151245e-05,0.00200625151410415,1.97003704125435,"7895334"
-1.81324,5.99733,-10.2404081570845,8.13579457617691e-05,0.00200664853335528,1.96897807411718,"8105077"
-1.163515,7.87572833333333,-10.2285983754046,8.18584762582557e-05,0.0020174993959816,1.96206002068579,"7977511"
-1.750985,7.501695,-10.2219302798352,8.21426817620117e-05,0.00202300656407522,1.9581504927561,"7956018"
-1.708655,6.38614166666667,-10.2194733047675,8.22476935765008e-05,0.00202382160031913,1.95670933598577,"8103389"
-1.62056,5.38362,-10.2183130586203,8.22973375028413e-05,0.00202382160031913,1.95602866828439,"8039025"
-1.061715,8.65936666666667,-10.2124651284452,8.25480903761571e-05,0.00202699392717913,1.95259679199887,"8167673"
-1.061715,8.65936666666667,-10.2124651284452,8.25480903761571e-05,0.00202699392717913,1.95259679199887,"8172722"
-1.092505,8.95774833333333,-10.2096811217448,8.26677800275428e-05,0.00202843704611429,1.95096231937648,"8130739"
-1.14492,9.72531,-10.2072487249003,8.2772519783516e-05,0.00202951148102484,1.94953392096443,"7895945"
1.05162,9.28424333333333,10.2042836955312,8.29004052237203e-05,0.00203115142953217,1.94779229362807,"8073522"
-1.106,8.52730833333333,-10.2008087776991,8.30505775609155e-05,0.00203333461841603,1.945750538744,"7944049"
1.08085,10.70015,10.1966875396872,8.32290946972414e-05,0.00203481437569863,1.94332815203887,"7986323"
-1.782025,5.11010666666667,-10.1965919732134,8.32332396222341e-05,0.00203481437569863,1.9432719685964,"7971486"
1.081225,10.546675,10.1874001399255,8.36330421380388e-05,0.00204308833754239,1.9378657123206,"7896483"
-1.050085,8.53289166666667,-10.1787584834209,8.40109680323813e-05,0.00204931370151956,1.93277873602536,"7914557"
1.446785,4.86507833333333,10.1734025599226,8.42462032353086e-05,0.00205002407607405,1.92962383137147,"8176234"
1.30589,6.82152833333333,10.1720074748515,8.43076027968764e-05,0.00205002407607405,1.92880179303501,"8102877"
-1.144965,8.25044666666667,-10.1717503478761,8.43189250206451e-05,0.00205002407607405,1.92865027191571,"8091757"
-2.086855,6.26504166666667,-10.1710918591123,8.43479287690016e-05,0.00205002407607405,1.92826221732767,"8141950"
1.23783,10.2324233333333,10.1665131722384,8.45499248100811e-05,0.00205327144745434,1.92556327463312,"8001666"
1.118585,9.71842833333333,10.164599106804,8.46345347989745e-05,0.00205327144745434,1.92443466504628,"8144953"
-1.353055,6.91722166666667,-10.1636476547214,8.46766300154855e-05,0.00205327144745434,1.92387357427007,"8173299"
1.17148,5.53860833333333,10.1593028545229,8.48691696203189e-05,0.00205327144745434,1.92131071029821,"8022420"
1.907775,8.07323333333333,10.1581884953343,8.49186350133805e-05,0.00205327144745434,1.92065321316777,"8116195"
-1.369005,9.06291333333333,-10.1571707473459,8.49638414381553e-05,0.00205327144745434,1.92005265784068,"8134454"
-1.320875,7.706655,-10.1569226833811,8.49748642397838e-05,0.00205327144745434,1.91990627079731,"8074991"
1.08151,8.841815,10.1545677326493,8.50795907245607e-05,0.00205431119097585,1.91851639932298,"8027117"
-1.08215,11.2352333333333,-10.1517442088561,8.52053544280248e-05,0.00205436834640836,1.91684956888026,"7919269"
-1.08215,11.2352333333333,-10.1517442088561,8.52053544280248e-05,0.00205436834640836,1.91684956888026,"7919349"
1.1215,9.67317333333333,10.1469588787528,8.54189974682111e-05,0.00205654111258064,1.91402358710717,"8154951"
1.1775,12.8667,10.1448429384463,8.55136645706989e-05,0.00205733272341804,1.91277360519502,"7894366"
-1.63508,5.10441666666667,-10.1397180522317,8.57434616772398e-05,0.00206137187253939,1.90974505705108,"7902660"
-1.6913,7.62775166666667,-10.1326729723263,8.60605411904825e-05,0.00206670857841418,1.90557935446537,"8040103"
1.095845,7.14159,10.1299351836546,8.61841319879515e-05,0.00206670857841418,1.90395976496993,"8005865"
-1.23455,6.51766,-10.1297260661584,8.61935806328085e-05,0.00206670857841418,1.90383604025243,"8136115"
-1.426,8.107855,-10.129057888235,8.6223779335569e-05,0.00206670857841418,1.90344069511106,"8017210"
1.40321,7.84527666666667,10.127907777241,8.627578832915e-05,0.00206670857841418,1.90276014246652,"8112857"
-1.651345,4.164285,-10.1218227341871,8.65515715546265e-05,0.00207182435517929,1.8991582095505,"8169717"
1.331175,7.63097166666667,10.11940045649,8.6661640094852e-05,0.00207296884356199,1.89772380290911,"8124430"
1.37894,9.30139333333333,10.1162352880058,8.68057129081173e-05,0.0020740610454147,1.89584897644949,"7999634"
1.683655,6.78075,10.115661084906,8.68318796680811e-05,0.0020740610454147,1.89550879757695,"8055222"
-1.118345,8.835265,-10.11247764474,8.69771185841732e-05,0.00207495854902376,1.89362247286754,"7993680"
1.09041,9.04085333333333,10.1121061135238,8.69940875885866e-05,0.00207495854902376,1.89340228731092,"7927669"
1.06653,9.06246833333333,10.1083421877697,8.7166216833339e-05,0.0020771164989914,1.89117118038755,"8151561"
1.09954,9.32426166666667,10.1074009299369,8.72093241310023e-05,0.0020771164989914,1.89061311436039,"8090772"
1.14255,6.32409166666667,10.099113159345,8.75899637309385e-05,0.00208469122398074,1.8856971774367,"8031748"
-1.165235,7.91367833333333,-10.0853195190302,8.82278003914638e-05,0.00209468873894319,1.87750675842367,"7965322"
1.307825,8.43201,10.0834861336016,8.83129876697341e-05,0.00209468873894319,1.87641731243563,"7926223"
-1.235565,7.39642,-10.0825064898525,8.8358545793562e-05,0.00209468873894319,1.87583510388846,"8103025"
-1.456695,7.91205333333333,-10.0818847771471,8.83874726916893e-05,0.00209468873894319,1.87546558772574,"7950140"
1.02455,11.3249333333333,10.0776808577476,8.85833630348404e-05,0.00209659594067778,1.87296640267,"8129562"
-1.07851,9.35265,-10.0774554231541,8.85938819873755e-05,0.00209659594067778,1.87283235579384,"8150509"
1.02292,7.48561833333333,10.0694131168789,8.89701012658083e-05,0.00210293624267136,1.86804838272981,"8084524"
1.035955,7.703875,10.0689799309977,8.89904187756976e-05,0.00210293624267136,1.8677905970882,"8151967"
1.10495,8.61872833333333,10.0671326854072,8.90771202829031e-05,0.00210293624267136,1.86669119508859,"7967736"
-1.76369,5.66977666666667,-10.0663385076403,8.9114425876484e-05,0.00210293624267136,1.86621847443602,"7981955"
1.07884,9.77643666666667,10.0574509488085,8.95331597725229e-05,0.00211132126129299,1.8609258523905,"7989735"
-1.973615,5.692755,-10.0543375639784,8.96803905345409e-05,0.00211329650646044,1.85907073644196,"8079719"
-1.221385,7.19044166666667,-10.0493026099199,8.99190922215945e-05,0.00211576907413258,1.85606947734651,"8116952"
1.624385,8.51353666666667,10.0467690627333,9.00394863815316e-05,0.00211576907413258,1.85455872022221,"8118661"
1.624385,8.51353666666667,10.0467690627333,9.00394863815316e-05,0.00211576907413258,1.85455872022221,"8178270"
1.624385,8.51353666666667,10.0467690627333,9.00394863815316e-05,0.00211576907413258,1.85455872022221,"8179559"
-1.466875,7.51814166666667,-10.0396947817272,9.03766572843298e-05,0.0021221943283472,1.85033837285535,"8020630"
1.04507,8.59817,10.0365539072636,9.05268300807649e-05,0.00212272666281636,1.84846368308479,"7961031"
-2.860725,6.52637833333333,-10.0338863045836,9.06546042091124e-05,0.00212346535911468,1.84687103034166,"7981988"
1.68973,5.21,10.0332340191932,9.06858798288456e-05,0.00212346535911468,1.84648153090375,"8017885"
-1.50557,8.10417333333333,-10.0307245889322,9.08063192835088e-05,0.00212479129527968,1.84498284624601,"8138442"
-1.14415,10.6765666666667,-10.0216452474208,9.12436481070417e-05,0.00213227977224137,1.8395574523583,"8140534"
1.051185,5.761205,10.0200970716764,9.13184657841906e-05,0.00213227977224137,1.83863186171722,"7973797"
1.210655,9.36609833333333,10.008914153467,9.18610348738643e-05,0.00213959907058321,1.831941960908,"8146914"
1.32981,9.19731166666667,10.007818794908,9.19143818866721e-05,0.00213959907058321,1.83128630307755,"8026047"
-1.20325,7.231725,-10.0075119318934,9.192933347703e-05,0.00213959907058321,1.83110260915536,"8132118"
-1.01505,9.13840666666667,-10.0070218710113,9.19532171067835e-05,0.00213959907058321,1.83080923832719,"8118086"
-1.01505,9.13840666666667,-10.0070218710113,9.19532171067835e-05,0.00213959907058321,1.83080923832719,"8177947"
-1.23246,3.05924,-10.0043014160305,9.20859335715111e-05,0.00214040217413171,1.82918040925069,"7895102"
-1.052295,8.02478166666667,-10.0036796802805,9.21162962288116e-05,0.00214040217413171,1.82880809501226,"8032650"
-1.125835,8.39471833333333,-10.0022805021251,9.21846684269115e-05,0.00214049714408011,1.82797014318242,"8123562"
-1.25123,6.73695166666667,-9.99691962516513,9.24471836777225e-05,0.00214504249356339,1.82475853043441,"8030391"
-1.00408,9.15131333333333,-9.99565444207336,9.25092657223483e-05,0.00214504249356339,1.82400033838971,"8179228"
1.0072,8.85590833333333,9.98877722254168,9.2847583657339e-05,0.00214992583893872,1.8198773795081,"8027139"
-1.228255,8.19373,-9.98139453820574,9.32123816061285e-05,0.00215534213218004,1.81544834867732,"7951896"
-2.22898,7.40568,-9.9755967756106,9.35000416562623e-05,0.00215687963475759,1.81196793668308,"7950555"
1.059885,8.40338166666667,9.97478028631689,9.35406358199737e-05,0.00215687963475759,1.81147763974975,"8161114"
-1.36228,7.91848833333333,-9.97353157365294,9.36027591742416e-05,0.00215687963475759,1.81072772060972,"8098103"
-1.618595,5.98619333333333,-9.96331715241127,9.41127443531229e-05,0.00216713143065417,1.80459001897365,"8117422"
1.07142,9.30199166666667,9.95919950140865,9.43192502234232e-05,0.0021703856770486,1.80211406946525,"7922912"
1.30856,8.89227,9.95504658642935,9.45280624188829e-05,0.00217218833289271,1.79961591880121,"8028872"
-1.116545,4.48965333333333,-9.95318757485607,9.46217105600714e-05,0.00217279148664232,1.7984973216561,"8135488"
1.108125,8.67379333333333,9.95152402492167,9.47056044173685e-05,0.00217279148664232,1.7974961666794,"8170326"
-1.02355,11.3002833333333,-9.9506429128383,9.47500747396056e-05,0.00217279148664232,1.79696583205301,"8063078"
-1.15408,9.50095666666667,-9.9468133480672,9.49436398474838e-05,0.00217573184859027,1.79466032190303,"8170390"
-1.111475,7.62667833333333,-9.94532223690331,9.50191332210398e-05,0.00217596429082597,1.79376239861192,"7937039"
1.06804999999999,11.9832666666667,9.9335632497605,9.56169481058308e-05,0.00218814949902395,1.78667678981956,"7894074"
1.08005,9.596955,9.92307195293037,9.61540363110072e-05,0.00219892922187336,1.78034824981358,"7993404"
1.00445,13.6021,9.91250739691247,9.66984489970536e-05,0.00220986153483521,1.77396902431074,"7893547"
1.0185,10.19515,9.9088988624105,9.68852305811115e-05,0.00221261146958798,1.77178857766373,"8155214"
-1.210865,5.67904166666667,-9.90439672581765,9.71188587563519e-05,0.00221426751077975,1.76906710594713,"7968577"
1.41063,8.70262833333333,9.90365818940148,9.7157246396048e-05,0.00221426751077975,1.76862055882616,"7975506"
-1.776415,6.56429333333333,-9.89639180736519,9.75358874616496e-05,0.0022213765012384,1.76422532458786,"8085867"
-1.016825,8.17337166666667,-9.88548192550477,9.81076366323618e-05,0.00223287079764029,1.75762042205261,"8064766"
1.659895,8.908835,9.87111091804352,9.88667731261441e-05,0.0022457857016943,1.7489094611366,"8152845"
1.665425,8.33073,9.87077518631128,9.88845899416105e-05,0.0022457857016943,1.74870581267352,"8089647"
1.247145,9.20179,9.8696396593533,9.89448786492937e-05,0.0022457857016943,1.74801697449283,"7907657"
-1.749895,6.968095,-9.86739037088639,9.90644276051948e-05,0.00224696747000693,1.74665227735217,"8121095"
1.08015,9.68424333333333,9.86449163713296,9.92187439395464e-05,0.00224859652187936,1.7448931065638,"8155268"
-1.13236,9.64258166666667,-9.86188913358089,9.93575301156094e-05,0.00224901949711723,1.74331328867502,"8087337"
-1.03029,5.14740333333333,-9.8541293981268,9.97726924488073e-05,0.002256771370427,1.73860046467904,"8097080"
1.078885,9.48021,9.85288659203327,9.98393738023717e-05,0.002256771370427,1.73784532440308,"8180305"
-1.12969,8.593425,-9.85040276952146,9.99727969369933e-05,0.002256771370427,1.73633585791183,"8047161"
-1.00425,11.3390516666667,-9.84954404496808,0.00010001897348757,0.002256771370427,1.73581390977169,"8113709"
1.002605,10.3183316666667,9.8409479462856,0.000100482594229953,0.0022637137618909,1.73058664485432,"8108403"
-1.660985,6.10183166666667,-9.83690349699756,0.000100701597330084,0.0022671136486138,1.72812571361867,"8028248"
1.52596,6.32661666666667,9.83346105809677,0.000100888442609285,0.00226978545510903,1.72603032534986,"8169294"
-2.290495,5.741045,-9.82384391522842,0.000101412587659884,0.00227962763231826,1.72017271636513,"8085774"
1.377135,6.88681166666667,9.82292494966453,0.00010146283902741,0.00227962763231826,1.71961270570667,"8176384"
1.213205,6.76089666666667,9.82109202285857,0.000101563155222972,0.00228034280476016,1.71849558429324,"7979455"
-1.05419,8.78820166666667,-9.81462657123296,0.000101917938418796,0.002285226663657,1.71455346592358,"8163063"
1.11676,9.37810333333333,9.80686324336356,0.000102345860202006,0.00229327732647792,1.70981672305403,"8114396"
1.230925,7.5891,9.80114578199285,0.000102662357610664,0.0022972772320983,1.70632595896769,"8120215"
-1.11281,9.53817,-9.79832983586354,0.000102818659105987,0.00229922961198928,1.70460598326338,"8098263"
-1.540545,6.852715,-9.79117707936204,0.000103216933496327,0.00230658673464913,1.70023496519849,"8068202"
1.053665,9.022505,9.78933401219241,0.000103319850314256,0.00230733806566987,1.69910818050586,"8152512"
-1.14606,9.79983,-9.78704569029582,0.000103447797407391,0.00230864699080019,1.69770890104757,"8065433"
1.256085,7.24561333333333,9.77649295149489,0.000104040239390743,0.00231797515713456,1.69125198989969,"8019486"
-1.105225,9.26019166666667,-9.77626776237245,0.000104052924977458,0.00231797515713456,1.69111413075028,"8061428"
-1.095455,6.27952166666667,-9.77588258935784,0.000104074627141069,0.00231797515713456,1.69087832359079,"8173261"
1.058575,8.50292833333333,9.76637888608571,0.000104611785759565,0.00232838143745738,1.68505723987257,"7894557"
-1.51839,7.60506166666667,-9.76331418917305,0.000104785697201222,0.00233069429506286,1.68317893859622,"8169009"
-1.267635,8.55879666666667,-9.7619856703263,0.000104861191436834,0.00233081648282528,1.68236453681584,"8047854"
-1.076655,10.0066316666667,-9.750764601077,0.000105501385605087,0.00233985849280559,1.67548163152613,"8105040"
-1.072505,7.53925666666667,-9.7503866276292,0.000105523029623428,0.00233985849280559,1.67524965435986,"7996860"
-1.30888,9.16086333333333,-9.74929020019306,0.000105585844132561,0.00233985849280559,1.67457668518283,"8077082"
1.13996,9.39595666666667,9.74909149578172,0.000105597232626977,0.00233985849280559,1.67445471594475,"7983350"
-1.222695,6.74544333333333,-9.74802913522668,0.00010565814489881,0.00233985849280559,1.67380257489189,"8164580"
-1.017995,10.1902183333333,-9.74748051875336,0.000105689616877785,0.00233985849280559,1.67346577442432,"7992789"
1.300505,5.98511833333333,9.74393212224028,0.000105893439797432,0.00234270998787773,1.67128694579555,"7952249"
1.87759,6.70691833333333,9.74279016427694,0.000105959132706966,0.00234270998787773,1.67058558618295,"8055153"
1.112965,9.01826166666667,9.73980014851556,0.000106131364189528,0.00234382494498072,1.66874882806056,"8067113"
-1.118865,7.77570666666667,-9.73947099138161,0.000106150344386309,0.00234382494498072,1.6685465949131,"7946988"
1.14173,8.73963333333333,9.73315132735692,0.000106515527190144,0.00234980932285242,1.66466254790694,"7892527"
-1.00856,9.37921666666667,-9.73206654247186,0.000106578359482676,0.00234980932285242,1.66399560045923,"8004506"
1.23694,9.215505,9.73112230033248,0.00010663308666937,0.00234980932285242,1.66341500379313,"8145922"
1.05456,5.78768,9.72811373678335,0.000106807679121108,0.00235111395992356,1.66156473654831,"7931888"
-1.013975,10.187375,-9.72766909000704,0.000106833511168104,0.00235111395992356,1.66129123240846,"8161747"
-1.782195,6.78809833333333,-9.717486722453,0.000107427069190571,0.00236105552662602,1.65502475089457,"8012218"
-1.24958,6.72326166666667,-9.71268128078271,0.000107708532171428,0.00236412063000135,1.65206518886799,"8154178"
-1.07958,10.71134,-9.71020601330003,0.000107853849730613,0.00236575074735191,1.6505401835119,"8020220"
-1.47771,7.024485,-9.70336010240292,0.000108256955205512,0.00237302951776032,1.64632050746159,"8156569"
1.15382,9.40148,9.68445602278203,0.000109379271640356,0.0023942133919693,1.63465368674931,"8148467"
1.260955,9.43431833333333,9.68131995842702,0.000109566771340494,0.0023942133919693,1.63271614016372,"7960117"
-1.17417,8.34757,-9.68129242559835,0.000109568419144909,0.0023942133919693,1.63269912698159,"7956759"
-1.306815,6.42755333333333,-9.68105079581286,0.000109582881621804,0.0023942133919693,1.63254981628088,"8041542"
-1.16254,9.41101666666667,-9.67822683860537,0.000109752072188999,0.0023963375394604,1.63080454063312,"8099982"
-1.232555,7.46739666666667,-9.67089406865734,0.000110192827453668,0.00240320062646469,1.62627044282875,"7953211"
1.00528,8.031575,9.66571898202516,0.000110505137104576,0.00240654544958055,1.62306854372765,"7918275"
1.3255,5.7382,9.66521498866775,0.000110535607779599,0.00240654544958055,1.62275662878539,"7894572"
1.54293,7.412475,9.66423294367528,0.000110595008994867,0.00240654544958055,1.62214880944829,"8116534"
1.38214,7.38071166666667,9.66327076938278,0.000110653244535779,0.00240654544958055,1.62155323174577,"7936408"
1.46697,6.63064833333333,9.66175232221384,0.000110745221511492,0.00240697365578861,1.62061321110509,"7988537"
1.537,6.45413,9.65987773220232,0.000110858894635368,0.00240787254708014,1.61945252032525,"7895344"
-1.052685,6.54288333333333,-9.65684509896083,0.000111043079640241,0.0024091854082259,1.61757434970129,"7938231"
-1.140325,8.984375,-9.65568245198777,0.000111113787235545,0.0024091854082259,1.61685415035494,"8094574"
-1.452745,6.14519833333333,-9.65204450719908,0.000111335373420999,0.00241114254809939,1.61460009991061,"8115147"
1.292055,9.03385333333333,9.65132482655787,0.000111379270237788,0.00241114254809939,1.61415409406431,"8104350"
1.06377,8.59059333333333,9.64814780968903,0.000111573294246402,0.00241237401202756,1.61218483154912,"7953844"
1.28023,7.85294,9.6429702724502,0.000111890340867069,0.00241765910438078,1.60897423236988,"8070557"
-1.18723,8.45606166666667,-9.64039434355438,0.000112048470792699,0.00241882337754249,1.60737628427492,"8111677"
1.61817,3.73946333333333,9.63428930640304,0.000112424289977412,0.00242290717370737,1.60358747307941,"8037959"
-1.184615,5.75811666666667,-9.63082309430914,0.000112638322811319,0.0024239057368051,1.60143531212773,"8080847"
1.0253,7.72383666666667,9.6295897358353,0.000112714595690278,0.0024239057368051,1.60066934594027,"7977046"
1.042325,10.5111916666667,9.62911321721516,0.000112744080563343,0.0024239057368051,1.60037338337587,"8042830"
1.1672,7.491005,9.62774152256419,0.000112829005405832,0.0024239057368051,1.59952135521839,"7986822"
1.029425,6.74423166666667,9.62739658340006,0.000112850373183649,0.0024239057368051,1.59930707810491,"8116530"
-1.03907,8.69855333333333,-9.62337957064417,0.000113099562266866,0.00242646657525763,1.59681116212912,"7926239"
-1.20092,8.90709333333333,-9.60365931336891,0.000114332260593108,0.00244975629405966,1.58454388147519,"7902074"
-1.25437,8.41914833333333,-9.59319877367011,0.000114992522640694,0.0024612888402351,1.57802703760037,"8133155"
-1.71943,7.879515,-9.59279128802833,0.000115018333045194,0.0024612888402351,1.57777304044282,"7960850"
1.502285,10.0644233333333,9.58292748140888,0.000115645186840514,0.00247311354285715,1.57162153031003,"8095048"
1.083655,10.3512983333333,9.57578660327776,0.000116101492380339,0.002480871975024,1.56716441143469,"7918345"
1.240315,3.45042333333333,9.56901391140962,0.000116536219214048,0.00248737595587831,1.5629341904289,"7894025"
1.27041,7.36418,9.55895908140667,0.00011718514000358,0.00249962434766125,1.55664871007965,"8017150"
1.05807,10.143355,9.55472430424791,0.000117459710237254,0.00249989003655419,1.5539995888764,"8034589"
-1.126945,7.09240333333333,-9.55198914973277,0.000117637449722887,0.00249989003655419,1.55228798526232,"8115691"
1.16214,7.71445,9.54681421251145,0.000117974596514589,0.00250388903407949,1.54904834512575,"8034783"
-1.198025,6.71445833333333,-9.54416397824766,0.000118147696977719,0.00250426999352788,1.54738858812136,"8072360"
-1.461515,4.66047833333333,-9.54405174939339,0.000118155033781791,0.00250426999352788,1.54731829314469,"7916789"
-1.340575,6.47871,-9.54081799472338,0.000118366665212067,0.00250484229219107,1.54529248211285,"8112176"
-1.05612,8.82493666666667,-9.53974321808725,0.000118437101642772,0.00250484229219107,1.54461903588033,"7939738"
1.094595,9.84182166666667,9.53963690848066,0.000118444071402325,0.00250484229219107,1.54455241924762,"7990020"
-1.099145,6.46678666666667,-9.53789757501852,0.000118558171982254,0.00250484229219107,1.54346240343377,"7903334"
1.61779,6.45854666666667,9.5357435003118,0.000118699658045941,0.00250624128976264,1.54211221422425,"8067985"
1.01792,10.0790266666667,9.52600655999681,0.000119341680383981,0.00251501261502875,1.53600542694142,"8066889"
-1.446215,7.59504333333333,-9.52285284472675,0.00011955049701493,0.00251622812838566,1.53402622186607,"8001564"
-1.041205,9.91405166666667,-9.51693057214499,0.00011994378462416,0.00252290700407157,1.53030785222995,"8088958"
-1.22299,8.77397833333333,-9.51579510419871,0.000120019361937994,0.00252290700407157,1.5295946850118,"8075106"
-1.36551,5.80470666666667,-9.50135242154936,0.000120985554316553,0.0025340898940561,1.52051646309103,"8113641"
-1.05795,11.2082,-9.50101870723512,0.000121007986651926,0.0025340898940561,1.52030654642397,"7967412"
-1.056515,8.10275,-9.49569283830174,0.000121366652168072,0.00253927660426996,1.51695546578079,"8135172"
1.05606,9.1588,9.495077294397,0.000121408185542174,0.00253927660426996,1.5165680459414,"8150830"
-1.046145,10.0678183333333,-9.493175624654,0.000121536604443875,0.00253983492256628,1.51537099581406,"8126474"
1.45527,7.62575833333333,9.49129565143682,0.000121663714493594,0.00253983492256628,1.5141873802579,"8127534"
1.00961,9.48365666666667,9.48755407155023,0.00012191715608028,0.00254353104386284,1.51183105309968,"7902367"
1.10564,8.83248166666667,9.46796315315774,0.000123254308427466,0.00256910334057232,1.49947896826639,"8091009"
-1.384295,8.447385,-9.46733874399524,0.00012329720810387,0.00256910334057232,1.49908488109543,"7956046"
1.787525,5.18908,9.46558130829702,0.000123418045569576,0.00257001292265803,1.49797556819665,"7892995"
1.1209,4.76906666666667,9.46133471812884,0.000123710604453952,0.00257409934277139,1.49529427051324,"7895966"
1.9837,6.84479333333333,9.46048994987116,0.000123768899533802,0.00257409934277139,1.49476074821579,"8094870"
1.337255,6.80892333333333,9.45923313307597,0.000123855688432175,0.00257422048782476,1.49396690908569,"8025958"
1.00175,7.66536666666667,9.45809975426241,0.000123934014461062,0.00257422048782476,1.49325095130486,"8147040"
-1.68898,4.079945,-9.45704936279449,0.0001240066571304,0.00257422048782476,1.49258734449289,"8126710"
-1.4942,6.29960833333333,-9.45075611064757,0.000124442929208188,0.0025816674229564,1.48860999300658,"7937772"
1.075865,9.97878166666667,9.44494321113751,0.000124847498108891,0.00258844778613433,1.48493400447755,"8091422"
-1.012865,6.92546666666667,-9.44326843938649,0.000124964345161508,0.00258925812124626,1.48387450839078,"8140500"
1.29412,6.832485,9.44075563392585,0.000125139901106281,0.00259128313876606,1.48228452186232,"7909142"
-1.01725,11.9970166666667,-9.43847758547097,0.000125299305363918,0.00259297139260558,1.48084273360394,"8159642"
1.15362,7.43778166666667,9.43306678484233,0.000125678874448091,0.00259883997685838,1.47741689474973,"7977621"
1.13021,6.61406833333333,9.42895119951645,0.000125968485064312,0.00260035501995437,1.47480987807727,"8067743"
1.48181,8.78158333333333,9.42193266282018,0.000126464177881852,0.00260897009351427,1.47036151145862,"8113305"
1.25356,8.669145,9.41979550182814,0.000126615570654617,0.00261047594804135,1.46900635288244,"8105181"
1.02015,6.70136,9.41755350020855,0.000126774618171382,0.00261052223948826,1.4675844040981,"8173232"
1.00068,10.6865066666667,9.41565333347187,0.000126909599012515,0.00261168659970315,1.46637900806014,"8148728"
1.18585,10.1580533333333,9.41161350862749,0.000127197132592078,0.00261557279485203,1.46381552945974,"8113073"
1.55096,6.07986,9.40978332759877,0.000127327646183937,0.00261557279485203,1.4626538432905,"8016457"
-1.064425,7.47098166666667,-9.40969289472161,0.000127334099181762,0.00261557279485203,1.46259643655166,"7954196"
1.21688,8.63066833333333,9.40469212262647,0.00012769153460766,0.00262129779767649,1.45942113988352,"8118863"
-1.089465,7.62513833333333,-9.401478254475,0.000127921869021329,0.00262279216305616,1.45737961834229,"7914467"
-1.118295,7.71512666666667,-9.39598371979898,0.000128316783524113,0.00262927011753993,1.45388784295385,"7931665"
1.053595,10.2968683333333,9.38564370309639,0.000129063838043013,0.00264132674573953,1.44731154786482,"8047518"
-1.0786,8.19006166666667,-9.38219737869504,0.00012931396116279,0.00264482000297139,1.44511815514941,"8005235"
-1.35069,7.25579833333333,-9.36914950172005,0.000130266087424502,0.00266216598554754,1.43680703587523,"7901993"
-1.464555,6.99339666666667,-9.36779601871292,0.000130365322268134,0.00266216598554754,1.43594428311734,"7949954"
1.106835,5.92793666666667,9.36711362517103,0.00013041538762909,0.00266216598554754,1.43550925948612,"8123884"
-1.1812,11.1118833333333,-9.35837134023012,0.000131058780008819,0.00266903009049153,1.42993344301767,"7941460"
1.03018,7.99481833333333,9.35125522602058,0.00013158523700856,0.00267811346984964,1.42539117842768,"8109712"
1.07174,9.32489333333333,9.34873649056161,0.000131772168162403,0.00268027970879874,1.42378267357465,"8091103"
1.236145,9.52868166666667,9.34636029331908,0.000131948805583766,0.00268059754699368,1.42226482243169,"7983335"
1.092505,9.07933333333333,9.3350948054598,0.000132790018796377,0.00269340149067816,1.41506379143089,"8041867"
1.00824,8.717085,9.32983102731963,0.000133185224295747,0.00269912867521333,1.41169632387398,"8128394"
1.03562,7.46140833333333,9.3275109273855,0.00013335985475748,0.00270102377363736,1.4102114884491,"8161026"
-1.18518,6.5114,-9.31594625784887,0.000134234316565879,0.00270883906446897,1.40280506494287,"7922523"
-1.203415,6.46985833333333,-9.31400622623612,0.000134381668246578,0.00270883906446897,1.40156175457775,"8083166"
1.030585,9.421455,9.31389192679982,0.00013439035556096,0.00270883906446897,1.40148849577884,"7999769"
1.25369,7.926715,9.31381034889333,0.000134396556281429,0.00270883906446897,1.40143620892045,"7947490"
-1.108305,9.09144166666667,-9.3084241381906,0.000134806702808637,0.00271546205893478,1.39798299868818,"8015206"
1.164325,4.73172666666667,9.30422837377599,0.000135127214826935,0.00272027259497731,1.39529170832118,"8026385"
1.033285,8.05334833333333,9.30198248995529,0.000135299142933507,0.00272125466649684,1.39385066242087,"8148149"
-1.041825,4.97382166666667,-9.30145642104905,0.000135339451834062,0.00272125466649684,1.39351306907814,"8124307"
1.27027,6.82655333333333,9.2957093010575,0.00013578072907185,0.00272331882966157,1.38982381183113,"7922243"
-1.081145,9.790755,-9.29431860439308,0.000135887762829512,0.00272331882966157,1.38893075832832,"8002041"
1.579095,8.82355833333333,9.29392197646572,0.000135918307042998,0.00272331882966157,1.38867603570183,"8152606"
-1.046205,6.29208166666667,-9.29161117509577,0.000136096421075678,0.00272331882966157,1.38719178866985,"8101788"
1.09862,9.486985,9.28824730854156,0.000136356192596679,0.00272370324595515,1.38503053013899,"7995994"
-1.045085,8.17875333333333,-9.28822578566187,0.000136357856548261,0.00272370324595515,1.38501669949016,"8138602"
-1.02522,8.96801,-9.28818470161164,0.00013636103285603,0.00272370324595515,1.38499029870759,"8099449"
-1.016775,8.64052,-9.28364832343404,0.000136712284389474,0.00272908209431434,1.3820745293068,"8180378"
-1.02972,7.58964333333333,-9.28181564622299,0.000136854488650796,0.00273028394763665,1.38089619215575,"7962895"
1.02114,9.50677666666667,9.27415654355322,0.00013745066308967,0.00273889570849596,1.37596933792821,"7993546"
-1.08086,9.32865833333333,-9.26022046260157,0.000138543241945657,0.00275736660314677,1.36699491582454,"8080184"
-1.250805,9.39456833333333,-9.25788176006852,0.000138727588652675,0.00275861341734544,1.36548762106954,"8120880"
-1.338595,7.625475,-9.25732413751587,0.00013877158524953,0.00275861341734544,1.36512818044454,"7895114"
-2.48271,6.96301333333333,-9.25579505567087,0.000138892314078125,0.00275936597962967,1.36414243810556,"8037387"
1.0201,13.8991833333333,9.24899185214818,0.000139430953635706,0.00276557157890487,1.35975481556811,"7894012"
-1.101555,6.40164833333333,-9.24870340623096,0.00013945384512062,0.00276557157890487,1.35956871998817,"8132055"
1.06093,9.29035166666667,9.24367641468917,0.000139853501373322,0.00276890384442523,1.35632460165414,"8016847"
1.285565,6.56037166666667,9.24062463203655,0.000140096778087936,0.00277007269595844,1.35435435868929,"7938396"
1.450215,7.07111,9.2345785386305,0.00014058021368984,0.00277798182506268,1.35044917763746,"8162086"
-1.16337,6.84720833333333,-9.2294482304712,0.000140991955805598,0.00278261420110364,1.34713362669844,"8140433"
-1.832425,5.60797,-9.22833926807023,0.000141081142926815,0.00278261420110364,1.3464167137886,"8114526"
1.39037,5.56083833333333,9.22655504768033,0.000141224775515878,0.00278261420110364,1.34526309646037,"8116835"
-2.743415,5.75244666666667,-9.22645935945615,0.000141232483402864,0.00278261420110364,1.34520122175331,"7981958"
-2.743415,5.75244666666667,-9.22645935945615,0.000141232483402864,0.00278261420110364,1.34520122175331,"7981962"
-1.08417,7.720085,-9.21477620802277,0.000142177295205072,0.00279076162105419,1.33764205196124,"7931656"
-1.08417,7.720085,-9.21477620802277,0.000142177295205072,0.00279076162105419,1.33764205196124,"7931659"
-1.08417,7.720085,-9.21477620802277,0.000142177295205072,0.00279076162105419,1.33764205196124,"7931662"
-1.08417,7.720085,-9.21477620802277,0.000142177295205072,0.00279076162105419,1.33764205196124,"7931668"
-1.08417,7.720085,-9.21477620802277,0.000142177295205072,0.00279076162105419,1.33764205196124,"7931671"
-1.11386,8.85708333333333,-9.21215826820651,0.000142390019859308,0.00279076162105419,1.33594697746792,"8041820"
1.005465,7.71845166666667,9.21208968976457,0.000142395597306883,0.00279076162105419,1.33590256796133,"8068866"
-1.06477,8.09396,-9.21203142448232,0.000142400336191581,0.00279076162105419,1.33586483672948,"8015366"
1.0096,10.6757,9.20613791022052,0.0001428806274182,0.0027937883568595,1.33204718185093,"8108424"
-1.17459,6.87399666666667,-9.20531720526876,0.000142947660887627,0.0027937883568595,1.33151537075734,"8117435"
-1.91504,7.18664166666667,-9.19577872717834,0.000143729448758156,0.0027937883568595,1.32533125085569,"8094116"
-1.91504,7.18664166666667,-9.19577872717834,0.000143729448758156,0.0027937883568595,1.32533125085569,"8094118"
-1.91504,7.18664166666667,-9.19577872717834,0.000143729448758156,0.0027937883568595,1.32533125085569,"8094120"
-1.91504,7.18664166666667,-9.19577872717834,0.000143729448758156,0.0027937883568595,1.32533125085569,"8094124"
-1.91504,7.18664166666667,-9.19577872717834,0.000143729448758156,0.0027937883568595,1.32533125085569,"8094126"
-1.91504,7.18664166666667,-9.19577872717834,0.000143729448758156,0.0027937883568595,1.32533125085569,"8094128"
-1.91504,7.18664166666667,-9.19577872717834,0.000143729448758156,0.0027937883568595,1.32533125085569,"8094132"
1.2057,13.1152666666667,9.18963885634724,0.000144235327942003,0.00279955546842937,1.32134739205416,"7894672"
-1.06601,7.648895,-9.18911750846311,0.000144278378947797,0.00279955546842937,1.32100900064698,"8103834"
2.69845,6.15881,9.1878087332332,0.000144386519080561,0.00280002208842484,1.32015943454211,"8068697"
1.103,12.1178333333333,9.17452301331197,0.000145489661711578,0.00281813220826666,1.31152886390329,"7894919"
1.65857,7.570455,9.16417549261068,0.000146355672693046,0.00283161233797813,1.30479889778354,"8113796"
1.395385,7.74369833333333,9.16295605694967,0.000146458127101128,0.00283194904650769,1.30400531697035,"7902527"
1.078455,9.92664833333333,9.15455890389161,0.00014716592064756,0.00284068617959525,1.29853796486651,"8027592"
-1.246035,6.57059666666667,-9.14308447976592,0.000148139576280618,0.00285645852038655,1.2910594458062,"7909503"
-1.029395,9.04074,-9.13675925228011,0.000148679520867998,0.00286160809615129,1.28693320140434,"8017850"
-1.46657,8.49867333333333,-9.13099967709737,0.000149173182673666,0.00286779414750869,1.28317364185079,"7984124"
1.045155,8.088705,9.12742847707649,0.00014948023852465,0.00287154056284764,1.2808414328266,"8020814"
1.345865,7.72760333333333,9.12008109607782,0.000150114302977101,0.00287923729621459,1.27604047458816,"7950641"
-1.085875,9.71334166666667,-9.11691953977674,0.00015038810677807,0.00288116961529886,1.27397352760745,"7969438"
1.238485,8.41149,9.11430837459281,0.000150614684972843,0.00288385115902285,1.27226590921833,"8099364"
-1.20741,6.44805833333333,-9.10934782371154,0.0001510462267533,0.00289045184609462,1.26902061258543,"8011884"
-1.291795,9.02678166666667,-9.10387619171787,0.000151523908342206,0.00289529512942099,1.26543904687485,"8077652"
2.3256,5.47793666666667,9.10147244372923,0.00015173431758739,0.00289695961737806,1.26386499215734,"8063536"
1.41997,8.51362,9.09513409380643,0.000152290778262154,0.00290425317514028,1.25971257220412,"8161192"
-1.049315,9.44417,-9.09402046224939,0.000152388793299756,0.00290445887263994,1.25898272470664,"7975747"
-1.07136,8.678925,-9.08191300435062,0.000153459193439589,0.00291817862019303,1.25104241531302,"8168424"
-1.05759,7.39274666666667,-9.07570064847888,0.00015401182995445,0.00292367839338274,1.24696440707116,"7913187"
1.36704,7.09487,9.06383397644815,0.000155073944112855,0.00294206259905573,1.2391674885808,"7905789"
-1.451935,6.54061333333333,-9.06192796540196,0.000155245337013572,0.00294206259905573,1.23791427230102,"7955469"
-1.19563,5.13007833333333,-9.05382591703034,0.000155976368742121,0.00295423501138022,1.23258438096846,"7904572"
-1.20478,6.33559166666667,-9.05142004754738,0.000156194220281908,0.00295667933639948,1.23100083866059,"8117343"
1.40079,6.55418666666667,9.04232653604731,0.00015702085873223,0.00296895146689781,1.22501195960685,"7940775"
-1.036735,9.10696333333333,-9.03486125033877,0.000157703310720233,0.00297764637434008,1.22009122914098,"7907702"
-1.2419,5.47538166666667,-9.0336250226725,0.000157816657090054,0.00297764637434008,1.21927600750524,"8149865"
1.14685,8.48261,9.0301423809242,0.000158136483708725,0.00297989275497985,1.21697884702522,"8015526"
-1.015645,9.96479333333333,-9.01287301727623,0.000159733649288302,0.00299642327907188,1.2055757661168,"8117890"
1.724245,7.23473666666667,9.01098607946787,0.000159909304274904,0.00299669141408302,1.20432857995532,"8110666"
1.08913,10.2145233333333,9.01078602328555,0.000159927940740173,0.00299669141408302,1.20419633707195,"8110169"
1.863,6.64980166666667,9.00347418704991,0.000160610829460424,0.00300610387214375,1.19936113421781,"8046536"
1.05291,9.19955333333333,8.99843531323086,0.000161083419859296,0.00301156352108645,1.19602688656249,"8056220"
1.02468,9.527395,8.99330994220859,0.000161565791867169,0.00301620519874539,1.1926336274679,"8040985"
-1.010915,7.71916,-8.98945063258156,0.000161930124094948,0.00302060915517618,1.19007738317047,"8005661"
-1.08438,6.207235,-8.98745308003959,0.000162119077278803,0.00302134664501708,1.18875388904539,"7950374"
-1.183285,8.08574833333333,-8.98615633255555,0.000162241877685393,0.00302134664501708,1.18789457292786,"8096224"
-1.082355,9.87401166666667,-8.98202975311959,0.000162633384184815,0.00302694454622794,1.18515924645003,"8004521"
1.37236,8.05716166666667,8.97705507814363,0.000163106822777914,0.00303184604101403,1.18186020726958,"8042283"
-1.340525,6.800695,-8.97567899654023,0.000163238068560331,0.00303184604101403,1.18094733673034,"7902452"
1.078135,9.0672,8.9754391911142,0.000163260952984898,0.00303184604101403,1.18078824038404,"8148317"
-1.413225,6.93321,-8.9719536937547,0.000163593994882929,0.00303584699018928,1.17847537996971,"8035465"
1.042725,6.41133833333333,8.96841568911004,0.000163932866661191,0.00303750558280161,1.17612682653564,"7998784"
1.300385,5.304575,8.96748822942289,0.000164021834936399,0.00303750558280161,1.1755110301061,"7983638"
-1.151155,5.73168833333333,-8.96379926197334,0.000164376265273856,0.00304022701617062,1.1730611183968,"8020847"
1.210315,7.37223666666667,8.95539310381093,0.000165187266937615,0.00304990717465147,1.16747494531748,"8063453"
1.11776,8.76135666666667,8.95374964161833,0.000165346369663248,0.00305015959594304,1.16638224278478,"8066117"
-1.27398,6.03755333333333,-8.9469290180507,0.000166008588574578,0.00306067994117815,1.16184537370691,"7902290"
-1.05455,8.99357833333333,-8.94166350389718,0.00016652194264276,0.00306844555848145,1.15834072709573,"8015642"
-1.034325,8.185585,-8.93398888588014,0.000167273497153195,0.0030771854335414,1.15322919830343,"7979732"
1.095705,8.06167833333333,8.92206616971897,0.000168448937789298,0.00309197589943233,1.14528025128255,"8038624"
1.02279,8.96288333333333,8.92055564451859,0.000168598546173441,0.00309301696525459,1.14427247454575,"7925622"
2.522195,6.686085,8.90964832025259,0.000169683473999732,0.00310778362693568,1.13699075553596,"8154416"
-1.8464,4.92387666666667,-8.90646157203894,0.000170001992305154,0.00311026184271087,1.1348617315478,"8096281"
1.04657,10.1349433333333,8.90642549018259,0.000170005602718977,0.00311026184271087,1.13483762171402,"8067295"
-1.23301,6.50631333333333,-8.89535854572752,0.000171117223516886,0.00312495289913284,1.12743845022159,"8147012"
-1.072845,5.95494,-8.89267320480434,0.000171388232760119,0.00312678305370863,1.12564179593892,"8064904"
1.5263,8.41677666666667,8.89184339323195,0.000171472080249631,0.00312678305370863,1.12508650092745,"8180375"
-1.0285,4.86418166666667,-8.88859129387036,0.000171801148031761,0.00313106887028657,1.12290979341352,"7952313"
1.079965,6.48623166666667,8.88265194622728,0.000172404035910195,0.00313862065812016,1.11893254979637,"8120165"
1.0298,9.044995,8.87907346092602,0.00017276847280802,0.00314234142057597,1.11653505720879,"8001185"
1.00623,7.507935,8.87875404226534,0.000172801046520356,0.00314234142057597,1.11632101165008,"8082380"
-1.16572,5.87874833333333,-8.87786706693478,0.000172891536249367,0.00314234142057597,1.11572660359409,"8149825"
1.189045,10.7346516666667,8.87560851185459,0.000173122205580184,0.00314481728270779,1.11421278169648,"7895954"
-1.090525,8.56419666666667,-8.874251431536,0.000173260979101307,0.00314562203987797,1.11330301253708,"7959023"
1.080985,7.66668333333333,8.87018663839922,0.000173677419131757,0.00315146431870851,1.11057725990927,"7950473"
-1.43608,7.10938166666667,-8.86426303768099,0.000174286392018008,0.00316079193628736,1.10660297322565,"7953341"
1.078985,6.19889166666667,8.85679244933785,0.000175057965135839,0.00316702141642585,1.1015872838819,"7968653"
1.334485,7.79023,8.85675409096629,0.000175061937135869,0.00316702141642585,1.1015615203405,"7987279"
1.151735,9.99281166666667,8.85062104133117,0.000175698370271379,0.0031692738989412,1.09744091228727,"7892745"
1.09511,7.07823166666667,8.84886723995862,0.000175880861190635,0.0031692738989412,1.09626210330687,"7909285"
-1.18546,9.45971,-8.84585253622076,0.00017619507276363,0.00317122558800572,1.09423528207055,"7949503"
1.0004,10.6939333333333,8.84374571731676,0.00017641504838938,0.00317346940368514,1.092818464987,"7894732"
-1.34212,7.204335,-8.83581569678271,0.000177245915442917,0.00318539694184711,1.08748280858842,"8058849"
-1.167125,8.18533166666667,-8.83466571507821,0.000177366784071523,0.00318539694184711,1.08670868583641,"7973306"
-1.341685,7.23110833333333,-8.83402487490709,0.000177434181274821,0.00318539694184711,1.0862772570274,"7953626"
1.153085,8.57131,8.82528636648526,0.000178356204917141,0.00319802183905549,1.08039140988077,"7925174"
-2.24108,6.285395,-8.82045192795486,0.000178868705675545,0.0032054850876634,1.07713285574721,"7951284"
-1.39145,2.19281666666667,-8.80950718024399,0.000180035336461758,0.00322119107907961,1.06974969958963,"7893135"
1.67819,7.40511166666667,8.79831208070184,0.000181237865953127,0.0032396532041317,1.06218892971099,"7958262"
1.04746,8.88835666666667,8.79809021122249,0.000181261792933218,0.0032396532041317,1.06203899766058,"7986411"
-1.00908,7.14544,-8.79262289715704,0.00018185257049364,0.00324672656285615,1.05834326968424,"8108912"
-1.18397,8.74980666666667,-8.78953091128927,0.000182187675251836,0.0032505530074244,1.05625225217126,"8072413"
1.48596,6.94226333333333,8.78705597060815,0.000182456425776868,0.0032505530074244,1.05457803688852,"8020141"
1.054175,8.974525,8.78689298286484,0.000182474140657429,0.0032505530074244,1.05446776588484,"8150714"
1.08288,9.02225333333333,8.78630542714816,0.000182538017850193,0.0032505530074244,1.05407023353689,"8089930"
1.0743,6.75628166666667,8.78408862739157,0.000182779256742807,0.00325240773215882,1.05257015656306,"8016452"
-1.86009,8.59107666666667,-8.78160580966518,0.000183049887078885,0.00325240773215882,1.05088965618147,"7971077"
1.367755,8.62182166666667,8.77937990676625,0.000183292911630226,0.0032549888418942,1.04938267817196,"8042942"
-1.38597,2.50672333333333,-8.77842422078084,0.000183397369339456,0.00325510778619183,1.04873555318219,"8052581"
1.15701,8.27429,8.77450054241097,0.000183826962380462,0.00325916803472196,1.0460780292333,"7965022"
-1.1806,7.67549166666667,-8.77365425130708,0.000183919774671669,0.00325916803472196,1.04550468965982,"8137670"
1.0299,9.1846,8.7714903677152,0.000184157335804917,0.00326164192037039,1.04403848555405,"8063337"
1.490765,5.32335166666667,8.76790744760465,0.000184551474384756,0.00326514901306547,1.04161004064569,"8124540"
-1.33248,5.28975666666667,-8.7525825476096,0.000186248454235233,0.00328917051891137,1.03121278550671,"7933772"
-1.09961,7.34669166666667,-8.74568681513523,0.000187017988431922,0.00329431284385497,1.0265288930033,"8102311"
1.09145000000001,12.0583833333333,8.74567328956095,0.000187019501475673,0.00329431284385497,1.02651970249608,"7895518"
1.16006,8.276905,8.74143381057513,0.000187494458338859,0.00329688948211803,1.02363837193952,"8066303"
1.78291,6.91752833333333,8.74126303094694,0.000187513620624483,0.00329688948211803,1.02352227598771,"8109938"
1.100545,6.06053166666667,8.72963287988498,0.000188823981109325,0.00331084222855536,1.01561120658878,"8139832"
1.229265,6.74849166666667,8.72780287668355,0.000189031139303544,0.00331272097125794,1.01436552125312,"8175666"
-1.29771,4.34420333333333,-8.72296481697726,0.000189580093180329,0.0033205935626646,1.01107109547776,"7977161"
-1.16719,9.53571166666667,-8.72163523502695,0.000189731281372611,0.00332149446680538,1.01016543748076,"7970329"
1.11871,9.00549166666667,8.71784026922134,0.000190163586742116,0.00332540864838175,1.00757976301172,"8031999"
-1.310985,7.61520666666667,-8.71704363685009,0.000190254481640005,0.00332540864838175,1.00703685199996,"8085556"
-1.23424,7.59177666666667,-8.71325587398827,0.000190687356607648,0.00332947924119815,1.00445484114381,"7968015"
-2.06051,7.22735166666667,-8.71079188789423,0.000190969565030738,0.00333265912307572,1.00277465974789,"8094130"
1.462735,4.82897,8.70468696140901,0.000191670887836174,0.00334139557711052,0.998609861896114,"8012753"
-1.50854,7.00681833333333,-8.70270295681546,0.000191899454414129,0.00334191226375309,0.997255792854194,"8036151"
1.225,6.157025,8.6983440719633,0.000192402737918335,0.00334539632609233,0.994279892584537,"8152597"
1.266965,6.15359333333333,8.69543638971366,0.000192739321119723,0.00334949956958424,0.992293999402239,"7942520"
-1.04823,6.474475,-8.69328682409386,0.000192988589808422,0.00335208193784613,0.99082549525569,"8147573"
-1.094085,6.77836333333333,-8.69007882096677,0.000193361298449649,0.0033568045643785,0.988633287705103,"8013157"
-1.00666,8.15386333333333,-8.68849212684127,0.000193545952866217,0.0033582592978564,0.987548737475379,"8115783"
1.291625,7.66348166666667,8.68350338689828,0.000194127870569046,0.00336660193038413,0.984137612525753,"8147548"
-1.28922,6.12089,-8.67657160638862,0.000194939834430442,0.00337716527941229,0.979394929110949,"8036284"
1.03719,9.60887166666667,8.67040297716433,0.00019566574463483,0.00338270108987847,0.975171476079067,"7962085"
1.622755,6.672305,8.66870861493165,0.000195865685996691,0.00338373971291721,0.974010922527533,"8151475"
-1.12066,8.10254333333333,-8.66817192170111,0.000195929067678902,0.00338373971291721,0.973643271230534,"7929132"
1.027075,7.028195,8.66668868029916,0.000196104358238582,0.00338501130962678,0.972627097274824,"7904751"
1.007545,6.074195,8.65845073051837,0.000197081267339914,0.00339835057411555,0.966980355355382,"8000957"
1.060425,6.00328166666667,8.64618583629431,0.000198546274088821,0.00341639377495989,0.958564228469495,"8092726"
-1.229675,6.77519833333333,-8.63960039354544,0.000199338135906805,0.00342617103075143,0.954040823225412,"7931863"
1.208625,7.56410166666667,8.63886550048487,0.000199426731281459,0.00342617103075143,0.953535845147893,"8084219"
-1.024465,8.82911666666667,-8.63811012975705,0.000199517843308016,0.00342617103075143,0.953016755091102,"8112890"
1.47011,6.726705,8.63705404539546,0.000199645308653961,0.00342659270219121,0.952290945469652,"7893030"
1.0745,9.70553166666667,8.63500896597194,0.000199892412576855,0.00342679771216974,0.950885204092168,"8116402"
1.018575,6.757855,8.63465139696466,0.00019993565380842,0.00342679771216974,0.95063938804129,"8166104"
1.07627,7.95997166666667,8.63431063681185,0.00019997687249798,0.00342679771216974,0.950405118841264,"7986350"
1.291405,8.77281666666667,8.63354998364657,0.000200068917694026,0.00342679771216974,0.949882146961327,"7919591"
1.08789,5.23060666666667,8.62135191275018,0.000201551767024175,0.00344864809178004,0.941489861315027,"8100378"
-3.60351,6.737285,-8.61971309456001,0.00020175196574462,0.00345030056671731,0.940361527698267,"8031646"
-1.2956,6.66830833333333,-8.61509018849453,0.000202317955324269,0.00345544940246994,0.937177582034078,"8031768"
1.588175,8.381665,8.61346841556999,0.000202516950958766,0.00345544940246994,0.936060245295314,"7925500"
1.191005,5.38378166666667,8.61318317346815,0.000202551974530432,0.00345544940246994,0.935863705057564,"8067969"
1.100515,4.76133,8.61232261528031,0.000202657681423388,0.00345544940246994,0.935270719087095,"8059538"
-1.38265,6.64046333333333,-8.60993596569307,0.000202951183609598,0.00345837541486633,0.93362586469692,"8019622"
-1.04207,9.47469166666667,-8.6060029013783,0.000203435943090361,0.0034648627095037,0.930914330417664,"8175299"
-1.11162,8.98341,-8.59112813901115,0.000205281567884645,0.00348370631773666,0.920649149270332,"8116070"
-1.000525,8.77070166666667,-8.59034460144,0.000205379328519598,0.00348370631773666,0.920107975681892,"7930139"
1.51228,7.64693,8.58759595626888,0.000205722702628555,0.00348528609090408,0.918209186523278,"8041582"
-1.09745,9.457895,-8.58755026961457,0.000205728415692069,0.00348528609090408,0.918177621091333,"8069676"
1.316265,8.49028666666667,8.57970891166366,0.000206711720564954,0.00349207516978756,0.912757671347943,"7994362"
-1.05884,8.469395,-8.57219051355198,0.000207659686642974,0.00350564117851263,0.907556716793056,"8079037"
-1.155675,7.66592833333333,-8.57167143934369,0.000207725321957096,0.00350564117851263,0.907197486986089,"7937900"
-1.20623,8.25529333333333,-8.56857854894017,0.000208116911156279,0.00350869305861804,0.905056615045162,"8102342"
1.02019,9.21236666666667,8.56120856299959,0.000209053502469064,0.00352091779044635,0.899952340559931,"8050190"
-1.071555,8.20947833333333,-8.55601392352564,0.000209716605968408,0.0035303002168504,0.896352257530106,"7958019"
-1.081675,9.09082833333333,-8.55421464492007,0.000209946859339899,0.00353231387663702,0.89510482559951,"8015208"
-1.214365,7.03281,-8.55078003125972,0.00021038720677284,0.00353444138441739,0.892722960816801,"7917954"
1.32315,8.448175,8.54700786019707,0.000210872075889594,0.00354080056020969,0.890106001831748,"8132843"
1.156155,6.776495,8.54425589990252,0.000211226632396346,0.00354496632001064,0.888196156024472,"7989718"
1.116775,9.07363333333333,8.53805653735665,0.000212027899388943,0.00355304125110903,0.883891783185248,"8178244"
-1.33725,7.414435,-8.53217024600435,0.000212791990311747,0.00356225988004536,0.879802155488646,"7966089"
1.041,11.3803666666667,8.52863895991667,0.000213251925183228,0.00356816550393263,0.877347488743245,"7892972"
-1.077205,7.30523833333333,-8.52663651858756,0.000213513250558607,0.00357052009989364,0.875955142197201,"7905116"
1.68315,5.66729833333333,8.52078244235352,0.00021427937559166,0.00357816467857348,0.871882956565054,"8106660"
1.962575,7.24697666666667,8.51416797763138,0.000215148880319031,0.0035898505803346,0.867278776756873,"8084704"
1.01971,7.08597166666667,8.51177989449932,0.000215463818106171,0.00359253818301511,0.865615688523448,"8114797"
1.08651,6.01563666666667,8.50311324121461,0.000216611299465895,0.00360273738767933,0.859576575470966,"8010560"
1.00267,8.50010166666667,8.50156156498991,0.00021681749704402,0.00360273738767933,0.858494744497136,"8160284"
-1.017285,8.330085,-8.50144557637739,0.000216832919629678,0.00360273738767933,0.858413869872267,"7923372"
2.037405,3.968545,8.49878006728146,0.000217187696091411,0.00360683227768364,0.856555031974878,"7892787"
1.133065,8.87685666666667,8.49147847397254,0.000218163008692206,0.00361581567965376,0.851460434218591,"8118634"
1.29081,7.07761166666667,8.48824587620652,0.000218596437310897,0.00361759720335037,0.849203660398762,"7914342"
1.21202,7.05929833333333,8.48473854075007,0.000219067841140298,0.00362179836467155,0.846754202875085,"8067185"
1.10185,9.38409666666667,8.47933917620807,0.000219795866581466,0.00363022964760073,0.842981593946304,"8156982"
1.029745,4.16749833333333,8.47810160474285,0.000219963132914322,0.00363041507047456,0.842116579515039,"8048723"
1.324045,6.556055,8.47475388076835,0.000220416346584495,0.00363147109956652,0.839776077151768,"8018038"
1.3656,7.581155,8.46914770083827,0.000221177754362741,0.00363861446986965,0.835854739417222,"8008627"
1.1966,6.97899333333333,8.46539569895778,0.000221689051758005,0.00364342564481061,0.833229025072944,"8106516"
1.098585,9.03018,8.463409150773,0.000221960324045886,0.00364608431660378,0.831838378511303,"8017776"
1.283555,7.38875333333333,8.44888451651379,0.000223955553832209,0.00366783792294585,0.821661690867215,"8020779"
1.22169,7.706395,8.44713913467858,0.000224196721761653,0.00366834311768932,0.820437723771319,"8006187"
-2.49511,5.59897333333333,-8.43467328225356,0.000225928037111853,0.00369122956413806,0.811689260378161,"8048749"
1.459835,2.76616333333333,8.43110028013473,0.0002264271482644,0.0036939464751395,0.809179592952322,"8008817"
-2.54268,6.68955,-8.40305182145139,0.000230390280386452,0.00373663183927311,0.78944498614266,"7932584"
-2.39627,4.99576,-8.39625176505819,0.00023136326600313,0.00374895837976829,0.784651580942038,"8073088"
1.400915,7.23480166666667,8.39452132534149,0.000231611631321267,0.00375095938137365,0.783431223347577,"8136954"
-2.839715,7.09450666666667,-8.39090312232135,0.000232131949079277,0.00375573251141531,0.780878825403859,"7970392"
1.31562,7.25862,8.38970956700027,0.000232303888333657,0.00375668896058562,0.780036634954984,"8116227"
-1.80987,6.55598333333333,-8.36859972681974,0.000235369612144065,0.00379704553079502,0.765123337555634,"8054517"
1.043885,10.4104883333333,8.35326626621017,0.000237626090171032,0.00382481905522999,0.754269564443867,"8148270"
-1.4985,6.413115,-8.34989861024141,0.000238125053352908,0.00382481905522999,0.751883370266691,"8166925"
1.303815,6.53645666666667,8.34511830762214,0.00023883542149302,0.00383253158045931,0.748494739879639,"8108744"
1.0243,11.0519,8.33968017601609,0.000239646556022923,0.00383867352525833,0.74463766724617,"8006762"
-1.136665,7.75752166666667,-8.33832173512681,0.000239849678638178,0.00383955516808433,0.743673820364185,"7962579"
-1.337755,5.89278,-8.33720527715642,0.00024001676897139,0.00384038364076903,0.74288156048606,"8107850"
1.341725,7.699195,8.33284338419763,0.000240670878917469,0.00384530626454653,0.739785362940946,"7987248"
1.10372,7.29939333333333,8.33153007778962,0.000240868230051152,0.00384661364796797,0.738852854606661,"8107920"
-1.746905,6.07996,-8.32602978089634,0.000241696817760569,0.003854300259087,0.734945952557739,"8030931"
1.896115,6.82894166666667,8.31905346977918,0.000242752551036508,0.00386894077443132,0.729987287092939,"8016487"
1.144045,8.378795,8.31842916451189,0.000242847290103056,0.00386894077443132,0.7295433573462,"7948900"
1.27321,6.45224333333333,8.31313149363615,0.000243652957888723,0.00387991991335285,0.725775094549917,"7948910"
1.41343,8.22951666666667,8.31038226853743,0.000244072288887918,0.00388473948522993,0.723818704892702,"8015769"
1.47851,7.965785,8.30863828973802,0.000244338729526203,0.00388712215816244,0.722577362079402,"7903753"
1.730075,7.28506166666667,8.28160450167828,0.000248512632958903,0.00391981295103391,0.703305057896262,"8009502"
1.072,6.97358166666667,8.26481149236157,0.000251147320527178,0.0039557485012268,0.691304930261524,"8090803"
-1.06486,7.73417666666667,-8.2609349914382,0.000251760136630631,0.0039562197172954,0.688531713510784,"8098730"
-1.06486,7.73417666666667,-8.2609349914382,0.000251760136630631,0.0039562197172954,0.688531713510784,"8098743"
1.07809,6.28046833333333,8.25898616583361,0.000252068875801568,0.0039590270554551,0.687137099183033,"8025402"
1.001975,9.07920333333333,8.25042076520157,0.000253431085503655,0.00397479738766613,0.68100404776138,"8147156"
-1.50005,6.22666,-8.24579134363559,0.000254170908742627,0.00398077551665252,0.677686885717323,"8009513"
1.011405,8.72415333333333,8.24394914552555,0.000254466009676588,0.00398352361269458,0.676366414630815,"8110589"
1.31457,9.43323833333333,8.23582942841874,0.0002557714799044,0.00399832064149146,0.670543123885757,"8091354"
-1.261585,6.197985,-8.23007288676249,0.00025670174139912,0.00400534108873781,0.666411539012554,"8082846"
-1.70193,7.09957666666667,-8.21731121168405,0.000258778158318067,0.00403207128568866,0.657243002575486,"8151629"
-2.13148,6.20217666666667,-8.21584931242176,0.000259017269306542,0.00403390926852196,0.656191898377834,"8138527"
1.109155,7.70596,8.21363429383834,0.000259380053530062,0.00403588007830412,0.654598983393193,"7924832"
1.073955,9.13778,8.21175177599124,0.000259688845859051,0.00403588007830412,0.653244882020324,"8090898"
1.184935,8.11775833333333,8.2117462450611,0.000259689753738184,0.00403588007830412,0.653240903194931,"8109194"
1.01828,8.36243166666667,8.20527720071201,0.000260754161485423,0.00404489168208276,0.648585579017814,"8009255"
-1.26004,9.161465,-8.2038377978663,0.000260991691025752,0.00404573572443411,0.647549294117631,"8164293"
-1.41513,7.446465,-8.18372631654177,0.000264337039510192,0.00407695749881657,0.633053202000708,"8151605"
-1.41513,7.446465,-8.18372631654177,0.000264337039510192,0.00407695749881657,0.633053202000708,"8151613"
-1.41513,7.446465,-8.18372631654177,0.000264337039510192,0.00407695749881657,0.633053202000708,"8151617"
-1.41513,7.446465,-8.18372631654177,0.000264337039510192,0.00407695749881657,0.633053202000708,"8151621"
-1.41513,7.446465,-8.18372631654177,0.000264337039510192,0.00407695749881657,0.633053202000708,"8151625"
1.026985,5.70964833333333,8.17139495185738,0.000266412993946413,0.00410303120232827,0.624149178189864,"8037272"
1.13058,5.506405,8.16708024679639,0.000267143853633423,0.00410820427766075,0.621030857115922,"7992516"
-1.373155,7.77642166666667,-8.16598514481395,0.00026732972307448,0.00410820427766075,0.620239171848141,"7945245"
1.0524,11.6073666666667,8.16575113883034,0.00026736946000714,0.00410820427766075,0.620069988941209,"7894674"
-2.408965,4.44815666666667,-8.16504642990873,0.000267489169413716,0.00410820427766075,0.619560468567476,"7981943"
-1.493505,6.54326,-8.15896272780063,0.000268525217613604,0.00412031528611989,0.615160183959544,"8159900"
-1.19346,8.76791666666667,-8.15377611727514,0.000269412192214757,0.00412797423205487,0.611406446525393,"8140864"
-1.24498,6.681305,-8.12984332608459,0.000273549550709929,0.00416714859000332,0.594057813256681,"8068422"
-1.133325,6.83583666666667,-8.1295097593012,0.000273607737566241,0.00416714859000332,0.593815692913639,"8070826"
-1.534195,6.13686666666667,-8.12559790736399,0.000274291193923319,0.00417002753596453,0.590975604529357,"8152297"
1.108675,7.891985,8.12207793841329,0.000274907886343418,0.00417591600893102,0.588418991205815,"8025551"
-1.241255,6.65321833333333,-8.11902066068325,0.000275444829490974,0.00417984703704447,0.586197638154671,"8007483"
-1.778575,5.51858333333333,-8.11514565210784,0.000276127148740045,0.00418679675391496,0.583381069549336,"7893570"
-1.446895,7.49465666666667,-8.10943445051442,0.0002771363879959,0.00419636667171418,0.579227673421382,"8135576"
2.295345,5.33224833333333,8.10784091504449,0.000277418752951112,0.00419873282591509,0.57806833154709,"8095299"
1.04389,7.25504833333333,8.10457094501916,0.000277999224125771,0.00420560661777183,0.575688701776633,"7961757"
-1.59383,6.06544666666667,-8.09721568515185,0.000279310086353335,0.00422160142773808,0.570332995099456,"8105989"
1.04909,7.71334,8.08267183736507,0.000281923400132398,0.00425145083976832,0.559730205495077,"8007799"
-1.41942,6.70349166666667,-8.07839959232315,0.000282696473705538,0.00425738827591909,0.556612423475281,"8001030"
-1.12791,7.72252,-8.07508345718947,0.000283298242382333,0.00425945142852893,0.554191378207317,"8059177"
-1.285175,7.33478166666667,-8.0648338998681,0.000285167669693293,0.00427712968368359,0.546702794244622,"8098581"
-1.73404,5.25106666666667,-8.06037299617366,0.000285985791950827,0.00428746911957978,0.543440908159551,"8151768"
-1.023685,8.343105,-8.04961132980551,0.000287970762677934,0.00430515260995595,0.535565205597324,"8015835"
1.28636,7.51375166666667,8.04442859487019,0.00028893244200923,0.00431416301416203,0.531768997465084,"8041763"
1.12843,9.09639,8.04203483468397,0.000289377879568564,0.00431887729986306,0.530014903330521,"7951485"
1.058485,10.0402116666667,8.03216942427212,0.000291222138957397,0.00433620279617423,0.522780864782488,"7894708"
1.163345,6.004515,8.03164740037971,0.000291320108569593,0.00433620279617423,0.522397859568098,"7896689"
1.07412,6.00815166666667,8.01994731467378,0.000293526017348253,0.00435929339859267,0.513807801115627,"8058670"
-1.09245,9.35186666666667,-8.01432605640034,0.000294592764841178,0.00437123676065807,0.509676796849934,"7987172"
1.444905,9.43636166666667,8.00731097458951,0.000295930369605895,0.00438423377822922,0.504517888501086,"7895283"
-1.13943,7.639285,-8.00103847316578,0.00029713238625763,0.00439097028156629,0.499901689098841,"8130474"
1.138335,6.93622666666667,7.99715804794198,0.000297878854765572,0.00439453798277769,0.497044317410433,"7923131"
-1.391535,4.66069,-7.9929585519742,0.000298689168591879,0.00440080172948535,0.493950614960758,"8138337"
-1.00608,9.04999666666667,-7.98357050415616,0.000300509958183677,0.00441964667740367,0.48702938980739,"7966202"
-1.021815,3.91703166666667,-7.97652974559656,0.000301883996847782,0.00443140949157094,0.481833955612863,"7933379"
-1.162115,7.90944,-7.97596979796036,0.000301993587668195,0.00443140949157094,0.481420591765655,"8010915"
1.03557,5.52489833333333,7.96915197993163,0.000303331674910014,0.00444739532341645,0.47638549429522,"8114856"
-1.273225,6.75245333333333,-7.96163979644375,0.00030481405720997,0.00446670909017103,0.470833188981269,"8149356"
-1.802075,5.93634333333333,-7.9602268881308,0.000305093810340608,0.00446670909017103,0.469788382466085,"8085360"
1.357115,4.34425333333333,7.95976389291809,0.000305185547651112,0.00446670909017103,0.469445974752945,"7892772"
1.24572,8.0566,7.94706026997116,0.000307715227231463,0.00449385698295001,0.460044160660422,"7919038"
1.18867,5.66712,7.94356242359889,0.000308416044554706,0.00450014418735234,0.457453115567278,"7990391"
-1.512205,4.484535,-7.93228278601422,0.000310688712835014,0.00452721408113022,0.449090819168026,"8093451"
1.05616,7.63856166666667,7.93091039257925,0.000310966559191958,0.00452721408113022,0.44807266380675,"8166230"
-1.954215,7.27284,-7.93031563872621,0.00031108705942355,0.00452721408113022,0.447631377829719,"7950005"
-1.042575,6.82029833333333,-7.9279705678996,0.00031156271407554,0.00452828499308027,0.445891135469742,"8116635"
1.07334,7.26403166666667,7.92150802911431,0.000312877918286204,0.00454334759929164,0.441093034001932,"8106820"
-1.241355,6.80768666666667,-7.91417245239701,0.000314378651022446,0.00455917506232334,0.435642569171149,"8143144"
1.023355,6.50824333333333,7.91328385594576,0.000314561012097499,0.00455983370474986,0.434982024191408,"8056999"
-1.43914,7.05341,-7.91057203816098,0.00031511830477294,0.00456592436641626,0.432965770039182,"8064637"
1.240105,6.30745833333333,7.90571010515827,0.000316120343204299,0.0045744715635261,0.429349368209802,"8150186"
-1.309025,7.538835,-7.90407570288325,0.00031645802584805,0.00457498857945851,0.428133228104658,"8092067"
-1.13815,6.63936333333333,-7.90354255550894,0.000316568270026501,0.00457498857945851,0.427736471375002,"8037079"
-1.114815,5.49502666666667,-7.8815639910724,0.000321152228531692,0.00462317585534792,0.411359985011494,"7951178"
1.257275,7.30488,7.88003968148266,0.00032147300669224,0.00462579373545009,0.410222716440241,"8160213"
-1.646865,4.81925,-7.87633416375308,0.000322254361414867,0.00462903514755429,0.407457269372664,"8045776"
1.09199,10.1418533333333,7.87461924968646,0.000322616722082169,0.00463224191253556,0.406177033338361,"8104463"
-1.270445,6.05772166666667,-7.87215943056607,0.000323137310898867,0.00463556561285195,0.404340275297347,"8149574"
1.13098,9.52796166666667,7.87155273664364,0.00032326586037908,0.00463556561285195,0.403887176734731,"8160033"
1.001655,7.96415666666667,7.86856861752883,0.000323899019944848,0.00464264557344107,0.401658094087731,"8049567"
1.110835,9.28920833333333,7.84992144083157,0.000327888427070942,0.00468655033817232,0.387712166825564,"7896076"
-1.09031,8.10358833333333,-7.84264841426341,0.000329459944199042,0.00468804605213483,0.382264908098353,"8137404"
1.15659,9.25689166666667,7.83772943085538,0.000330527791962402,0.00470123190472964,0.378578239809917,"7994565"
-1.59809,7.12425,-7.83467914880782,0.000331191996243215,0.00470465012752148,0.376291102841382,"8175531"
-1.087995,7.80721833333333,-7.82281925022025,0.000333789344260772,0.004723775270324,0.36739099373659,"8168868"
1.374825,6.08588,7.82270193559849,0.000333815154850959,0.004723775270324,0.367302897474055,"7930498"
-1.59474,5.99019333333333,-7.81861059737037,0.000334716754784472,0.00472923655127554,0.364229823423209,"8061013"
1.1683,7.72877666666667,7.81210911548419,0.000336155321368199,0.0047407724420148,0.359343552460183,"7925773"
1.13615,10.7706666666667,7.81011435840012,0.000336598140731286,0.00474500774425472,0.357843654110743,"7892530"
-1.500125,6.01402833333333,-7.79524826754698,0.000339919798015578,0.0047802671745114,0.346654972143321,"7922807"
-1.64474,5.78895,-7.79347196232555,0.000340319243701698,0.00478328824716566,0.345316822016994,"7957140"
1.06013,6.33100666666667,7.79223677378559,0.000340597328695112,0.00478390746464685,0.344386156024752,"8034097"
-1.69582,8.33504333333333,-7.78508689706713,0.000342212236356013,0.00479774350902996,0.33899647055706,"8180282"
-1.694435,2.87764,-7.78440383848183,0.000342366982135226,0.00479789284686727,0.338481344324263,"7894245"
-1.071435,3.89101,-7.77912547592089,0.000343565541535727,0.0048126637932331,0.334499353663599,"7933263"
-1.233415,6.78302,-7.7771842432105,0.000344007567825362,0.00481682926235537,0.33303429635242,"8149243"
1.558285,8.08362,7.77430051334591,0.000344665429146056,0.00481795578272183,0.330857342409949,"7922410"
-1.14799,7.96667333333333,-7.77269797831443,0.000345031647278467,0.00482103179162027,0.329647269312829,"8124798"
-1.419595,6.2785,-7.75627136515601,0.000348811805535818,0.00486161016698457,0.317230972944579,"7955533"
-1.09636,5.64697166666667,-7.75531663339873,0.000349032992934904,0.00486265755889267,0.316508619682175,"8028254"
-1.13035,10.6223333333333,-7.75325563431291,0.000349511032482239,0.00486525954893223,0.314948996364121,"8102787"
-1.472015,5.30046666666667,-7.74745866142979,0.000350859712875089,0.00488197904705468,0.310560303956462,"8161892"
-1.046075,7.91772333333333,-7.74664519602093,0.000351049452697691,0.00488257879134295,0.309944227710856,"8052669"
1.625775,6.46410166666667,7.73595387342089,0.000353554342122154,0.00489997851062539,0.301841933015714,"7925662"
-1.032745,8.65077166666667,-7.73576829917091,0.000353598004276775,0.00489997851062539,0.301701211593128,"8154316"
-1.55445,7.516025,-7.72868560422398,0.000355269138092306,0.00490846327429855,0.296328187001912,"8176572"
1.182115,6.53389,7.72784956352906,0.000355467005494976,0.0049091600505874,0.29569367269143,"8148022"
1.38706,4.379325,7.71960704573964,0.000357424671132074,0.00491783552832446,0.289434800323892,"7943319"
-2.035995,4.759395,-7.71692247761457,0.000358064989510827,0.00492054888804871,0.287395044813964,"7951195"
1.34149,5.15904333333333,7.71557472962637,0.000358386956085667,0.00492091153681833,0.286370782680688,"7895734"
-1.00156,8.027645,-7.69939893543307,0.000362277680794283,0.00495735226966096,0.274065335291693,"7979984"
-1.131815,5.4292,-7.69931857064445,0.000362297133294755,0.00495735226966096,0.274004143105607,"8173647"
-1.32415,4.76810833333333,-7.69774169945288,0.000362679065392227,0.0049576797603279,0.272803353233618,"7892856"
1.33416,7.80835666666667,7.69605399185021,0.00036308836313128,0.0049576797603279,0.271517924342653,"8169541"
-1.75003,5.79186166666667,-7.69535058058712,0.000363259111255274,0.0049576797603279,0.270982104482101,"8123609"
-1.10125,6.167515,-7.6943479443248,0.000363502655957158,0.0049576797603279,0.270218277951328,"8149413"
-1.026775,7.307485,-7.68843476362325,0.000364942870613729,0.00496794260992447,0.265711749293545,"8001981"
-1.41108,6.12374833333333,-7.68604651482375,0.000365526437598444,0.00496968903928305,0.263890773263576,"8100547"
-1.06946,5.65659333333333,-7.68031527178432,0.000366931305706383,0.00498072225279471,0.259518847523997,"7966356"
-1.03367,5.10745833333333,-7.66826914304068,0.000369904674576429,0.00500883121161909,0.250320538175261,"8055294"
1.08879,7.17585666666667,7.66624539851245,0.000370406950092127,0.00501359358423478,0.248773995808143,"8152759"
1.325485,6.584105,7.66556584580819,0.000370575787319921,0.00501384071125209,0.248254603260484,"8123637"
1.058165,4.83402166666667,7.66414512818779,0.000370929059427709,0.00501658200315371,0.247168597930445,"7939007"
1.081135,8.02654,7.66253486526394,0.000371329938077521,0.00501792733286007,0.245937491823087,"8171823"
-1.032225,9.45875333333333,-7.65967192841732,0.000372043920471551,0.00502553607299847,0.243748115437956,"8135080"
1.046745,5.71919,7.65403427195993,0.000373454567993487,0.00503845897507258,0.239434749539307,"8104625"
-2.33964,3.41947166666667,-7.64925940509136,0.000374654207009768,0.00504747006737111,0.235779348104804,"7976842"
1.157275,7.45784,7.64836100133183,0.00037488042396038,0.00504747006737111,0.235091353629534,"8081343"
1.681245,3.38865333333333,7.64631143140508,0.000375397099242274,0.00505034230847273,0.233521537901889,"7895151"
1.041985,6.96606666666667,7.64168796429558,0.000376565678076531,0.00506401752137086,0.229978971867074,"8004184"
1.20913,8.64476333333333,7.63907756337177,0.000377227327921205,0.00507086731440951,0.227978025362538,"8102800"
1.135185,9.20402,7.63790748485044,0.000377524343637564,0.00507281197340595,0.22708093465817,"8000200"
1.06696,6.89854833333333,7.63448704177767,0.000378394161795736,0.00508136508549577,0.224457823042252,"8050427"
1.2292,7.86387166666667,7.63420460249072,0.000378466090399421,0.00508136508549577,0.224241177024712,"7983191"
-1.08389,7.19742166666667,-7.62534803231019,0.000380729691604707,0.0050994193649887,0.217444191385163,"8079305"
-1.14634,7.18676166666667,-7.62177815941195,0.000381646554401362,0.00510610411851648,0.214702555533717,"7907893"
1.23901,6.46583333333333,7.60542374087444,0.000385879951501878,0.00514667777363994,0.202128263272097,"8107859"
-1.231985,8.50965666666667,-7.59931411130956,0.000387475472769509,0.00516070832672254,0.197424801594149,"7966259"
1.794705,7.480835,7.59443059928957,0.000388756325162815,0.00517156186933529,0.193662908581123,"8069574"
-1.056465,7.15725333333333,-7.59073270434124,0.000389729495879672,0.00518036847277662,0.190812935756677,"8096004"
-1.075395,6.566025,-7.5798589331027,0.000392607622576455,0.00519994272431513,0.182425552811113,"8095728"
1.36591,7.73724333333333,7.57291621376209,0.000394458213264488,0.00522237579605075,0.177064915911557,"7954711"
-1.18653,7.29765333333333,-7.56261244543008,0.000397223465247466,0.00525063506246322,0.169101313126065,"7950447"
-1.191,9.328515,-7.55937002993986,0.000398098309343231,0.00525378818936516,0.166593371256147,"7977270"
1.20515,4.42754,7.55816268399979,0.000398424639783722,0.00525378818936516,0.165659276979626,"8034393"
-1.169155,6.03467833333333,-7.55732826390481,0.000398650355197706,0.00525378818936516,0.165013631217827,"8060897"
1.24517,9.75671166666667,7.55720404328853,0.000398683970325397,0.00525378818936516,0.164917508294157,"7896085"
-1.22823,6.74937166666667,-7.55599625826796,0.00039901097917688,0.00525378818936516,0.163982843417707,"8144395"
1.556015,4.58608166666667,7.55594021707409,0.000399026159964346,0.00525378818936516,0.163939471865461,"8176730"
1.13978,5.98061833333333,7.55324417385967,0.000399757276497725,0.00525907468808564,0.161852615252409,"7956908"
-2.62569,6.23552166666667,-7.54991919530501,0.000400661099032116,0.00526472478866313,0.159278050737812,"8019804"
1.588365,7.311515,7.54364314469251,0.000402373602414521,0.00527473773212452,0.154415778112885,"7895839"
1.053895,5.081885,7.54201181183012,0.000402820128626549,0.00527851311408037,0.153151357822173,"7971296"
-1.0514,7.482025,-7.53270469559365,0.000405378730223946,0.00530577656457026,0.145933051859962,"8109350"
1.179045,6.73059666666667,7.52387683587209,0.000407823092769216,0.00533122904211123,0.139079345393373,"7977456"
1.218695,7.19559833333333,7.51960207801395,0.000409012906813868,0.00533447033222928,0.135758055139314,"7925561"
1.262445,7.73645166666667,7.5079489708604,0.000412276966374216,0.005365778594988,0.126695874995453,"8059852"
-2.26935,4.58504,-7.49520491025892,0.000415881401145745,0.00539446942499021,0.116771454316792,"7981949"
-1.004,8.74655666666667,-7.49038383575249,0.000417254519028583,0.00540806684316649,0.113013270477734,"7980189"
1.000475,8.41445833333333,7.48815967642049,0.000417889774409459,0.00541261522054076,0.111278766194046,"7930577"
-1.080245,8.2793,-7.48736604499441,0.000418116720879247,0.00541261522054076,0.110659747958499,"7979473"
-1.12903,5.778985,-7.48500958082091,0.000418791420770555,0.00541539372198689,0.10882141642073,"7982366"
-1.102845,5.78521166666667,-7.48363050118824,0.000419186865412426,0.00541834823666053,0.107745334508591,"8147756"
1.28449,5.07680166666667,7.47648684127425,0.000421242251886793,0.00543858210976136,0.102168484220455,"7894491"
1.092225,8.87717666666667,7.46796648585581,0.000423709113407326,0.00546195987190234,0.095510908386526,"8164607"
-1.597155,5.26891833333333,-7.46606158860209,0.00042426292921947,0.00546698249002349,0.0940215824578789,"8109383"
-1.092415,8.46815166666667,-7.45192674266287,0.000428398834781306,0.00549566455231891,0.0829602035975094,"7930162"
1.2379,5.85319,7.43872478417297,0.000432304244482713,0.00552569459828825,0.0726126270019805,"8014316"
1.10558,7.58421333333333,7.42481219303923,0.000436464825573097,0.0055681874701561,0.0616910455354684,"8001423"
-2.965615,4.20871333333333,-7.41908607337741,0.000438190764628254,0.00558165183237451,0.0571908771363656,"7964733"
-1.04285,8.05823166666667,-7.41703798421235,0.000438810018681807,0.00558740236789604,0.0555805592463692,"7996976"
1.05139,4.16247,7.4154557489766,0.000439289116430131,0.00558970214031694,0.0543362606340585,"7896532"
-1.43366,6.89555,-7.412720683265,0.00044011872643275,0.00559550715312381,0.0521848201398525,"8088550"
1.03007,7.43787,7.41053147066619,0.000440784081215025,0.00559729642947452,0.0504622666248595,"7951046"
-1.120285,6.56980333333333,-7.4095832525624,0.000441072631203044,0.00559729642947452,0.0497160386272286,"8064014"
1.114235,8.30998666666667,7.40847672588219,0.000441409633875692,0.00559729642947452,0.0488451219421755,"8129985"
-1.893595,6.95901333333333,-7.40605975851615,0.000442146786446793,0.00559729642947452,0.0469424071222786,"8144397"
-1.893595,6.95901333333333,-7.40605975851615,0.000442146786446793,0.00559729642947452,0.0469424071222786,"8149241"
1.452405,4.952735,7.40493806963334,0.000442489378118414,0.00559729642947452,0.0460591972596625,"8074853"
-1.047785,8.47359666666667,-7.38785645188026,0.000447744919434569,0.00564290786616686,0.0325951242350806,"8127346"
-1.42406,5.76447333333333,-7.38613006171053,0.000448280115306463,0.00564324499030598,0.031232871765642,"8166289"
-1.89506,5.54919666666667,-7.38149441211849,0.000449720896501503,0.0056479483711435,0.0275736498254124,"7905154"
-1.056885,5.91947833333333,-7.38113156437472,0.000449833898624964,0.0056479483711435,0.0272871476622125,"8071049"
1.34864,5.624785,7.37059532608927,0.000453129677507792,0.00567426057614778,0.0189625649409875,"7961026"
-1.08649,5.73907666666667,-7.36771800210195,0.000454034598465404,0.00567918483287099,0.0166874560137629,"8017843"
-1.08752,6.65974166666667,-7.36700288106965,0.000454259831045214,0.00567986841694047,0.0161218902047171,"8151952"
1.05555,7.48580166666667,7.35158701030281,0.000459146948645641,0.00572091577408225,0.00391860459400917,"7953166"
-1.218095,4.67592666666667,-7.34816029915982,0.000460241580211614,0.00572983649142592,0.00120304382373781,"8154233"
1.20429,7.04611666666667,7.34791164567774,0.000460321128466959,0.00572983649142592,0.00100595184633345,"8063345"
1.008555,9.75703166666667,7.34665813260531,0.000460722391346808,0.00573235928574555,1.22844773216002e-05,"7930422"
-1.352795,7.58778833333333,-7.33999875529371,0.000462860970144133,0.00575499690921927,-0.00526906289276852,"8154381"
-1.1801,5.75707833333333,-7.33675587977111,0.00046390656382106,0.00576225062523333,-0.00784236278324713,"8039674"
-2.269565,6.73757833333333,-7.3360702587129,0.000464127979231416,0.00576225062523333,-0.00838654342196143,"7926545"
-1.669925,5.898675,-7.33207853539497,0.000465419517988833,0.00577160782429279,-0.0115556514867423,"8120679"
-1.309775,5.75603666666667,-7.33157219731945,0.000465583644654186,0.00577160782429279,-0.0119577480670054,"7902043"
1.429935,3.63791333333333,7.33002142892783,0.000466086736977985,0.00577393674387634,-0.0131894014431158,"8163255"
1.066785,7.13637666666667,7.32401024960205,0.000468042843758188,0.00578971028780976,-0.0179657013445986,"8170418"
-1.704735,6.157755,-7.31817309108969,0.000469951474710747,0.00580845369467103,-0.0226069165612248,"8128565"
-1.005385,8.11679833333333,-7.30473163712319,0.000474381115017058,0.00584800739974934,-0.0333063846570676,"8002370"
2.8309,4.501,7.30354895237066,0.000474773190912089,0.00585067466239816,-0.034248607204824,"7980828"
1.20333,4.122305,7.28741412540742,0.000480159961523456,0.00590176679174844,-0.0471158551598849,"8163253"
1.02377,5.57217333333333,7.27272329580924,0.000485126607177857,0.005935164716585,-0.0588525487000524,"8089659"
-1.029545,6.608615,-7.27252394710768,0.000485194412666137,0.005935164716585,-0.0590119489248515,"8047788"
1.09165,9.02007333333333,7.27178705182728,0.000485445152382649,0.00593587140327603,-0.0596012061979465,"7899615"
1.138675,8.146715,7.27014782119281,0.000486003466435865,0.00593851648510643,-0.0609121959159609,"7966183"
1.04773,5.4299,7.26761740420257,0.000486866782359199,0.00594644186310178,-0.0629364112118385,"7968004"
-1.03336,6.85774333333333,-7.2659468138288,0.000487437724923649,0.00594731180900796,-0.0642731322108716,"7925492"
-1.34295,7.82768833333333,-7.26118482958588,0.000489069466987212,0.00596503518031985,-0.0680848556798157,"8080964"
1.12963,9.114895,7.25123389880758,0.000492499823238323,0.00599151136805497,-0.0760568921443294,"7903742"
1.17307,7.72644666666667,7.24784342003024,0.000493675004155017,0.00600003471629987,-0.0787752345158541,"8103622"
1.145105,7.46733333333333,7.24276716530868,0.000495440602355863,0.00601629676755768,-0.0828471697144098,"8130038"
-1.13804,8.17273833333333,-7.23270053198152,0.000498963714703867,0.00603706206704021,-0.0909292880800985,"7978260"
-1.34875,6.12844666666667,-7.22907780990072,0.000500238720803856,0.006050290115004,-0.09384015788401,"8091972"
1.00766,9.24978,7.22531752022829,0.000501566155752961,0.0060583391147106,-0.0968628658725113,"7948908"
-1.81335,3.62270333333333,-7.22483737066433,0.000501735950257147,0.0060583391147106,-0.0972489295333041,"7982056"
-1.165385,7.27023166666667,-7.22217093097845,0.000502680097128725,0.00606139421951695,-0.0993932709425653,"7901535"
1.023285,7.01868833333333,7.22087215031239,0.000503140724915964,0.00606139421951695,-0.100437987621516,"8151074"
1.597605,7.83052,7.22031702450802,0.000503337756628874,0.00606139421951695,-0.100884569548363,"8105436"
1.10922,6.39340166666667,7.22030706464934,0.000503341292517776,0.00606139421951695,-0.100892582217966,"8106931"
-1.920755,6.43510833333333,-7.21682000356117,0.000504581026595203,0.00606754584418218,-0.103698483022168,"7974335"
-1.135395,7.62747333333333,-7.21351656177616,0.00050575875852879,0.00607615391467462,-0.106357687126727,"8078461"
-1.239045,8.72530333333333,-7.21327689010503,0.000505844329863893,0.00607615391467462,-0.106550657932369,"8168873"
-1.4176,7.28859,-7.20029176224063,0.000510505769903451,0.00612331074224612,-0.117013672734331,"8176570"
1.060055,10.0191433333333,7.1881530802135,0.00051490861291158,0.00616058644776028,-0.126809027904024,"7893788"
-1.06763,7.90251,-7.18672187077891,0.000515430635824738,0.00616240354795558,-0.127964865036307,"7901460"
-1.415085,3.08589833333333,-7.17476016753811,0.000519817743220301,0.00619483586113327,-0.137632651521147,"7915590"
1.08932,8.11223833333333,7.16958304553391,0.000521729981189833,0.0062079419556737,-0.141821150089382,"7975324"
-1.16178,5.72041333333333,-7.16925965202245,0.000521849702193311,0.0062079419556737,-0.142082872700556,"8126853"
1.17984,5.75330833333333,7.16728419841589,0.000522581713951933,0.00621221111369422,-0.143681824196299,"7909768"
1.00675,10.8273,7.16014619877623,0.000525236702983119,0.00623486862717608,-0.149462478507762,"7894796"
1.317025,10.5340083333333,7.15366221184274,0.000527662042953335,0.00625188540701848,-0.15471768179219,"7895509"
-1.670325,3.07718833333333,-7.1533029787088,0.000527796794880288,0.00625188540701848,-0.155008953364487,"7895197"
1.05594,7.95606333333333,7.15262258289876,0.000528052127874484,0.00625268552696895,-0.155560662065544,"8048205"
1.287725,6.65861666666667,7.14812915968039,0.0005297419937338,0.00626601036069426,-0.159205325066347,"8106722"
-1.231515,4.78730166666667,-7.1392268330487,0.000533108556113712,0.00628935169298669,-0.16643177618751,"8167027"
1.072875,6.86452166666667,7.1282848416324,0.000537280608177889,0.00631435214649267,-0.175324280192716,"8152053"
-1.46119,6.57625166666667,-7.12343723046385,0.000539141079083766,0.00632996491898878,-0.179267567390744,"7974255"
-1.313975,6.31034,-7.12141522775077,0.00053991932045412,0.00633463481788613,-0.180913028974527,"8097335"
1.806455,6.00654166666667,7.11423079483111,0.000542695102035286,0.00635600380318991,-0.186762729640213,"7970381"
-1.04605,11.5446666666667,-7.10204451692375,0.000547441452556026,0.00638939971549854,-0.196696341937863,"8111210"
-1.063655,8.80832833333333,-7.10096552944133,0.000547864022259367,0.00638957210128552,-0.197576562697031,"8096733"
1.09404,7.47391833333333,7.09347782495191,0.000550806947776998,0.00640741334687872,-0.203687995086259,"8047784"
1.23262,6.71316666666667,7.0883005065478,0.000552852566738258,0.00642076453250219,-0.207916854087741,"7929052"
1.07467,7.779305,7.07192962322611,0.000559379285328773,0.00647267255709936,-0.221305669751027,"8145702"
-1.082635,7.34614666666667,-7.06826078416524,0.000560854239559316,0.00647363412426127,-0.224309753132329,"8043909"
-1.36961,5.845335,-7.06651674431125,0.0005615569680086,0.00647443295144819,-0.225738247227058,"8045499"
1.249835,6.57042666666667,7.04742913047534,0.000569315288357894,0.00655253755840055,-0.241391621365333,"8130939"
-1.170365,7.75041333333333,-7.04253312481836,0.000571325354115258,0.00657112964282409,-0.245412431164795,"7990545"
-1.17951,6.55481,-7.03259239319339,0.000575431989860525,0.00661607699115535,-0.25358335135276,"7952309"
-1.174555,6.11255166666667,-7.0253146359755,0.000578460291703474,0.00664379521577614,-0.259571499496992,"8038213"
1.00093,7.13459666666667,7.0185374026609,0.000581297000466496,0.00665822023547744,-0.26515245675262,"8042811"
-1.19021,2.79889833333333,-7.01053566851904,0.000584667091442039,0.0066830278557314,-0.271747542886619,"7982072"
1.346945,5.39466333333333,7.0031265308545,0.000587807872105037,0.00671201602108417,-0.277859785138536,"8162006"
1.21872,3.246585,6.97403493022423,0.000600331222420163,0.00682668108820425,-0.301911213904171,"7893776"
1.314755,5.84312,6.9736389689445,0.000600503803432805,0.00682668108820425,-0.302239147515307,"8021546"
1.04599,4.47306333333333,6.97361321905895,0.000600515028601683,0.00682668108820425,-0.302260474005823,"8099850"
-1.201165,6.094825,-6.96820638572456,0.000602877446976638,0.00683952652537688,-0.306739950283237,"8023154"
-1.4828,4.78352333333333,-6.95607225073921,0.00060821868387483,0.00688604471845638,-0.316803376021929,"7894082"
-1.118445,7.82919666666667,-6.93652454141335,0.00061693939246011,0.0069611084211265,-0.333045819355942,"7976073"
-1.049295,5.33038166666667,-6.92886800181535,0.000620394718579831,0.00698589210164106,-0.339418047309403,"8057771"
1.022165,5.82644666666667,6.90748076114371,0.000630166406848979,0.00706248766369925,-0.357248623716012,"8108753"
1.25246,4.71243833333333,6.90207255762531,0.000632665644259636,0.00708096401913046,-0.361764662271804,"7917576"
1.06786,6.04233833333333,6.89369296010632,0.000636560812395348,0.00710783546959353,-0.368767679943741,"7895594"
-1.415015,7.39057666666667,-6.88293824945038,0.000641600942786476,0.00714723504432251,-0.377765910591495,"8155453"
-1.415015,7.39057666666667,-6.88293824945038,0.000641600942786476,0.00714723504432251,-0.377765910591495,"8161375"
1.385265,8.43215166666667,6.86753541509735,0.000648900394073996,0.00720454698949045,-0.390673290202481,"7923189"
-1.395595,6.88762833333333,-6.86677510234392,0.000649263200993198,0.00720617226782351,-0.391311038753862,"8147777"
-1.35356,7.71036166666667,-6.86195130834856,0.000651570524704419,0.00722579577798648,-0.395358578072798,"7967486"
-1.03059,7.28926333333333,-6.86171818172428,0.000651682275318899,0.00722579577798648,-0.395554248693441,"8057599"
1.072325,9.56267833333333,6.85646221618133,0.000654207674927237,0.00724414797208254,-0.399967198207908,"7964271"
-1.190335,5.219675,-6.84156073886036,0.000661429636531121,0.00729500583225463,-0.412493707959456,"8099144"
-1.458715,5.35229333333333,-6.83071609827101,0.000666743733636175,0.0073317589494332,-0.421624027160152,"8097692"
1.007435,8.71017,6.82127889943983,0.000671408559334685,0.00737088387740422,-0.429579063495519,"8084016"
1.017835,10.170845,6.81862417945197,0.000672727619394903,0.00738293063381413,-0.431818469689823,"7894617"
1.210735,8.13973333333333,6.81735118412478,0.000673361205020937,0.00738501582463179,-0.432892566309952,"8038967"
-1.053785,5.96912,-6.80909249287796,0.000677488539143149,0.00741708216788419,-0.439864870473675,"7898609"
1.00638,8.78393,6.80358428544066,0.000680257642268977,0.00743860056309692,-0.444518957086616,"8092552"
-1.174945,7.30679333333333,-6.79831213051364,0.000682920400078057,0.00745288427905257,-0.44897648063845,"8106170"
1.087795,8.09626666666667,6.7978967687513,0.000683130697049838,0.00745288427905257,-0.449327782490435,"8005814"
-1.262455,4.78600333333333,-6.79291000194636,0.000685661371772993,0.00747314785464005,-0.453546826224378,"8112822"
-1.07,6.91278333333333,-6.78864085016824,0.000687836529093982,0.00749195057547998,-0.457160743939955,"7963946"
-1.4427,9.19798666666667,-6.78151573028325,0.000691484698954055,0.00752184450214739,-0.463196427959519,"7895739"
-1.161435,5.98262166666667,-6.77675117498927,0.000693936766160684,0.00754146336209578,-0.467235367780543,"8023152"
1.279275,9.0226,6.74667547639448,0.000709650357984929,0.00765939318308726,-0.492784270558521,"7895677"
1.05117,8.27886666666667,6.73494985550174,0.000715888329674467,0.00771178299030682,-0.502770157999974,"8145291"
-1.282635,7.748635,-6.72624890667167,0.000720558371772258,0.00775199744907944,-0.510189285671019,"8107996"
2.016235,7.90454333333333,6.72365968089575,0.000721954906144795,0.00776200597672045,-0.512398573122861,"8038670"
1.00173,6.252355,6.72083062620991,0.000723484390719503,0.00777081327715666,-0.514813287617746,"7924888"
-1.27773,7.88794166666667,-6.72005533028813,0.000723904199190729,0.00777081327715666,-0.515475178674185,"8050350"
1.55839,5.30002166666667,6.71998743033082,0.00072394097923957,0.00777081327715666,-0.515533149653819,"8170538"
-1.198275,6.07499,-6.71860627871697,0.000724689592713998,0.00777159830609455,-0.51671243938876,"7893736"
1.27889,6.155655,6.71766814630782,0.000725198593127107,0.00777178550220575,-0.517513571547513,"8014903"
-1.112685,7.266645,-6.71474929972273,0.000726784922824077,0.00778627978612397,-0.520006745173273,"8176076"
1.060775,8.71332666666667,6.71020698413167,0.000729261595231698,0.00780778885415751,-0.523888377703962,"8039928"
-1.795505,6.29064333333333,-6.69579888411234,0.000737182632001745,0.00786477734628712,-0.53621492840648,"8121212"
-1.015435,7.37703333333333,-6.69263762571044,0.000738933913370364,0.0078708517317636,-0.538922353426272,"8075637"
-1.25855,5.65445833333333,-6.68313144604218,0.000744229348836562,0.00790473045967033,-0.547070062632497,"8079740"
1.28976,6.179315,6.68041062971434,0.000745753087027415,0.00791563294190368,-0.549403790829698,"8054281"
1.107585,6.07065833333333,6.67850631415443,0.000746821715597356,0.00792262464352482,-0.55103763879379,"8156321"
-1.003365,6.709705,-6.67615782064305,0.000748142049217261,0.00793127416435462,-0.553053097898029,"8036689"
1.090895,7.92612666666667,6.65652425512313,0.000759286813980811,0.00802347605367155,-0.569924943651779,"7998722"
-1.124165,6.251445,-6.65445323869011,0.00076047360252425,0.0080334674946859,-0.571706988182606,"8023156"
1.222495,6.00762666666667,6.64272067238865,0.000767237708927615,0.00806458741550189,-0.581810954847004,"8116128"
1.242,11.0009666666667,6.62144417079138,0.000779683133272913,0.00814603189435351,-0.600170838812127,"7892514"
-1.079575,5.19411833333333,-6.61299938689264,0.000784687663011863,0.00817697242173757,-0.607471175120036,"8172220"
1.383195,5.67861,6.599265310975,0.000792906578967391,0.00823458735615482,-0.619360027391304,"7893436"
1.0561,6.74946,6.59913667906455,0.000792984027438533,0.00823458735615482,-0.619471471133581,"7962274"
-1.074155,5.52582,-6.586614567102,0.000800565721732256,0.00829643225537471,-0.630328706905774,"8111670"
-1.19598,5.822545,-6.57847415921426,0.000805539578036669,0.00832465900989663,-0.637395700575869,"8035795"
1.137015,7.41407166666667,6.56134695364488,0.000816122025206769,0.0083949382370435,-0.652287404978798,"7969830"
-1.15032,4.79362833333333,-6.55612028598121,0.000819383514529636,0.00842068298867077,-0.656838073663867,"7915425"
1.517895,5.27207166666667,6.54738817558156,0.000824866238747631,0.00844998755143799,-0.664447287623548,"7895511"
1.123835,5.819575,6.54338586659741,0.000827393432480966,0.00845602182974792,-0.667937638316973,"7993167"
-1.75728,5.93885833333333,-6.54253106716024,0.000827934345590932,0.00845895363766225,-0.66868331676014,"8156571"
1.51416,4.32853833333333,6.53869865094,0.000830364530428516,0.00847338270600009,-0.672027456845161,"7906574"
-1.6746,7.09289666666667,-6.52450169087065,0.000839439417785225,0.00853848348569456,-0.684429293485291,"8094228"
-1.249745,5.424075,-6.52206908753763,0.000841005893315705,0.00853848348569456,-0.686556470887202,"8143154"
1.03614,7.68787166666667,6.51678042710814,0.000844423245007699,0.00856695941164575,-0.69118329871688,"7986463"
-1.05022,5.571545,-6.51508584778824,0.00084552163064371,0.00857239908247583,-0.692666449167947,"8017867"
1.24108,5.92632,6.50529699005693,0.000851899073849018,0.00861131859804213,-0.701240000564376,"7953873"
-1.627165,5.006815,-6.50123714273359,0.000854560426407355,0.00862774363798838,-0.704798827373502,"7969879"
1.460655,7.34170666666667,6.49707908345547,0.000857296163861696,0.00863964599518853,-0.708445582003621,"8111788"
-1.25183,7.31183666666667,-6.47829558213734,0.00086978182179496,0.00873805463561654,-0.724942523371667,"8003322"
1.33123,9.263305,6.47287646820275,0.000873423104908837,0.00876238900998781,-0.729709027402857,"8114215"
-1.016185,8.75054166666667,-6.45743181461948,0.000883898292962623,0.00883122659422487,-0.74331113791888,"7949948"
1.01711,7.23916833333333,6.45599816693639,0.000884878020939192,0.00883471768012362,-0.744575061495311,"8148000"
1.127455,7.53600166666667,6.45502135730835,0.000885546275843915,0.00883873931258238,-0.745436357919998,"8022473"
-1.28068,5.59582166666667,-6.45348798808819,0.000886596465260905,0.00884360052080617,-0.746788606259571,"8169015"
1.09129,7.03853333333333,6.45119234802816,0.000888171427922168,0.00884902574372365,-0.748813562891357,"7905299"
-1.33634,6.60876333333333,-6.4491566670822,0.000889570756454156,0.00885766670982478,-0.750609690884824,"7948493"
-1.04724,8.21797,-6.42998203934104,0.000902877653014229,0.00895440706624724,-0.767549993583228,"8126371"
1.144295,6.29352333333333,6.42561982804799,0.000905937108647094,0.00897130648090695,-0.771409483070638,"8110463"
1.224255,4.4332,6.42317911295181,0.000907654159539253,0.00898399540730633,-0.773569823327169,"8041422"
1.28738,7.961805,6.3902576962862,0.000931187229144947,0.00916787142780583,-0.802773009997675,"7964089"
1.04224,7.83133333333333,6.36554386207275,0.000949318813173592,0.00926759078421846,-0.824773688583263,"7965200"
-1.00639,6.82318333333333,-6.34441132528499,0.000965148182730032,0.00938122377386818,-0.843639608460659,"8042038"
-2.793425,6.34869333333333,-6.34402500802931,0.000965440389552803,0.00938122377386818,-0.843984949678,"8058450"
1.05714,8.161725,6.32286042218202,0.000981606932739567,0.00949029211365545,-0.862929907834478,"7952739"
1.29875,5.76411166666667,6.32182976798838,0.000982402174658483,0.00949246813975726,-0.863853741463635,"8175696"
1.166115,5.24505333333333,6.30824439058665,0.000992954614319903,0.00956943843502455,-0.876042121845827,"8098101"
1.55881,5.11645166666667,6.30341414406531,0.000996738123814377,0.00959756775842895,-0.880380620499374,"8067305"
-1.24038,4.11689666666667,-6.29879823752026,0.00100036936268435,0.0096269649333239,-0.884529030528067,"7908488"
-1.15474,4.193505,-6.28820255644113,0.00100876291006102,0.00967697453653174,-0.894060581321253,"7902127"
-1.09915,6.67282,-6.28604310231128,0.0010104835538958,0.00968519746061924,-0.89600469899535,"7939383"
1.54675,5.476,6.27624517525532,0.00101833334905857,0.00974631949514325,-0.904832150394212,"7893562"
-1.981185,2.167195,-6.27020080634841,0.00102321114983379,0.00977614394720677,-0.910283192902685,"7895438"
1.10738,6.56116666666667,6.25670931807274,0.00103419675492897,0.00984660782833422,-0.922465119302519,"8046186"
1.02568,7.60482833333333,6.25642399404733,0.00103443055481014,0.00984660782833422,-0.922722968937073,"8081786"
-1.180915,7.76534666666667,-6.24170856916476,0.00104657209794074,0.00992723568404698,-0.936033839181532,"7995552"
-1.024465,5.80809333333333,-6.23782968624102,0.00104979996789968,0.00994078645923343,-0.939546554624203,"8114805"
-1.43975,3.432925,-6.2318141412415,0.00105482873476413,0.00997518670305064,-0.944997588957915,"8088634"
1.246015,5.70261,6.22330291285052,0.00106199155112864,0.0100267973926019,-0.952717090662293,"7893216"
-1.0248,6.27240833333333,-6.22079820525279,0.00106411016410705,0.0100429921015511,-0.954990366906653,"8168790"
-1.8545,5.92010666666667,-6.2130051166138,0.00107073335023542,0.0100665255438621,-0.962067928412932,"8012906"
1.012925,7.32675,6.20199790946265,0.00108016967741721,0.0101313830278763,-0.972076232068736,"7954243"
1.184965,7.45180333333333,6.19805642298215,0.00108357205659959,0.0101547139793404,-0.975663373246554,"8062576"
1.09013,7.47335333333333,6.19341692131876,0.00108759289530396,0.0101809335493213,-0.9798880395073,"7902913"
1.63822,5.5116,6.16009283019526,0.0011169865947193,0.0103340657528115,-1.01030457677657,"8035765"
1.07488,7.31884833333333,6.15035795622874,0.00112574621720553,0.0103891274374425,-1.01921402709801,"7898736"
1.00022,8.37216833333333,6.13764733069468,0.00113730348552108,0.010432174699007,-1.03086327140867,"7905258"
-1.014515,5.40867166666667,-6.12395927531252,0.0011499034290483,0.0105215078158357,-1.04342909023906,"8080578"
1.097605,6.59398166666667,6.10785996905136,0.001164930311432,0.0106154035522034,-1.0582360969136,"8018652"
-1.243835,6.886255,-6.10505623049768,0.00116757046582162,0.0106307338803562,-1.06081783725015,"7997662"
-1.117935,4.08136666666667,-6.09360943875629,0.00117842150881603,0.0106980132825126,-1.07136771279508,"8111569"
-1.16778,3.66418333333333,-6.09036845951478,0.00118151498579836,0.0107195925019422,-1.07435750010036,"7982004"
1.0598,10.2685533333333,6.08796617188147,0.00118381400811248,0.0107375252051542,-1.0765743841818,"7896430"
-1.122325,5.27732666666667,-6.07194457200226,0.00119928000897007,0.0108276644410728,-1.09137659892844,"8047159"
1.40787,5.74434666666667,6.05673053661223,0.00121418331134311,0.0109325748290405,-1.10546034392848,"7894701"
-1.43866,7.39356333333333,-6.03219766567507,0.00123866897215043,0.0110811286312985,-1.12822749326671,"8085206"
-1.35342,5.109895,-6.02878267339161,0.00124212249900199,0.0110939419864582,-1.13140227865559,"7962893"
1.071865,6.697,6.01470750492251,0.00125647458221,0.0111743680993179,-1.14450185118034,"8065334"
1.627955,7.79969666666667,6.01024402559579,0.00126106588074837,0.0112062211452571,-1.14866081101677,"8030364"
1.1419,6.85926333333333,6.00149092095496,0.00127012612020051,0.0112604556035689,-1.15682354199775,"8034401"
2.11103,6.72069833333333,5.99687088659018,0.00127493861914407,0.0112795104698669,-1.16113560511345,"8171758"
1.118725,7.76341333333333,5.99382371724096,0.00127812427490823,0.0112975057025801,-1.16398102727436,"8148263"
1.41507,6.84637166666667,5.97747565802073,0.00129537335007251,0.0114136137701414,-1.17926542747169,"8005603"
1.98294,2.57116833333333,5.9717147377467,0.00130151583654817,0.0114586390294935,-1.18465905199993,"7896382"
-1.35883,4.65668,-5.96814727617959,0.00130533647422892,0.0114886207434107,-1.18800103509311,"8152976"
1.161255,8.56052333333333,5.9576244026227,0.00131668192729876,0.0115578857038029,-1.19786760744174,"8124524"
1.61039,5.36639833333333,5.95442272465138,0.00132015648320056,0.0115690390760844,-1.20087220714278,"8020702"
1.386855,8.56543333333333,5.95170457315095,0.00132311462686289,0.0115820156394865,-1.2034239993673,"7922408"
1.276185,5.64087833333333,5.94067019253851,0.00133520224991633,0.0116565887035826,-1.21379206367451,"8025945"
-1.11978,4.03496166666667,-5.9321452115575,0.00134462843953887,0.0117143100866891,-1.22181218606696,"7961710"
-1.020655,5.84002333333333,-5.91995478899904,0.00135824158095355,0.0118020276411823,-1.23329574050432,"7892759"
1.117135,6.92676666666667,5.90423517471142,0.00137603171532825,0.0118914425188904,-1.24813006937032,"7994675"
-1.278365,3.57139666666667,-5.89446650617944,0.00138722278369602,0.0119540261461507,-1.25736350956062,"8154211"
1.199405,4.39479833333333,5.88933668993121,0.00139314166290675,0.0119895161410716,-1.26221684846278,"8114468"
-1.431545,6.90604666666667,-5.88118094545827,0.00140261212806477,0.0120440639832989,-1.26993954162182,"7961365"
1.113895,5.02755333333333,5.87545539773574,0.001409305114913,0.0120724549553019,-1.27536585780932,"7942912"
1.025205,6.461055,5.86922177965099,0.00141663403693792,0.0121109172151447,-1.28127818200848,"8110920"
1.062245,7.02513333333333,5.86411347328668,0.00142267277644552,0.0121494576653774,-1.28612668904231,"7923141"
1.036355,8.04084666666667,5.86214034839236,0.00142501325083065,0.0121663246699765,-1.28800030752554,"8034055"
1.07868,6.66058333333333,5.84074897345354,0.00145067495903984,0.0123222255385585,-1.30834310861447,"7949679"
-1.27589,5.27653166666667,-5.83873216984521,0.00145312180709548,0.0123304273218293,-1.31026390947653,"8140463"
1.382025,7.59664833333333,5.82870663702976,0.0014653561006318,0.0124026339813769,-1.31981953583335,"7922400"
1.611325,7.06956833333333,5.81597429162058,0.00148106552342888,0.0125069842083722,-1.33197270582606,"7893791"
1.0697,7.57285166666667,5.80733435216813,0.0014918365025367,0.0125671156336836,-1.34023086518593,"8036420"
-1.17485,4.10040333333333,-5.80723532371197,0.00149196047992165,0.0125671156336836,-1.34032557052438,"8007902"
-1.028175,7.213585,-5.79311144455323,0.00150976523885578,0.0126698715630749,-1.3538451246833,"8056890"
1.0289,11.5618833333333,5.75059934644904,0.00156485632091101,0.0130197453566651,-1.39468563836156,"7894878"
1.426735,6.91899166666667,5.73863435724423,0.00158077797917215,0.0131128959572733,-1.4062202261048,"7895044"
-1.333485,6.26418666666667,-5.73005622434317,0.00159230797071094,0.0131691700200601,-1.41450066000184,"7894201"
1.04667,8.71789166666667,5.72278891763685,0.00160215209980302,0.0132372287566003,-1.42152287460059,"7909146"
-1.714205,7.25038,-5.72052179196672,0.00160523746545723,0.0132432090900221,-1.42371487783453,"8125123"
1.136235,5.518745,5.72001516706052,0.00160592787652597,0.0132456231123818,-1.42420480242371,"7894628"
1.083525,7.6528,5.71518248127489,0.00161253095897098,0.0132869199061758,-1.42887978189755,"8040211"
1.26024,6.11164333333333,5.7029905820278,0.00162932898581294,0.0133918013122643,-1.44068668474379,"8008588"
1.051185,4.823415,5.70244462850596,0.00163008591520579,0.0133918013122643,-1.44121582959434,"8114171"
1.787255,4.87711333333333,5.69565050525724,0.00163953957345375,0.0134363153279078,-1.44780387481214,"7895150"
1.271365,4.26318666666667,5.69016560657235,0.00164721771089926,0.0134717191249996,-1.45312659308083,"7910383"
1.13085,6.01276833333333,5.68897027699975,0.00164889651951511,0.0134765113918249,-1.45428707525241,"8104693"
1.372555,5.16710666666667,5.68152355810586,0.00165939983160814,0.0135346428623998,-1.46152070691693,"8028194"
-1.15798,5.221355,-5.67558874991225,0.00166782597903485,0.0135845405146583,-1.46729063967509,"7912582"
-1.070435,4.33136666666667,-5.67429038432828,0.00166967595634846,0.0135929585130892,-1.46855352093119,"7893927"
1.36241,2.76301,5.66551553439651,0.00168224109125701,0.0136651821457879,-1.47709407174716,"8144117"
-1.390975,4.72056833333333,-5.66394221685962,0.00168450552278682,0.013676903289986,-1.47862639676427,"7896086"
1.0224,7.921175,5.66351018417276,0.00168512795079972,0.0136786214962892,-1.4790472270635,"8074606"
1.01398,5.18470666666667,5.64883092578558,0.0017064348913763,0.0138111722358183,-1.49335973735582,"7957221"
1.534655,6.84728833333333,5.6474392254562,0.0017084710319355,0.0138186346892725,-1.49471806787656,"7926152"
-1.03517,6.18104166666667,-5.64700417302716,0.00170910811473571,0.0138186346892725,-1.49514273855166,"8044961"
-1.50633,5.50556833333333,-5.63163243706146,0.00173179517684792,0.0139514932906496,-1.51016290012147,"7894590"
1.335435,6.779175,5.61629978351959,0.00175477144889674,0.0140961700684957,-1.52517446306514,"7933139"
1.047595,7.05549,5.60360219611981,0.0017740655487152,0.0141997741768197,-1.53762856813024,"7903404"
-1.199505,5.480205,-5.60041747679633,0.00177894307825447,0.0142319720510906,-1.54075541158769,"8178220"
1.033015,8.714715,5.59688429308904,0.00178437240789857,0.0142582788734818,-1.54422588663003,"7904452"
-1.05564,6.85210833333333,-5.57576518301798,0.00181722691604273,0.0144342091181953,-1.56500311492528,"7894210"
-1.17482,6.13486,-5.56353722776184,0.00183656845206755,0.0145496597069934,-1.57705898170775,"8044346"
1.04671,9.13824333333333,5.5577904129203,0.0018457404080182,0.0146049473302714,-1.58273148519283,"7948904"
1.102415,6.34469666666667,5.55270953581884,0.00185389354441845,0.0146555302346869,-1.58775016336244,"8126153"
-1.832715,4.30102666666667,-5.54556763417132,0.00186542427130032,0.0147222166298854,-1.59481019673181,"8091715"
-1.5679,5.03252166666667,-5.53361872725663,0.00188490143926424,0.0148195506058032,-1.60663668441214,"7894124"
1.34524,7.61975,5.53336138224746,0.00188532349359349,0.0148195506058032,-1.60689159346979,"8033667"
1.00236,6.18428166666667,5.53016282429499,0.0018905783388179,0.0148538430740018,-1.61006058135824,"8027260"
-1.034505,6.730565,-5.52052455472641,0.0019065152616964,0.0149367620396953,-1.61961766088977,"8123104"
-1.119675,6.423495,-5.51582353564227,0.00191434458291615,0.0149827258944197,-1.62428339591522,"8152764"
-1.283635,5.52154666666667,-5.51023970907868,0.00192369238691302,0.0150359590157377,-1.62982899345153,"7924071"
-1.09248,4.99962333333333,-5.5088216983032,0.00192607463002717,0.0150475145368406,-1.63123793279767,"7895612"
1.04262,8.15585166666667,5.49899801619188,0.00194267202098868,0.0151347071788022,-1.64100585977158,"7994161"
-1.095505,6.20211333333333,-5.47875122470642,0.00197740236283156,0.0153369593466579,-1.66117689355191,"8068024"
1.308185,6.24043,5.47600691108098,0.00198216467836748,0.015348876652362,-1.6639150038109,"8159006"
-1.155085,4.87572166666667,-5.41862729352737,0.00208483030019303,0.015881627660839,-1.72138817160501,"8135218"
1.261035,6.53894666666667,5.41418547736728,0.00209303002039957,0.0159222345417511,-1.72585506264375,"7927876"
-1.121585,3.50655166666667,-5.40779956763443,0.00210488377761182,0.0159977893501805,-1.73228152911872,"7894776"
1.19036,6.98893333333333,5.37774110071342,0.00216172839811667,0.0162885427635417,-1.76260246043365,"8113050"
2.192355,4.94940666666667,5.37433562122265,0.00216827942223983,0.0163231290803345,-1.76604513665637,"7892883"
-1.449235,5.715085,-5.37231327524178,0.00217218057001844,0.0163404593230973,-1.76809029194681,"7903777"
-1.054365,4.32227,-5.36982380801614,0.00217699390776508,0.0163615133453875,-1.77060857402566,"8173752"
-2.37583,4.47123666666667,-5.36628037530274,0.00218386626538782,0.0163885947799455,-1.7741944243229,"7893484"
1.125525,6.04861833333333,5.3599903451482,0.00219612717158034,0.0164583494107834,-1.78056381416752,"8063739"
1.03905,5.80672666666667,5.34764027253878,0.00222043199449165,0.0165654672552649,-1.79308484516322,"8059716"
-1.07538,5.28056,-5.34647848371642,0.00222273427755289,0.0165716212330874,-1.79426374982649,"8131550"
-1.16517,6.12618166666667,-5.33245541557542,0.00225074127464932,0.0167283330852675,-1.80850745052189,"8109426"
1.083235,6.21527666666667,5.31341376155214,0.00228942424699474,0.0169296061934252,-1.82789028625168,"8116245"
-1.040115,5.47409833333333,-5.31186119392887,0.00229261187297171,0.0169327768367714,-1.82947278815655,"8155200"
-1.0798,5.31837333333333,-5.3039910191022,0.00230884916159542,0.0170167054990911,-1.83749961879906,"8105585"
-1.01976,7.33788,-5.29568902617835,0.00232612096483879,0.017095856046255,-1.84597576939016,"7956159"
-1.63055,4.318565,-5.28072379476003,0.00235763220473606,0.0172532042903509,-1.86127807489733,"7971565"
-1.32461,4.46428833333333,-5.2691534776444,0.00238233191326283,0.0173750825297473,-1.87312943714841,"7893645"
1.00841,4.96175166666667,5.25755453121864,0.0024073920179539,0.0174752413389603,-1.88502804851815,"7911263"
-1.258135,4.77941833333333,-5.25399894814565,0.00241513466500326,0.0175161705381428,-1.88867909085131,"8108629"
-1.28777,5.99971833333333,-5.23781748395079,0.00245073524187649,0.0177049387760987,-1.90531635593409,"8105935"
1.08915,7.01317333333333,5.22397533575728,0.0024816687302005,0.0178432571171423,-1.91957626135042,"7925201"
1.031465,9.58328333333333,5.21376057997331,0.00250478403131719,0.0179513116424383,-1.9301158009475,"7892847"
-1.29493,5.83258666666667,-5.20160970441614,0.00253260374279349,0.0180728904465913,-1.94267130331609,"7909494"
-1.224405,5.55723333333333,-5.19300680207748,0.00255251514264139,0.0181799137335894,-1.95157271464634,"8114111"
1.41793,6.82840666666667,5.1896334774061,0.00256037177242587,0.0182202818778509,-1.95506581459678,"7894422"
1.166855,7.45061666666667,5.17657225885768,0.00259105528478738,0.0183914661730047,-1.96860529222872,"8148662"
1.034475,6.67357666666667,5.16058498410185,0.00262918971384107,0.0185671537437468,-1.98520938969757,"8061073"
-1.10326,3.80589,-5.15485903101476,0.00264300441685582,0.0186524696033066,-1.99116468862919,"7982006"
1.178065,4.626595,5.13380001017833,0.0026945348914597,0.0188923832977329,-2.01310551339977,"7958677"
-1.272605,5.91941333333333,-5.10744981713633,0.00276064663891156,0.0191782289037843,-2.04064413858052,"8093858"
-2.425285,3.73359166666667,-5.10519518456682,0.0027663894591181,0.0192101084088124,-2.04300486093766,"7894651"
2.231875,5.74425333333333,5.09847311000326,0.00278359300588708,0.0192793020213991,-2.05004736318508,"7896460"
-1.6377,3.32271666666667,-5.08736515592773,0.00281229118010273,0.0194175927897755,-2.06169836738817,"8142975"
-1.061735,6.90855166666667,-5.08702095120597,0.00281318586988138,0.0194175927897755,-2.06205966977937,"8112476"
-1.82838,2.93791666666667,-5.08500394994772,0.00281843522687059,0.0194417728918811,-2.06417718795715,"7894615"
-1.53855,5.65610666666667,-5.08441357849526,0.00281997382865002,0.0194443297934479,-2.0647970860109,"8088636"
-1.03494,2.802795,-5.07036906183775,0.00285686203412115,0.0196295780334568,-2.07955812301912,"8162388"
1.39295,3.19940833333333,5.06461023836575,0.00287214765648,0.0196955716377564,-2.08561858198776,"8167249"
-1.51303,2.86516,-5.06184207328581,0.00287952859053298,0.0197315578471547,-2.08853336091271,"7982066"
1.75594,5.4288,5.05911005580711,0.00288683450279523,0.0197684641806548,-2.09141111145694,"7892524"
-1.807745,3.64477333333333,-5.04819729710908,0.00291623026305354,0.0199264763121062,-2.10291623735364,"8057929"
-1.07182,3.176185,-5.03573377145185,0.00295022456777167,0.0200927853207391,-2.11607639288603,"8109159"
1.06476,7.31989,5.02983388051398,0.00296647501497396,0.0201745748720563,-2.12231352798532,"8001748"
-1.16688,6.90464,-5.02296056524587,0.00298553634479471,0.0202669528384566,-2.12958579688568,"8135967"
1.122505,6.28347333333333,5.00944296890469,0.00302343539380184,0.0204699732223302,-2.14390707910287,"8115391"
-1.927,3.78201666666667,-5.00815355467494,0.00302707925673731,0.0204794655568001,-2.14527447761445,"7892982"
1.16632,5.34004666666667,5.00518505362823,0.00303548736270952,0.0205197377881732,-2.14842339097733,"7953965"
1.12315,7.005215,4.97079657379082,0.00313486976836562,0.0209812580255819,-2.18499106247962,"7937341"
-1.12891,6.20386666666667,-4.9676715958009,0.0031440844751397,0.0210260254606802,-2.18832222577447,"8059350"
1.07719,5.30254,4.96592498479264,0.00314924828723632,0.0210397830780277,-2.19018467080357,"7893405"
-1.105065,4.56894166666667,-4.96246457194313,0.00315950766629652,0.0210868163489026,-2.19387583213074,"8047248"
1.085985,4.75759833333333,4.94515988121904,0.00321139100394365,0.0213358374864045,-2.21235951990832,"8067860"
1.00097,6.03855333333333,4.91024089067068,0.00331908939534122,0.0218745265049901,-2.24978519228153,"7894103"
1.1492,7.27657833333333,4.90085117345501,0.0033487519458811,0.0220058009753311,-2.25987814543601,"8059650"
1.360645,4.90157333333333,4.89063962090507,0.00338135617180133,0.0221457546129955,-2.2708685609583,"8049542"
2.02644,5.10092333333333,4.88817550745264,0.0033892781730161,0.0221714725593157,-2.27352281772278,"8071063"
-1.10067,5.99462666666667,-4.88496287153882,0.0033996385998302,0.0222277782953173,-2.27698464133067,"8171248"
1.83303,2.77045,4.87339047165071,0.003437260402206,0.022412391044765,-2.28946671409719,"7895581"
1.854185,5.04459666666667,4.8614434479015,0.00347660144641438,0.0226050377584963,-2.30237268888537,"7893576"
-1.00082,5.450735,-4.85023543653654,0.00351397857605926,0.0227813365745805,-2.31449867514865,"8096511"
-1.6506,7.54060666666667,-4.84897990499467,0.00351819419478285,0.0227909167516896,-2.31585814617492,"7996260"
1.21843,6.53510666666667,4.82810541023471,0.00358913897908616,0.0231290034036446,-2.33849346927519,"7894010"
1.022635,7.67545333333333,4.80472681412295,0.00367054693465159,0.0235156515231102,-2.36391755711847,"8014825"
-1.069835,7.992375,-4.79086765898356,0.00371980413227213,0.0237004752756925,-2.37902602676448,"8020139"
1.44002,5.47758,4.78394597721123,0.00374468772657705,0.0237759185345136,-2.38658190613591,"8099760"
-1.03367,6.78747,-4.77010439774534,0.00379502215097262,0.0239278266542199,-2.40171222974526,"8140356"
1.385275,6.55812833333333,4.70839103805744,0.00402907041667078,0.0249887742962837,-2.46950538353459,"8077817"
-1.129405,6.61806,-4.70446735930617,0.00404450056420992,0.0250415908283902,-2.47383410641639,"8031884"
-1.84106,3.37684833333333,-4.6870254448133,0.00411391501748123,0.0253433909966832,-2.49310340914443,"7981992"
2.15674,7.387335,4.65522252022813,0.00424401821723197,0.0259152624397469,-2.52835136887521,"7896034"
1.63989,6.48588166666667,4.6469431096923,0.00427865587880464,0.0260803256219408,-2.5375516451104,"7895105"
1.30203,6.18688833333333,4.63458724732449,0.00433095020819996,0.0263222439066469,-2.55130024591223,"7895154"
-1.41789,6.59463666666667,-4.63191247096582,0.00434236672122008,0.0263509722464853,-2.55427943547781,"8160441"
-1.03253,6.23383833333333,-4.62815692991282,0.00435845423946825,0.0264052858099662,-2.55846414272459,"8081810"
1.09657,6.57473833333333,4.59324393655784,0.00451131335039742,0.0270264844599105,-2.59746493604952,"8016482"
-1.773025,3.33933166666667,-4.58038903669814,0.00456913098325307,0.027264938055444,-2.61186965262255,"7982094"
1.609285,3.34058,4.58016768034103,0.00457013396330125,0.0272660366558039,-2.6121179072346,"8169699"
2.10876,4.59578666666667,4.56942254533824,0.0046191244506678,0.0274354239803578,-2.62417734099178,"7895706"
-2.292775,3.36957333333333,-4.56795275502099,0.00462587218758361,0.0274608069584545,-2.62582822008639,"7981960"
-1.43357,6.12997166666667,-4.56641240107308,0.00463295595630719,0.0274881565354883,-2.62755869531764,"7979862"
1.47576,4.400835,4.53293426423239,0.00479001608680395,0.028104522580143,-2.66525463633888,"8169638"
-1.100555,5.49412833333333,-4.52143644219579,0.00484535223701025,0.0283555242548767,-2.67823888686749,"8064866"
-1.10633,4.442095,-4.51399421847866,0.00488155852273782,0.0285210131832956,-2.68665356901069,"7962479"
-1.21336,3.63019666666667,-4.50345872315865,0.00493334239049876,0.0287303959565133,-2.69857961144077,"8096061"
1.10845,4.254635,4.47686387735036,0.00506687079982591,0.0291897273675191,-2.72875717672228,"7895378"
2.013065,4.22263833333333,4.47175330408393,0.00509299955705664,0.029283648117996,-2.73456813808602,"7893102"
1.66205,4.58281166666667,4.47038706923563,0.00510001068274234,0.029313836648243,-2.73612226260119,"8116874"
1.144585,7.30958666666667,4.46674866722631,0.00511873564249197,0.0293794258881719,-2.74026237199782,"7964757"
-1.320695,4.168365,-4.46662703436747,0.00511936297573875,0.0293794258881719,-2.74040081076661,"7893487"
1.03215,6.20278666666667,4.44429754674513,0.00523602835732352,0.0298620666316808,-2.7658524920461,"7958147"
-2.67216,5.50582666666667,-4.44362813894832,0.00523957231342656,0.029868522396878,-2.7666166343009,"8079163"
1.19298,6.719795,4.43250172218031,0.00529887949135526,0.030085218237883,-2.77932734608436,"7895812"
1.20296,6.537805,4.42537764116608,0.00533725455213649,0.0302338490681335,-2.78747542851873,"8089596"
-1.03447,2.87672333333333,-4.40159449434313,0.00546767781394445,0.0306795784127007,-2.81473145119625,"8036430"
-1.30958,4.43810166666667,-4.38952875577116,0.00553522984566086,0.0309031770910412,-2.82859106330931,"8168079"
1.13546,4.34528333333333,4.37798478662172,0.00560075142449739,0.0311436573449381,-2.8418715192231,"7893083"
-1.130255,6.40388333333333,-4.36444706722177,0.0056787167343828,0.0314737987614571,-2.85747080273096,"7995477"
1.6269,5.28358833333333,4.36391728560523,0.00568179283028695,0.0314838834864478,-2.85808181381625,"7896629"
1.01659,6.89596166666667,4.36078329701353,0.00570002869133836,0.0315543418553706,-2.86169717727794,"7910387"
-1.01564,6.24363166666667,-4.34285727810205,0.00580562431861092,0.0319626112660033,-2.88240462179068,"8016213"
-1.93472,3.95099666666667,-4.34193602437772,0.00581111092586263,0.0319741159368615,-2.88347010786703,"7894045"
-1.16386,5.49538333333333,-4.33496696616948,0.00585280738217138,0.0321447602404235,-2.8915343337898,"7894112"
-1.31127,2.86024166666667,-4.33232775121152,0.00586868679456664,0.0321980003622813,-2.89459017828045,"7894636"
-1.130895,4.329355,-4.32430411543508,0.00591726452755922,0.0323360251680272,-2.90388679423399,"8154227"
-1.51466,4.504715,-4.3181981268189,0.00595453872296743,0.0324710572975182,-2.91096793630406,"8157193"
-1.063495,5.73566666666667,-4.31370045276564,0.00598216572523901,0.0325843566421206,-2.91618745629465,"7893171"
1.147265,7.11697166666667,4.31215197538887,0.00599171096945641,0.0326096763893413,-2.91798515024932,"8025132"
1.209265,6.64505666666667,4.30508364125807,0.00603550267798168,0.0327454260844448,-2.9261956155977,"8157246"
-1.4954,5.95337666666667,-4.29184609545432,0.00611849814771213,0.033072667666294,-2.94159215013295,"7951140"
-1.071945,6.11233,-4.28410864844713,0.00616761010837858,0.0332517671273772,-2.9506036297416,"8134030"
1.310825,2.93328833333333,4.28258106962709,0.006177358999309,0.0332773859569636,-2.95238379110435,"8141146"
1.587395,3.98076,4.27556076697915,0.00622238781954919,0.033455005203864,-2.96056936078793,"7895856"
-1.38603,3.22879,-4.27496937599631,0.00622619805616477,0.0334648972862369,-2.96125924948942,"7895064"
1.167695,6.03290833333333,4.26642293444706,0.00628155848208073,0.0336698410782102,-2.97123494540892,"8171352"
1.26502,5.32282666666667,4.26258617728879,0.0063065932160801,0.0337565118397075,-2.97571688093839,"7896154"
-1.53314,3.45573,-4.26082100189425,0.00631814899811893,0.0338006759624624,-2.97777962077505,"8134403"
-1.315605,4.75200166666667,-4.24594973021624,0.00641646510414882,0.0342130302997886,-2.99517627374858,"7896332"
-1.73161,3.331115,-4.2447939005045,0.00642417895953846,0.0342332348939698,-2.99652976423252,"7894325"
-1.503205,3.61756833333333,-4.23943385141145,0.00646008918559343,0.0343832464214681,-3.00280905295804,"7931346"
-1.213255,3.80118833333333,-4.23050038941624,0.00652044769091827,0.0346575879756678,-3.01328412163401,"7933437"
-1.426295,3.158005,-4.22413521701507,0.00656384443826769,0.0348019630988852,-3.0207549742171,"7925609"
-1.00618,2.76189833333333,-4.21941224150417,0.00659625693586057,0.0349348762833385,-3.02630227891491,"7895027"
-1.057475,3.95055,-4.20556544780888,0.00669233598717009,0.0353033446395441,-3.04258504679905,"8035813"
-1.000405,6.59852833333333,-4.19656550836373,0.00675563572178475,0.0355359245858241,-3.05318365192329,"8096744"
-1.250005,4.60537833333333,-4.19444077631783,0.00677067868333823,0.035598062993586,-3.05568756850479,"7895805"
-1.04367,6.062945,-4.18371542839914,0.00684719607561472,0.0358795287640903,-3.06833729075123,"8135033"
-1.10985,6.55526833333333,-4.16948467072435,0.00695024126881071,0.0362543905176608,-3.08514793242509,"8102232"
-1.38225,4.27971166666667,-4.16923489660623,0.00695206553257874,0.0362543905176608,-3.08544325844753,"7893053"
-1.174585,5.53633666666667,-4.16304434495863,0.00699745320094163,0.0364452055735576,-3.09276577838313,"7894159"
1.132665,5.43688833333333,4.16131082176586,0.00701022315773245,0.0364945904444993,-3.0948173112199,"7893652"
1.047245,7.01374833333333,4.14462503540318,0.00713449953483628,0.0369886297371854,-3.11458705179878,"7894176"
1.293015,2.34892333333333,4.12186986069554,0.00730802784299571,0.0376332225252647,-3.14161512585965,"7893044"
-1.37475,3.04513833333333,-4.1084353050329,0.00741272210717474,0.0379558228577785,-3.15760877832533,"7894069"
-1.257015,4.54268333333333,-4.10739538736867,0.0074208967070849,0.037979341785399,-3.15884791282915,"7893143"
1.20306,4.03826166666667,4.1005983326408,0.00747457935300905,0.0381719430547764,-3.16695106637177,"7892604"
-1.669815,4.15144833333333,-4.09577607220704,0.00751293204824929,0.0383111174094236,-3.17270415112463,"7894322"
1.524945,2.34930833333333,4.05048619027652,0.00788421899655373,0.0396709664809052,-3.22690611696865,"7895823"
1.382665,2.99170333333333,4.04656562444143,0.00791732494476117,0.0397861709456252,-3.23161261177087,"7892715"
-1.6159,3.08435833333333,-4.04131683104133,0.00796189328958218,0.0399454292172142,-3.23791719779174,"8145685"
1.308135,6.46049666666667,4.03438048668888,0.00802122709326667,0.0401628268457895,-3.24625511194908,"7895432"
-1.014465,3.373605,-4.01832334620094,0.00816051012046747,0.0406523796351295,-3.26558442096711,"7925607"
-1.01451,5.91737666666667,-4.01188725895246,0.00821710464118111,0.0408731600294902,-3.27334290591566,"7898353"
1.56321,3.10526666666667,3.99434274981041,0.00837364679415022,0.0414351786751107,-3.29452369474934,"8041642"
-1.27825,6.53336666666667,-3.98218627129406,0.00848409168067087,0.0417829907840997,-3.3092267344722,"7895611"
-1.6885,3.66568,-3.97852263053936,0.00851769909291872,0.0419360973971484,-3.31366217527518,"7895300"
1.265375,6.04360833333333,3.96057901447482,0.00868448841338529,0.0425935205038283,-3.33541486071786,"7896705"
1.11776,4.782105,3.92910001450764,0.00898608507887319,0.0436547526803678,-3.37369244244231,"7919146"
-1.77493,5.00793666666667,-3.91094762355473,0.00916536919803942,0.0442748919182294,-3.39583248183948,"7896402"
1.0382,5.98595333333333,3.90373402945257,0.00923773346569331,0.0445393587036186,-3.40464437546459,"8146711"
-1.21738,5.49759833333333,-3.90037137940611,0.00927168659744133,0.0446202878231979,-3.40875473081843,"7895434"
1.04736,7.59642833333333,3.87992252836876,0.00948121863798365,0.0453651583544966,-3.43378677524137,"7896124"
1.42073,6.23171833333333,3.87561959984943,0.00952598644842874,0.0455270232199414,-3.43906204640463,"7893239"
1.472145,2.69971,3.86476669433366,0.00963996327862229,0.0459289285400134,-3.45237964396952,"8022279"
-1.281395,3.94824166666667,-3.8580357595764,0.0097114236873567,0.0461878695211993,-3.46064797247448,"7896452"
-1.144115,5.23579833333333,-3.85778582693075,0.00971408862867514,0.0461939458824616,-3.46095512120332,"7895148"
1.329565,5.69579,3.85037883175801,0.00979344227311905,0.0465140488596987,-3.47006198401355,"8025301"
-1.27429,5.07822333333333,-3.84275500833139,0.00987588290942107,0.0468229066260848,-3.4794439468356,"7893047"
2.46512,4.96688333333333,3.83091817789441,0.0100054357880412,0.0472151643381248,-3.49402758009697,"7893223"
-1.368105,3.31341333333333,-3.82447081767126,0.010076806472754,0.0473660467825656,-3.50197982974712,"7975453"
-1.095785,5.46889666666667,-3.82397168558142,0.0100823556202998,0.0473823719862631,-3.50259572214298,"8095626"
-1.759335,5.05302333333333,-3.8177472360091,0.0101518464689172,0.0476162758753421,-3.51027933772342,"8167560"
-1.001245,3.84975333333333,-3.81579514945852,0.010173750925632,0.0476918744996153,-3.51269022447305,"7901852"
-1.25538,5.85378166666667,-3.81347499809054,0.0101998547292048,0.047767167780356,-3.51555641668296,"7896285"
1.23134,5.60472666666667,3.81106562460652,0.0102270422420621,0.0478407354322443,-3.51853367296275,"7892717"
-1.016165,5.95281333333333,-3.79932005154349,0.0103607542012759,0.0482597593063295,-3.53305995070361,"8130660"
1.142645,2.971555,3.79855408354383,0.0103695421485572,0.0482766561689751,-3.5340079666898,"8016455"
1.017655,7.0784,3.77635586141742,0.0106279047038785,0.0491837863690123,-3.56151972043385,"7948896"
