"logFC","AveExpr","t","P.Value","adj.P.Val","B","Probe_ID"
6.81461,9.50561333333333,70.6119498384773,2.00492470878767e-09,1.8435454264753e-05,11.6772869927655,"8074856"
7.127975,7.24829833333333,69.7733846883206,2.14244881343751e-09,1.8435454264753e-05,11.64347109159,"7951686"
-7.703075,8.85043666666667,-61.0843859832441,4.48344651935544e-09,1.8435454264753e-05,11.2358498864275,"7965410"
-6.65609,7.83173,-60.7546274673872,4.6202193902011e-09,1.8435454264753e-05,11.2180408212283,"7927631"
-5.687955,7.98832166666667,-60.5659236158169,4.70070079314443e-09,1.8435454264753e-05,11.2077628590578,"7942957"
-7.32119,8.335345,-60.5247983688122,4.71845936263886e-09,1.8435454264753e-05,11.2055144825996,"8051583"
-7.650865,8.743045,-59.6777318191323,5.10245998076116e-09,1.8435454264753e-05,11.158521949473,"8120967"
-5.53734,7.76832166666667,-58.9990394834234,5.43692963870724e-09,1.8435454264753e-05,11.1199109072707,"8083594"
-5.63748,9.50647666666667,-58.6979219476048,5.59356975224447e-09,1.8435454264753e-05,11.1024999389466,"8146863"
-6.08232,7.80549666666667,-57.8604679145366,6.05801341531357e-09,1.8435454264753e-05,11.0531484536866,"8089145"
-5.441735,7.72098,-57.2156657768669,6.44680842559171e-09,1.8435454264753e-05,11.0141954855045,"7919815"
5.621045,8.01625166666667,56.905919166483,6.64400550130751e-09,1.8435454264753e-05,10.9951807048338,"8114249"
-5.53512,9.00990833333333,-54.5418881859259,8.40817740873444e-09,2.15359294752793e-05,10.8432725598748,"7934906"
-6.065275,9.12044166666667,-53.6991717817296,9.16707784782316e-09,2.18025850784977e-05,10.7860714093018,"8106743"
-4.922345,8.294975,-52.7673393667987,1.01022515033825e-08,2.24249778872085e-05,10.720841318599,"8176624"
-5.44529,8.82400333333333,-51.9834286254235,1.09770981663397e-08,2.26305847889477e-05,10.6642944810276,"8131614"
5.3354,9.60924666666667,50.6852960698443,1.26306681506012e-08,2.26305847889477e-05,10.567143395718,"7963567"
-5.48579,7.62243666666667,-50.5909007737934,1.27619790755285e-08,2.26305847889477e-05,10.559902592849,"8143127"
-5.00855,9.61807333333333,-50.4238556187788,1.29983192725346e-08,2.26305847889477e-05,10.5470290608936,"8007100"
-5.41835,6.03884166666667,-50.0188027184119,1.35931674258628e-08,2.26305847889477e-05,10.5154918413645,"8174598"
-6.246565,9.457895,-48.8793940042053,1.5446826364824e-08,2.40232925123536e-05,10.4242739095191,"8069676"
-6.36091,8.94460166666667,-48.6403551486576,1.58726742731111e-08,2.40232925123536e-05,10.4046554340489,"8139488"
-5.08914,9.05738666666667,-47.1756996872369,1.88063819888508e-08,2.57077026558908e-05,10.2806381034362,"8176375"
5.384,6.78245833333333,47.1039019209179,1.89659304049192e-08,2.57077026558908e-05,10.274385667537,"8167862"
-4.6841,7.63229,-46.8837667988488,1.94651595116608e-08,2.57077026558908e-05,10.2551118319967,"8055624"
-4.693155,8.72362833333333,-46.6241893376421,2.00738886101799e-08,2.57077026558908e-05,10.2321821853458,"8045835"
4.679065,9.691915,45.7815649613581,2.22106091968589e-08,2.73906168306596e-05,10.1562077922881,"8154725"
-5.45082,9.20651,-45.2147826445171,2.37992862200767e-08,2.80984768619903e-05,10.1037432054782,"8023497"
-5.416905,9.519465,-44.9879687186503,2.44723497311385e-08,2.80984768619903e-05,10.0824332835139,"8163257"
-4.179665,8.35230166666667,-43.9263836783254,2.79372571804191e-08,2.86050706998497e-05,9.98023032785854,"8015179"
-4.179665,8.35230166666667,-43.9263836783254,2.79372571804191e-08,2.86050706998497e-05,9.98023032785854,"8019588"
-4.687905,10.7187483333333,-43.9260039981403,2.79385961607667e-08,2.86050706998497e-05,9.98019303316886,"7988467"
-4.650955,5.90457833333333,-43.4588235366647,2.96450670700443e-08,2.86050706998497e-05,9.93389184031471,"7995697"
-5.09492,8.83414166666667,-43.3382620474159,3.01052116187015e-08,2.86050706998497e-05,9.92180844801855,"7989985"
-4.2918,8.08086333333333,-43.1048432155143,3.10202651147403e-08,2.86050706998497e-05,9.89825450243232,"8152522"
-4.29696,8.46916666666667,-42.9499872505346,3.16454503741117e-08,2.86050706998497e-05,9.88251131681941,"8148070"
6.010295,6.669155,42.9156030831656,3.17862755171468e-08,2.86050706998497e-05,9.87900296641381,"8031570"
-4.37106,10.0191466666667,-42.3094498132858,3.43945137724587e-08,2.95228899799639e-05,9.81638466884869,"7952341"
4.099375,6.97431166666667,42.1605849486619,3.50731801234744e-08,2.95228899799639e-05,9.80078041916559,"8098441"
4.48307,6.86404666666667,42.0759371614416,3.54661260533548e-08,2.95228899799639e-05,9.7918672315237,"8089464"
-4.12923,7.64050166666667,-41.6722519695687,3.74130446908656e-08,2.97238048913615e-05,9.74895432598794,"7907222"
-4.024215,8.93350833333333,-41.5520385204502,3.80169937089448e-08,2.97238048913615e-05,9.73604428388098,"8083887"
-5.018955,9.34930833333333,-41.4797805513508,3.83855485577843e-08,2.97238048913615e-05,9.72825509041325,"8121563"
-5.52955,7.60264666666667,-41.1217067693692,4.02753064041049e-08,3.04783381213064e-05,9.68932908188834,"8104746"
3.935185,7.661325,40.5551584351118,4.34944008968553e-08,3.12356838165819e-05,9.62661038397317,"8108697"
-4.31115,7.70183333333333,-40.4868224211525,4.39028429536476e-08,3.12356838165819e-05,9.61895024157563,"8014233"
-6.864055,6.58916166666667,-40.4556977157144,4.409037268761e-08,3.12356838165819e-05,9.61545444541004,"7903358"
6.035445,6.44824833333333,40.1263108630847,4.6134000341753e-08,3.20025793620698e-05,9.57819384718777,"8031573"
-4.79666,8.27397666666667,-39.6879564238433,4.90296290253761e-08,3.32607048213942e-05,9.52784463013005,"8094778"
7.10955,7.71907,39.4869356117843,5.04289050417842e-08,3.32607048213942e-05,9.50445954305411,"7973433"
-4.849225,7.93901666666667,-39.4145304133553,5.09444077812147e-08,3.32607048213942e-05,9.4959903835159,"7985786"
-5.54812,10.2252766666667,-38.6963861172031,5.64089151898543e-08,3.6008782278235e-05,9.41064363725698,"8124531"
3.876215,6.52668166666667,38.5850809320172,5.73164387406209e-08,3.6008782278235e-05,9.39719337404672,"8140650"
-4.11444,7.221905,-38.3918929666355,5.89328084607799e-08,3.63386245058998e-05,9.37370405302712,"7984813"
-6.77553,7.95223166666667,-38.1809352436249,6.07596393845242e-08,3.65327083016029e-05,9.34784319164699,"7985317"
5.28928,7.71235833333333,37.9783236366837,6.25773830652557e-08,3.65327083016029e-05,9.32279590279874,"7963353"
-4.28803,8.22987,-37.8755362304689,6.35240358183048e-08,3.65327083016029e-05,9.31000987363298,"7949971"
-5.342995,7.87473333333333,-37.7511305660918,6.4692472497126e-08,3.65327083016029e-05,9.2944628063622,"8115851"
-5.037555,6.71858666666667,-37.6862383815721,6.5312001044993e-08,3.65327083016029e-05,9.28632178025872,"8161884"
4.10188,6.260715,37.5598614533813,6.65387256667374e-08,3.65327083016029e-05,9.27040506688836,"8170580"
-7.05764,11.1224033333333,-37.4343508576939,6.77840232291524e-08,3.65327083016029e-05,9.25451573077672,"8134263"
-3.620565,11.4069283333333,-37.4103788940063,6.80249846742763e-08,3.65327083016029e-05,9.25147162847525,"8108217"
-4.885785,7.75927166666667,-37.2329207771134,6.98405226918928e-08,3.65374759812014e-05,9.22884352751913,"7965403"
4.889795,10.4268516666667,37.195703186887,7.02285029521245e-08,3.65374759812014e-05,9.22407685572236,"7969574"
-3.730915,8.13486166666667,-36.9976799476487,7.23360766410412e-08,3.69933794966448e-05,9.19859170479023,"7934570"
4.22614,7.4904,36.9069291816637,7.33268176345784e-08,3.69933794966448e-05,9.18684258210099,"8067955"
5.08266,7.3511,36.7261222152031,7.53488304329161e-08,3.74461195063404e-05,9.16330255858272,"8162652"
-4.032195,8.41161,-36.2992952540551,8.03887823854927e-08,3.92404171401569e-05,9.10702760147903,"8180344"
-4.45643,8.48102666666667,-36.2241847387234,8.13162982452122e-08,3.92404171401569e-05,9.09702096733432,"8156199"
-3.82751,7.98050166666667,-36.0435564397269,8.3598974275933e-08,3.9434443090341e-05,9.07282802779818,"7922846"
-5.796795,8.360745,-36.0056917929116,8.4087018632736e-08,3.9434443090341e-05,9.06773335901827,"7933194"
-3.89279,7.19726666666667,-35.7297732818696,8.77466450023757e-08,4.05791672033903e-05,9.03036402893837,"8051762"
3.42243,7.32727,35.2882303175734,9.40015512252806e-08,4.14657615671538e-05,8.96965544397188,"7920285"
-4.841315,7.41629166666667,-34.9416116893527,9.92823069923706e-08,4.14657615671538e-05,8.92119975685606,"7909730"
5.235175,5.76717833333333,34.9363750004878,9.93647314912711e-08,4.14657615671538e-05,8.92046222658431,"8170060"
-3.59958,8.30357166666667,-34.9314606520725,9.94421558147263e-08,4.14657615671538e-05,8.9197699454741,"7946142"
-5.437315,5.06585333333333,-34.9293063656289,9.94761184822138e-08,4.14657615671538e-05,8.91946642704272,"7915612"
4.14993,6.21733333333333,34.9074815429004,9.98209626054491e-08,4.14657615671538e-05,8.91638995357297,"8175710"
3.847335,8.56545666666667,34.8422025279408,1.00860852059268e-07,4.14657615671538e-05,8.90717106423505,"8015387"
-4.457735,9.25288333333333,-34.7831696611198,1.018122557413e-07,4.14657615671538e-05,8.89881224654434,"8096050"
-3.740405,6.09889,-34.7447123120292,1.02437747685471e-07,4.14657615671538e-05,8.89335555158937,"8095021"
-7.35763,8.59107666666667,-34.7358495305963,1.02582538746671e-07,4.14657615671538e-05,8.89209675051343,"7971077"
-3.55567,9.70137666666667,-34.5824902870435,1.05126594050364e-07,4.14657615671538e-05,8.87023944772139,"7938390"
-3.36158,9.76535666666667,-34.5477405818323,1.0571334748224e-07,4.14657615671538e-05,8.8652669274193,"7931097"
-4.57217,6.91967833333333,-34.5394991104415,1.05853071844553e-07,4.14657615671538e-05,8.86408653043,"8067839"
-3.43763,8.42077,-34.0807326918863,1.13986003322145e-07,4.3794340417289e-05,8.79771910398586,"8118890"
4.04496,6.84408833333333,34.0569166134245,1.14427954960031e-07,4.3794340417289e-05,8.79423801807185,"8091078"
3.82129,5.65664666666667,33.812778169304,1.19076916846434e-07,4.50557284117696e-05,8.75834719682765,"8162570"
-3.635385,7.35387,-33.7238456791908,1.2082549766357e-07,4.52036696146504e-05,8.74517919669162,"7948987"
-4.70815,7.51105833333333,-33.5060596733473,1.25237021218367e-07,4.58191616254798e-05,8.71271789540682,"8056222"
-3.11915,8.13125833333333,-33.4153643228654,1.27130010975918e-07,4.58191616254798e-05,8.69910918095976,"8015196"
-3.11915,8.13125833333333,-33.4153643228654,1.27130010975918e-07,4.58191616254798e-05,8.69910918095976,"8019578"
-4.08396,8.99025,-33.3753947182376,1.2797495363455e-07,4.58191616254798e-05,8.69309479754662,"8161906"
-3.7322,6.147115,-33.2096295583346,1.31550604043644e-07,4.64933760515563e-05,8.66803982190974,"8120961"
-3.30535,6.43112166666667,-33.1461559204589,1.32950870169403e-07,4.64933760515563e-05,8.65839806254089,"7930181"
-3.284075,10.2016083333333,-33.097014712495,1.34047034295865e-07,4.64933760515563e-05,8.65091511451399,"7923547"
4.345695,5.94429166666667,33.0217382060863,1.35746919818885e-07,4.65975792702002e-05,8.63942132709224,"8067140"
-3.797365,7.26625833333333,-32.9204724611127,1.38073957951616e-07,4.6912740590969e-05,8.62389967308303,"7908459"
-3.32126,7.5948,-32.8056582818627,1.40769462992967e-07,4.72360478161525e-05,8.60621813565917,"8135734"
3.218925,6.9985,32.6996735606905,1.43312906029436e-07,4.72360478161525e-05,8.58981734276229,"8015806"
-4.021145,5.75811666666667,-32.6915800758607,1.43509352511613e-07,4.72360478161525e-05,8.58856177100236,"8080847"
-3.613795,9.707085,-32.642802771787,1.44700029349418e-07,4.72360478161525e-05,8.58098533252689,"8041781"
3.42319,7.03801,32.5217205928866,1.47706404043395e-07,4.73127410336221e-05,8.56210776563893,"7923596"
3.64454,6.25920833333333,32.518919144557,1.47776828768258e-07,4.73127410336221e-05,8.56166981108734,"8072015"
6.39851,6.17581333333333,32.4444037662703,1.49664661028532e-07,4.74608020787337e-05,8.55000089667039,"8166611"
-4.51791,6.68401,-32.0075802998155,1.61321257251123e-07,5.01177488740723e-05,8.48081932138984,"7983630"
-3.19116,7.34496166666667,-31.8661652161389,1.65322068056276e-07,5.01177488740723e-05,8.45813494403337,"7936494"
-3.37013,6.57719833333333,-31.8268326484743,1.66455554577105e-07,5.01177488740723e-05,8.45180027209108,"8156060"
3.197625,6.45748833333333,31.7897410123853,1.67532865411126e-07,5.01177488740723e-05,8.44581636340275,"7989937"
-2.97345,12.1995666666667,-31.7676202307296,1.68179267353181e-07,5.01177488740723e-05,8.44224296996755,"8059905"
3.174415,6.21446166666667,31.6330682325571,1.72175027550147e-07,5.01177488740723e-05,8.42043151192611,"8146579"
-3.07589,7.61626666666667,-31.6141886011236,1.72744602134353e-07,5.01177488740723e-05,8.41736057382822,"8101086"
-3.49113,9.67317333333333,-31.5865827466609,1.73581440028247e-07,5.01177488740723e-05,8.41286558413316,"8154951"
-3.78879,6.79550333333333,-31.5559926551417,1.74514330312491e-07,5.01177488740723e-05,8.40787821155536,"7918426"
-3.225825,7.72764166666667,-31.5311434764825,1.7527649644873e-07,5.01177488740723e-05,8.40382181751182,"8023727"
-3.31552,6.516715,-31.480982115891,1.76827020511741e-07,5.01177488740723e-05,8.39561972691706,"8109490"
-3.55303,7.77192166666667,-31.4286724723086,1.78461205282397e-07,5.01177488740723e-05,8.387046763363,"8154491"
3.325915,7.66513666666667,31.428177919805,1.78476740159414e-07,5.01177488740723e-05,8.38696561607626,"7963333"
-3.118625,9.239475,-31.4078836925587,1.79115599483876e-07,5.01177488740723e-05,8.38363414555677,"8172022"
3.296005,7.08196,31.2758597266296,1.83338152203489e-07,5.08717537826631e-05,8.36188726497333,"8106403"
5.259785,5.653825,31.1872194128996,1.86239054425366e-07,5.12496016132348e-05,8.34721415291934,"8175336"
-3.152845,11.3390516666667,-30.9226643708811,1.95224400185391e-07,5.3281859450598e-05,8.30307183382958,"8113709"
-3.952905,6.01140666666667,-30.7845190026055,2.00119142269632e-07,5.41737160987961e-05,8.27981164710071,"8057486"
-3.896075,5.58016166666667,-30.464879873905,2.12010134517815e-07,5.65722010784547e-05,8.2254319673296,"7938225"
3.03583,7.326765,30.4078103476879,2.14219856790329e-07,5.65722010784547e-05,8.21563958214949,"7973002"
-3.308985,9.75410666666667,-30.3824827580407,2.1520922949706e-07,5.65722010784547e-05,8.21128555035004,"7957260"
-4.175495,8.72188166666667,-30.3680536949502,2.15775281165383e-07,5.65722010784547e-05,8.20880282522991,"8004510"
-4.44673,7.422545,-30.3196837859085,2.17685677858713e-07,5.66271876223559e-05,8.20046818972384,"8161865"
2.980115,8.215445,30.1597756448828,2.24144819101704e-07,5.71961584348705e-05,8.17278320879218,"8124448"
3.61006,8.43525833333333,30.1342209351903,2.2519786217242e-07,5.71961584348705e-05,8.16834015284529,"8067233"
2.986425,6.64267166666667,30.1206201883117,2.25760691343309e-07,5.71961584348705e-05,8.1659733499702,"8063156"
3.017975,6.04330166666667,30.0969557078041,2.26743938294829e-07,5.71961584348705e-05,8.16185174640833,"8108729"
-3.80221,6.88017166666667,-29.9842846170494,2.3149517651414e-07,5.79556006946715e-05,8.14216668998589,"8154135"
-3.693595,8.52520666666667,-29.9072493222616,2.34811295802645e-07,5.80850096644182e-05,8.12864905519357,"7927964"
4.90263,5.792025,29.8880248879441,2.35647556931156e-07,5.80850096644182e-05,8.12526822770097,"8175344"
2.86486,7.35451833333333,29.7607971627853,2.41271325944238e-07,5.80850096644182e-05,8.10281843590662,"7996081"
3.20909,6.696285,29.7590159091578,2.41351177645245e-07,5.80850096644182e-05,8.10250319440693,"8022118"
-3.17905,8.95774833333333,-29.7088679411836,2.43612096417372e-07,5.80850096644182e-05,8.09361752941046,"8130739"
-4.0528,6.660695,-29.617959917236,2.47774666719239e-07,5.80850096644182e-05,8.07745722021096,"8172425"
4.01124,6.76034833333333,29.5824811102142,2.49421909627496e-07,5.80850096644182e-05,8.07113191547054,"8175871"
4.63379,6.73059666666667,29.5697494525618,2.50016172227705e-07,5.80850096644182e-05,8.06885953841356,"7977456"
-5.540285,10.0363383333333,-29.5584614749347,2.50544446071586e-07,5.80850096644182e-05,8.06684371571687,"8130867"
4.85382,6.42313833333333,29.5466397528188,2.51099110315899e-07,5.80850096644182e-05,8.06473144968115,"7963396"
-3.37336,7.56597,-29.5444704122276,2.51201050895763e-07,5.80850096644182e-05,8.0643437138912,"8075635"
-3.576035,9.217,-29.3304626418355,2.61501802805934e-07,6.00498312277875e-05,8.02590135899937,"7953603"
2.812985,8.34625666666667,29.2522534026968,2.6538991646073e-07,6.05252606054309e-05,8.01175723037346,"8110755"
2.84937,8.50709666666667,29.1216694071707,2.72034787377666e-07,6.16186552062188e-05,7.98802633887518,"7919637"
3.57791,5.50972166666667,28.9248619952403,2.82423859944766e-07,6.35396436796004e-05,7.95198705437973,"8096440"
-2.91149,7.42991833333333,-28.8589541230201,2.86007070741427e-07,6.39139425132704e-05,7.9398438578754,"8102831"
3.58689,6.14530333333333,28.7453040634533,2.92312577010041e-07,6.46630017302544e-05,7.91881626024482,"8097017"
-3.1074,9.32385,-28.7211687320954,2.93672662501256e-07,6.46630017302544e-05,7.91433630008768,"8114287"
-3.052985,8.21865,-28.6944851662175,2.95185039583106e-07,6.46630017302544e-05,7.90937743652986,"7965979"
4.02403,7.70587333333333,28.5761941628105,3.02001127289876e-07,6.54588465700285e-05,7.88731933460946,"8109752"
-2.97927,8.304245,-28.5633921046174,3.02749868510208e-07,6.54588465700285e-05,7.8849247338318,"8056257"
3.348325,7.195465,28.5051385635514,3.06184641817721e-07,6.5590135158158e-05,7.87401029070318,"7942118"
-5.082585,7.49465666666667,-28.4864415846815,3.0729678603696e-07,6.5590135158158e-05,7.87050085709769,"8135576"
-2.71833,10.9036233333333,-28.3300786717258,3.16786494352128e-07,6.58023860670289e-05,7.84103004136864,"7916493"
3.35468,8.48519,28.3082867671897,3.18136302784604e-07,6.58023860670289e-05,7.83690547359067,"7975779"
-2.964435,9.613715,-28.3080779727902,3.1814926843472e-07,6.58023860670289e-05,7.83686593439639,"8105302"
3.045835,6.10296833333333,28.2985754019562,3.18740015978605e-07,6.58023860670289e-05,7.83506602870622,"8175775"
-2.981765,10.7087783333333,-28.2797577998851,3.19913672324366e-07,6.58023860670289e-05,7.83149935312142,"7935058"
-4.174115,6.65974166666667,-28.2760015732272,3.20148558214214e-07,6.58023860670289e-05,7.83078702046453,"8151952"
2.8457,8.38354666666667,28.1743124671272,3.26585356356109e-07,6.6239442253413e-05,7.81145446276565,"8067652"
4.20858,5.080285,28.1180972964268,3.30209157462905e-07,6.6239442253413e-05,7.80072711847065,"8167866"
-3.332975,7.85420666666667,-28.1101067774641,3.30728089314772e-07,6.6239442253413e-05,7.79919999331541,"8154512"
2.852665,9.41746,28.0971740182558,3.31570025865582e-07,6.6239442253413e-05,7.79672709429823,"8085984"
4.786995,6.91803166666667,28.0406506043259,3.35279542132186e-07,6.6239442253413e-05,7.78590130516312,"8045257"
3.056035,7.69224166666667,28.0394503709091,3.35358839876506e-07,6.6239442253413e-05,7.7856711122345,"7977452"
3.62129,5.52543333333333,28.0267328148301,3.36200430694261e-07,6.6239442253413e-05,7.78323120389864,"8168646"
-3.65389,6.263175,-27.910579927302,3.44003238759228e-07,6.70527913960825e-05,7.76087845227288,"8176276"
-2.777955,7.16405166666667,-27.9053997972571,3.44356168085116e-07,6.70527913960825e-05,7.75987869411372,"8180376"
-2.715245,11.1380683333333,-27.8429102559371,3.4864747633902e-07,6.7423561333214e-05,7.74779883303939,"8046922"
-3.598435,9.33246833333333,-27.8078884574154,3.51080066089397e-07,6.7423561333214e-05,7.74101301001045,"8103822"
-3.595465,7.25812666666667,-27.7584183715978,3.54550401477653e-07,6.7423561333214e-05,7.73140834014492,"8035517"
-2.878605,10.524465,-27.7376230877531,3.56021255889471e-07,6.7423561333214e-05,7.72736413422363,"8131844"
3.59794,5.52578166666667,27.7103720168879,3.57959632494718e-07,6.7423561333214e-05,7.72205833759746,"8176397"
-3.119625,9.66180833333333,-27.6968886899378,3.58923304580233e-07,6.7423561333214e-05,7.71943056992031,"8155169"
2.9907,7.66539166666667,27.6758276670098,3.60434691332915e-07,6.7423561333214e-05,7.71532259149908,"8074168"
2.832335,7.26553,27.5450583820767,3.69988700637562e-07,6.88240992465302e-05,7.68972295491297,"8162533"
-4.194125,7.280665,-27.5156172163111,3.72180657317386e-07,6.8847218592761e-05,7.68393733097526,"7947512"
-2.670835,8.75944666666667,-27.457964310571,3.76517535848619e-07,6.92646651444833e-05,7.67258396870419,"8114536"
3.37106,7.12451,27.4034984395733,3.80669492152126e-07,6.9643692748293e-05,7.66182928266572,"7979710"
2.792365,6.04598333333333,27.3239044413413,3.86834452110912e-07,7.02091239645995e-05,7.64606208441278,"7971461"
3.36521,6.71213833333333,27.3093142722299,3.87977259497442e-07,7.02091239645995e-05,7.64316527853691,"8124562"
-3.33578,6.56952666666667,-27.2363261732657,3.93754316936826e-07,7.08498549821942e-05,7.62864321275624,"7927827"
4.528025,6.78075,27.2050784061946,3.96258559542225e-07,7.08498549821942e-05,7.62241035046826,"8055222"
-3.242185,8.38321333333333,-27.1847053389538,3.97901398974992e-07,7.08498549821942e-05,7.61834155013257,"8107100"
3.436825,5.58836333333333,27.1471348272735,4.00952105604464e-07,7.09473103287692e-05,7.61082765304174,"7972239"
-2.70438,9.26548333333333,-27.1256359566439,4.02710203686139e-07,7.09473103287692e-05,7.60652185135552,"7989277"
-2.56448,10.58704,-27.046923253312,4.09225046111797e-07,7.17156124230764e-05,7.59071895239541,"8095080"
-3.599115,7.04131666666667,-26.8816158285711,4.23315973241275e-07,7.36162375091329e-05,7.5573336907861,"7921882"
-2.77805,8.20502666666667,-26.868110731574,4.24492224577395e-07,7.36162375091329e-05,7.55459435496358,"8136341"
-2.715275,10.1324416666667,-26.8414853279141,4.2682251718634e-07,7.36368360349926e-05,7.54918845832561,"8053417"
-2.70778,9.45073166666667,-26.7882389088807,4.31528104190104e-07,7.40649035320509e-05,7.53835651536566,"7969861"
3.220275,6.79807166666667,26.7444109607105,4.35447275645461e-07,7.43542971136765e-05,7.5294194665703,"8131957"
-6.318395,9.00779166666667,-26.6855585272106,4.40776156221454e-07,7.48802228250293e-05,7.51738865136727,"7982377"
3.534815,8.68912,26.6286317727846,4.4600395464576e-07,7.50029983729287e-05,7.5057185469751,"7905067"
3.534815,8.68912,26.6286317727846,4.4600395464576e-07,7.50029983729287e-05,7.5057185469751,"7919627"
-3.5157,5.84410833333333,-26.5279834192807,4.55426825098191e-07,7.59005498020102e-05,7.48500575029755,"8128553"
-2.80281,8.04347333333333,-26.5225040310494,4.55946514657119e-07,7.59005498020102e-05,7.48387519427774,"8040113"
-2.961495,7.62667833333333,-26.4990414341105,4.58179731213144e-07,7.59005498020102e-05,7.47903074825373,"7937039"
-6.857555,7.519355,-26.3849969038343,4.69220095518871e-07,7.65701386869463e-05,7.455403784678,"7915592"
3.787405,7.224565,26.3773310332304,4.69973390733586e-07,7.65701386869463e-05,7.45381087077408,"7997139"
-3.040025,6.963525,-26.3709873106303,4.70597841641235e-07,7.65701386869463e-05,7.45249223595627,"8163002"
3.04383,4.91476,26.3485810065924,4.72811270271049e-07,7.65701386869463e-05,7.44783146720391,"8167742"
3.650255,6.037215,26.3394196997688,4.73719811680059e-07,7.65701386869463e-05,7.44592433029517,"8112649"
3.114465,8.01960166666667,26.3003613819492,4.77616448593814e-07,7.68270284484456e-05,7.43778378925091,"8113761"
3.32136,6.34612666666667,26.2689375206552,4.80778881087918e-07,7.6963915401848e-05,7.43122304965692,"7960947"
3.327525,5.77409,26.1522119787837,4.92744029294009e-07,7.85019040354192e-05,7.40676365241043,"8095986"
2.704495,9.71607666666667,26.0561405314782,5.02855953301228e-07,7.97314032241475e-05,7.38652618396073,"8062766"
-2.929575,9.08264833333333,-25.9737535250589,5.11722794487158e-07,8.04009927338582e-05,7.36909453309782,"7944082"
3.28924,5.53394,25.9694401302251,5.12192074686972e-07,8.04009927338582e-05,7.36817993181509,"8155602"
4.031905,4.55711,25.9278992719216,5.16737617354286e-07,8.04009927338582e-05,7.35936168808994,"8155414"
4.031905,4.55711,25.9278992719216,5.16737617354286e-07,8.04009927338582e-05,7.35936168808994,"8161384"
2.833675,5.45079166666667,25.8877009399577,5.2118158761338e-07,8.04161646733002e-05,7.35081110456589,"7939314"
-2.564125,8.07435166666667,-25.8833493070258,5.21665362327923e-07,8.04161646733002e-05,7.34988444453946,"8007446"
-3.928835,8.68559333333333,-25.8158206625023,5.29240836999972e-07,8.06111551989813e-05,7.33547881080167,"7920271"
3.091745,5.05447833333333,25.794166268061,5.31697466393092e-07,8.06111551989813e-05,7.33084910269954,"8170241"
3.091745,5.05447833333333,25.794166268061,5.31697466393092e-07,8.06111551989813e-05,7.33084910269954,"8170244"
3.206265,6.300435,25.7742456407266,5.33969281454277e-07,8.06111551989813e-05,7.32658566363961,"8077366"
2.917515,6.06500666666667,25.7649338914575,5.35035147279781e-07,8.06111551989813e-05,7.32459129943005,"8053744"
-2.68707,9.32994666666667,-25.7249268811699,5.39643160263502e-07,8.06342620482296e-05,7.31601217339339,"8164269"
2.987045,8.379605,25.7162718337627,5.4064619466016e-07,8.06342620482296e-05,7.31415392768517,"8112615"
3.558035,8.90966333333333,25.7007243778272,5.42453515295776e-07,8.06342620482296e-05,7.31081386077548,"8005733"
-2.641995,8.53289166666667,-25.6095735291959,5.53193778599756e-07,8.18653033157158e-05,7.29117964487735,"7914557"
-2.58078,8.87301833333333,-25.5317924491197,5.62557309997587e-07,8.28826139424321e-05,7.27435443300733,"7906900"
-2.707515,9.92526166666667,-25.4574191217802,5.71685771305719e-07,8.35934319269527e-05,7.25820495469124,"8016390"
4.904265,6.70691833333333,25.4481674939724,5.72833467041371e-07,8.35934319269527e-05,7.25619183425699,"8055153"
2.376815,5.57361,25.4170880004124,5.7670891689023e-07,8.35934319269527e-05,7.24942220143313,"7968154"
-2.450375,10.7301583333333,-25.4007811699632,5.7875464992178e-07,8.35934319269527e-05,7.24586607370327,"7908940"
-2.591285,9.420805,-25.3567544611104,5.84320772297712e-07,8.35934319269527e-05,7.23625034143907,"8029950"
2.4274,8.58260666666667,25.3501300627511,5.85163718494306e-07,8.35934319269527e-05,7.23480168498295,"7896822"
-2.697935,9.98288833333333,-25.3289710719128,5.8786578881716e-07,8.35934319269527e-05,7.23017129695693,"8001800"
-4.667525,5.94880833333333,-25.3180312103581,5.8926860976337e-07,8.35934319269527e-05,7.22777530731267,"8140840"
-2.43267,8.28980166666667,-25.3101799671253,5.90277808479277e-07,8.35934319269527e-05,7.2260549569571,"8091243"
-5.628195,4.68779333333333,-25.2930458541492,5.92487309209864e-07,8.35934319269527e-05,7.2222981988021,"7976812"
-3.240425,10.1341916666667,-25.2671023923187,5.95851385878318e-07,8.37133485046006e-05,7.21660376367443,"8170648"
2.761165,8.407305,25.2121635703511,6.03049876486076e-07,8.43687047788103e-05,7.20452041341061,"8084880"
2.53362,8.29926333333333,25.1036535637888,6.17571052833929e-07,8.60387587707587e-05,7.18055584302258,"8112260"
-3.737065,6.800695,-25.0220591404156,6.28762169937477e-07,8.62964608647983e-05,7.16244879544855,"7902452"
-3.64601,9.37752333333333,-24.9267945233746,6.42132040654003e-07,8.62964608647983e-05,7.14121315710622,"8015187"
-2.817205,6.85494833333333,-24.9163526974827,6.43617772288653e-07,8.62964608647983e-05,7.13887929722459,"8008547"
3.2493,5.56209166666667,24.9060058191243,6.4509399192935e-07,8.62964608647983e-05,7.13656543759923,"7961540"
2.454505,6.84522166666667,24.9050607242537,6.45229030179938e-07,8.62964608647983e-05,7.13635402656238,"7927215"
-2.88306,7.10424833333333,-24.889301925608,6.47485615295981e-07,8.62964608647983e-05,7.13282739808352,"8145766"
-3.89411,7.39538666666667,-24.8158226805154,6.58131074804867e-07,8.62964608647983e-05,7.11634626556122,"7949588"
-2.67414,8.03411166666667,-24.8120619526923,6.586814440008e-07,8.62964608647983e-05,7.11550108858067,"8043995"
2.857155,5.82789333333333,24.7748281461893,6.64159852210341e-07,8.62964608647983e-05,7.10712450870895,"8155574"
-2.945675,8.77838833333333,-24.7516151910615,6.6760247405957e-07,8.62964608647983e-05,7.10189418363935,"7966122"
4.07005,7.00485166666667,24.7333431908156,6.7032712033896e-07,8.62964608647983e-05,7.09777279325991,"8167701"
4.07005,7.00485166666667,24.7333431908156,6.7032712033896e-07,8.62964608647983e-05,7.09777279325991,"8167710"
4.07005,7.00485166666667,24.7333431908156,6.7032712033896e-07,8.62964608647983e-05,7.09777279325991,"8172739"
4.07005,7.00485166666667,24.7333431908156,6.7032712033896e-07,8.62964608647983e-05,7.09777279325991,"8172757"
4.07005,7.00485166666667,24.7333431908156,6.7032712033896e-07,8.62964608647983e-05,7.09777279325991,"8172766"
2.999775,8.1737,24.7293671037068,6.7092175311197e-07,8.62964608647983e-05,7.09687544709918,"8115490"
2.707145,6.77725,24.7256612449349,6.71476532399895e-07,8.62964608647983e-05,7.0960389236793,"8003060"
-5.79574,7.79737,-24.7038510646583,6.74752563630978e-07,8.62964608647983e-05,7.09111250500107,"8007228"
2.42316,7.465955,24.6759584428475,6.7896970599329e-07,8.62964608647983e-05,7.0848042023681,"7974835"
2.995675,6.456945,24.6718900659188,6.79587404487646e-07,8.62964608647983e-05,7.08388333122542,"8016994"
2.877725,5.84418333333333,24.6557603785295,6.82042888952123e-07,8.62964608647983e-05,7.08023051535657,"8155397"
2.877725,5.84418333333333,24.6557603785295,6.82042888952123e-07,8.62964608647983e-05,7.08023051535657,"8161388"
3.290065,6.97009333333333,24.6503478061103,6.82869207627129e-07,8.62964608647983e-05,7.07900408005347,"8019964"
4.202415,4.93003833333333,24.6448061052504,6.83716462517696e-07,8.62964608647983e-05,7.07774803385649,"8180369"
-2.605425,8.19219666666667,-24.6402711915571,6.84410714367266e-07,8.62964608647983e-05,7.07671991472459,"8164535"
2.400505,6.77790333333333,24.6006341455328,6.90514262685569e-07,8.62964608647983e-05,7.06772356338262,"8037430"
-2.93359,10.41617,-24.5882375830287,6.92436311684017e-07,8.62964608647983e-05,7.06490618902051,"8072626"
-4.11229,7.78888666666667,-24.5820389525459,6.93399754511342e-07,8.62964608647983e-05,7.0634967517173,"8144880"
2.57461,6.33098833333333,24.5744551733718,6.94580638248669e-07,8.62964608647983e-05,7.06177175229313,"8091402"
2.33747,7.522385,24.4103567808023,7.20722685581877e-07,8.92115362892928e-05,7.02428129551983,"8074845"
4.458665,5.084405,24.3813961611422,7.2545582659822e-07,8.92688726293156e-05,7.01763198830014,"8053737"
-2.533925,8.96308833333333,-24.3414986578568,7.32036552874183e-07,8.92688726293156e-05,7.00845534602468,"8022996"
-2.76532,8.66296833333333,-24.3367644069881,7.32822083670083e-07,8.92688726293156e-05,7.00736519080268,"8053231"
-2.49717,9.47032333333333,-24.3208052259251,7.35477439680358e-07,8.92688726293156e-05,7.00368831306153,"8026139"
3.767805,6.367395,24.3111998216395,7.37081093256514e-07,8.92688726293156e-05,7.00147384052374,"7985213"
4.39898,5.17607,24.2594261628302,7.45796172387914e-07,8.92688726293156e-05,6.98951880408101,"8168622"
-3.52952,8.07771,-24.2439882317337,7.4841830926681e-07,8.92688726293156e-05,6.98594785151897,"8015349"
-5.00849,9.58918666666667,-24.2419560510972,7.48764284279791e-07,8.92688726293156e-05,6.98547757517824,"8124527"
2.78345,7.10007833333333,24.217104594422,7.53010481352259e-07,8.92688726293156e-05,6.9797225903009,"8118409"
2.78345,7.10007833333333,24.217104594422,7.53010481352259e-07,8.92688726293156e-05,6.9797225903009,"8118455"
2.78345,7.10007833333333,24.217104594422,7.53010481352259e-07,8.92688726293156e-05,6.9797225903009,"8179399"
2.60914,4.18136,24.2150794286414,7.5335775621941e-07,8.92688726293156e-05,6.97925328618182,"7942998"
-2.507,10.5039283333333,-24.1520285407746,7.64264717154175e-07,9.02401499541935e-05,6.96461751231126,"8135069"
-2.702815,9.588895,-24.1023566028978,7.729884989346e-07,9.09471546356465e-05,6.95305367230248,"8104601"
3.37347,6.74581,24.0869660454735,7.75715287158711e-07,9.09471546356465e-05,6.94946464277634,"8144786"
3.839225,7.76537,24.0691963365903,7.78877707577494e-07,9.09975123831853e-05,6.94531723976381,"7899265"
3.058965,8.93489666666667,24.0434126509142,7.83493408143249e-07,9.12167133249852e-05,6.93929259557889,"8124492"
2.545925,7.13796,23.9526115713189,8.00006933438307e-07,9.28147416818652e-05,6.91801159060434,"7955317"
-2.94722,7.34559666666667,-23.8936370232188,8.10952123877029e-07,9.34467902392997e-05,6.90413583903743,"7906919"
2.224795,8.35011333333333,23.8930191045068,8.11067735206103e-07,9.34467902392997e-05,6.90399022718372,"8175217"
-2.479585,8.82466833333333,-23.8525967365925,8.18673046743777e-07,9.39977808187157e-05,6.89445454995814,"8102532"
3.237845,6.57059666666667,23.75847417399,8.36709880860293e-07,9.47886542498938e-05,6.87217287386005,"7909503"
-3.288275,8.17478166666667,-23.7487026171192,8.3860911518637e-07,9.47886542498938e-05,6.869853366963,"7983512"
2.947185,6.03884166666667,23.7373745179049,8.40817246443245e-07,9.47886542498938e-05,6.86716289502926,"7966379"
-3.821195,8.31789666666667,-23.7330352538895,8.41664892420284e-07,9.47886542498938e-05,6.86613187908801,"8133372"
-2.22904,8.92506666666667,-23.7316657837615,8.41932618195109e-07,9.47886542498938e-05,6.86580644226244,"8135587"
-2.477785,9.12369833333333,-23.7280410191575,8.42641729223911e-07,9.47886542498938e-05,6.86494495143437,"8090098"
-2.81898,4.81489166666667,-23.6624036420682,8.55604910277018e-07,9.58125833423552e-05,6.84931673785493,"8100827"
-2.52322,7.59714833333333,-23.6529104851368,8.57499169175057e-07,9.58125833423552e-05,6.8470519742118,"8067270"
-2.81505,9.71334166666667,-23.6349343621029,8.61099670138316e-07,9.58930960421254e-05,6.84276035806962,"7969438"
-2.94618,5.613605,-23.5741954663315,8.73397759893805e-07,9.66933464997493e-05,6.82822959721399,"8058063"
4.46573,6.03484666666667,23.5707885580001,8.74093681005032e-07,9.66933464997493e-05,6.82741317883194,"8112274"
4.30957,5.624785,23.5526875218402,8.77802113471847e-07,9.67820429545433e-05,6.82307306551531,"7961026"
2.4816,5.234565,23.5331950458841,8.81816366367315e-07,9.68863494311927e-05,6.81839470662728,"8102610"
2.510545,7.92893166666667,23.5198954360138,8.84567685589771e-07,9.68863494311927e-05,6.81519993590179,"7988260"
-3.793835,7.58168166666667,-23.4625458946286,8.96548169677831e-07,9.69459941144226e-05,6.80139806725964,"7965335"
-2.421125,7.59848833333333,-23.4549359124594,8.98152244277342e-07,9.69459941144226e-05,6.79956349882023,"7952490"
-2.645945,9.729325,-23.4467824316044,8.99874634640833e-07,9.69459941144226e-05,6.79759709083985,"8152617"
3.4404,7.26604166666667,23.4407210254734,9.01157605050919e-07,9.69459941144226e-05,6.79613468953212,"7981068"
-4.32478,6.31034,-23.4392238426698,9.01474833880797e-07,9.69459941144226e-05,6.79577340073927,"8097335"
3.090585,6.84418333333333,23.4340054350815,9.02581559163619e-07,9.69459941144226e-05,6.79451391138694,"7906417"
-2.61172,11.74831,-23.3975688544351,9.10353841142912e-07,9.74394636229991e-05,6.78571009466491,"7939341"
2.748395,6.58575,23.3851143307336,9.13028580664196e-07,9.74394636229991e-05,6.78269694749551,"8055214"
-3.03024,6.54406833333333,-23.3675828697006,9.16809354033037e-07,9.75303548282365e-05,6.77845216993851,"8176655"
-2.509865,8.65896833333333,-23.2727731395914,9.37578223877521e-07,9.94221086638529e-05,6.75542827240921,"8128956"
2.193405,6.27955833333333,23.1882740353794,9.56557054697474e-07,0.000101112635715117,6.7348106616918,"7997712"
-2.64868,5.310935,-23.1125456339321,9.73951608540125e-07,0.0001026255275619,6.7162544125197,"7923578"
-2.615145,9.077465,-23.0973514398235,9.77486406185548e-07,0.000102673075289464,6.71252227606526,"8128991"
3.93199,6.75835166666667,23.0799617694248,9.81550528967445e-07,0.000102775748311412,6.70824716516124,"8038683"
-2.320565,9.23836333333333,-23.0516594942723,9.88207679175587e-07,0.00010314843602981,6.70128081634103,"8023575"
2.725405,6.95346666666667,22.9992012197457,1.00068793418049e-06,0.000104124706701275,6.68834089367047,"8094719"
2.919225,7.41934666666667,22.9359961205566,1.01597247124671e-06,0.00010488926529891,6.67270189971959,"8063634"
2.938435,8.13938,22.9325305570047,1.01681845375772e-06,0.00010488926529891,6.67184288031701,"8112971"
5.006775,5.91363833333333,22.9297981881392,1.01748604053061e-06,0.00010488926529891,6.67116548794277,"8170068"
-2.83018,8.92467333333333,-22.8663935947773,1.0331233965855e-06,0.000106172560913912,6.65541879756782,"8116272"
3.684015,7.581155,22.8474422723372,1.03785217569114e-06,0.00010633035044304,6.6507018157963,"8008627"
-4.13314,5.87282333333333,-22.8039988386809,1.04878885874704e-06,0.000106893376392444,6.6398706742072,"8083494"
2.29747,6.97150833333333,22.7968578247644,1.05059954342725e-06,0.000106893376392444,6.63808789204061,"7909214"
-2.1759,9.03722666666667,-22.7874973832918,1.05297857034332e-06,0.000106893376392444,6.63574998743111,"8043203"
-3.38251,7.42649333333333,-22.7557661652442,1.06109066323999e-06,0.000107212044535263,6.6278159234565,"7933469"
-2.82978,9.19357333333333,-22.7500592881331,1.06255742849617e-06,0.000107212044535263,6.62638754424771,"8123739"
-2.926275,5.72643833333333,-22.7093567732917,1.07308823452659e-06,0.000107947489259915,6.6161873766802,"7919584"
-3.6342,7.85895,-22.6882503014412,1.07859742897452e-06,0.000108174875278809,6.61088924716772,"8069689"
3.433485,5.17909166666667,22.6385193508385,1.09171046229477e-06,0.000109161211000087,6.59838202499623,"8103260"
4.202105,7.57561166666667,22.5319845507857,1.12043905757442e-06,0.000111698381137891,6.57147575393797,"7962212"
-3.658995,7.211065,-22.4997082329564,1.12931799695756e-06,0.000112247466700584,6.56329352584147,"7970467"
2.162635,6.85955333333333,22.4482956672303,1.14363295542041e-06,0.000113331983680457,6.55023064218731,"7978956"
2.68885,5.403405,22.4118415022472,1.1539126102982e-06,0.000114011359599701,6.5409463428836,"8151341"
-6.18201,9.72663,-22.3779666597901,1.1635626360787e-06,0.000114624689625777,6.53230250898209,"7991335"
-2.63422,8.04601,-22.3572801082989,1.16950243645613e-06,0.000114869978249793,6.52701611602453,"7951910"
2.351705,8.400775,22.3308590297977,1.17714084317906e-06,0.000115157148335102,6.52025564695263,"7950906"
-2.183025,9.64181,-22.3232789292433,1.17934311145959e-06,0.000115157148335102,6.51831430535396,"8096489"
-3.485535,7.414435,-22.2390562859651,1.20414208370091e-06,0.000117234850763127,6.4966901367451,"7966089"
3.446605,7.61246333333333,22.2132900252482,1.21185122184022e-06,0.000117437375813692,6.49005483328975,"8005449"
5.097045,6.15012,22.1995636097319,1.21598183233402e-06,0.000117437375813692,6.48651621649629,"8145611"
5.66464,6.868585,22.1570393600482,1.22888410578247e-06,0.000117437375813692,6.47553681034614,"8127193"
-3.63948,5.477055,-22.1545344945135,1.22964912346144e-06,0.000117437375813692,6.47488928061602,"7956878"
-4.202465,7.04930333333333,-22.1498315686697,1.23108697281041e-06,0.000117437375813692,6.47367329393869,"8155487"
-4.202465,7.04930333333333,-22.1498315686697,1.23108697281041e-06,0.000117437375813692,6.47367329393869,"8161423"
-4.202465,7.04930333333333,-22.1498315686697,1.23108697281041e-06,0.000117437375813692,6.47367329393869,"8161455"
-2.263765,10.5555616666667,-22.1317151027555,1.23664435550803e-06,0.000117437375813692,6.46898618999525,"7906878"
2.235765,7.46079,22.1272525961695,1.23801780153372e-06,0.000117437375813692,6.4678309357371,"8105191"
-2.19748,8.88707666666667,-22.0951100366198,1.24796372936702e-06,0.000117437375813692,6.45950154355135,"7958600"
-2.282235,7.45079166666667,-22.0932381479466,1.24854584611367e-06,0.000117437375813692,6.45901601325885,"8178712"
-2.282235,7.45079166666667,-22.0932381479466,1.24854584611367e-06,0.000117437375813692,6.45901601325885,"8179935"
-2.495125,5.52173166666667,-22.0737489273592,1.25462561377451e-06,0.000117676814258732,6.45395794899562,"8037467"
-2.237365,7.58606166666667,-22.0299099375194,1.26842935324016e-06,0.000118120897146812,6.4425606325973,"8125289"
5.001805,4.44117833333333,22.0195472693525,1.2717183815647e-06,0.000118120897146812,6.43986253453781,"7954330"
-2.135665,8.28640166666667,-22.0177913653847,1.27227668647603e-06,0.000118120897146812,6.43940520316525,"7917516"
2.53558,7.66739833333333,22.0128791910757,1.27384008946273e-06,0.000118120897146812,6.43812557642202,"8021470"
-2.39414,9.46545833333333,-21.9664637264371,1.28872507386793e-06,0.000118120897146812,6.42601727844003,"8129937"
-2.508915,9.45443166666667,-21.9653759156243,1.28907637408258e-06,0.000118120897146812,6.42573313399373,"7960919"
2.55416,6.94424666666667,21.9308784385526,1.30027581622058e-06,0.000118120897146812,6.41671332857215,"8064790"
-2.74545,5.774865,-21.9298399961378,1.30061471484311e-06,0.000118120897146812,6.41644154968478,"8065905"
4.18301,5.92632,21.9258406890596,1.30192087251004e-06,0.000118120897146812,6.41539471497335,"7953873"
2.919575,6.827215,21.9191464004799,1.30411066024326e-06,0.000118120897146812,6.41364194345812,"8140709"
2.215885,5.53563,21.9172786240966,1.30472240790713e-06,0.000118120897146812,6.41315278692104,"8095751"
-2.422605,9.28409833333333,-21.916355190979,1.30502498230523e-06,0.000118120897146812,6.41291092821917,"7971150"
-3.216695,6.88595,-21.9128798118134,1.30616447496624e-06,0.000118120897146812,6.41200057290461,"8145669"
3.033915,4.52122833333333,21.9041705964498,1.30902516884925e-06,0.000118120897146812,6.40971848105083,"8113369"
2.18462,9.71011166666667,21.8891378920807,1.31398030804759e-06,0.000118247573829894,6.40577686331083,"7979307"
2.530895,8.19610833333333,21.8757475414279,1.31841270534379e-06,0.00011832665188634,6.40226313159563,"8117395"
3.22121,7.72760333333333,21.8281153217424,1.33432306757119e-06,0.000119226701358293,6.38974306917842,"7950641"
-2.502285,7.03986166666667,-21.8243137868477,1.33560259502788e-06,0.000119226701358293,6.38874242589035,"8054479"
-2.0992,8.14966166666667,-21.801605682227,1.3432759057876e-06,0.000119591063729972,6.38276081307321,"8127549"
2.53154,8.829135,21.7809401121722,1.35030419629859e-06,0.000119896210197745,6.37731072123959,"8019857"
2.96091,7.75752166666667,21.7205774865544,1.3710827619501e-06,0.000121417400863437,6.36135577626611,"7962579"
-3.19911,7.38784833333333,-21.6228666369219,1.40552168733625e-06,0.000123407182916678,6.33541595147826,"7979133"
-2.54982,9.96269333333333,-21.6146893162058,1.40844978538344e-06,0.000123407182916678,6.33323870615915,"7903786"
-2.243605,8.7713,-21.6138613413508,1.40874666333302e-06,0.000123407182916678,6.33301819944356,"7939642"
-2.1813,8.74763333333333,-21.6061324145262,1.41152149952316e-06,0.000123407182916678,6.33095933934974,"7972810"
2.60962,7.97806,21.6045698541157,1.41208327150357e-06,0.000123407182916678,6.33054299155521,"7903092"
2.835985,5.98247333333333,21.5911862085618,1.41690576685369e-06,0.00012350447989248,6.32697541097002,"8084206"
-4.220515,7.45177666666667,-21.5653327305213,1.42627653736858e-06,0.000123996683720004,6.32007633630626,"8138353"
-2.341475,10.7556416666667,-21.5284660852067,1.43976569814348e-06,0.000124517623295945,6.31022122943631,"8089544"
-3.01995,8.31985666666667,-21.5208128891441,1.44258473657658e-06,0.000124517623295945,6.30817286445836,"8076668"
2.176365,7.96481166666667,21.5183658246959,1.44348747911928e-06,0.000124517623295945,6.30751772801219,"8113491"
2.220395,6.93092166666667,21.4508628359425,1.46865429268383e-06,0.000126361193755797,6.28941040874642,"8018449"
3.591485,4.50206833333333,21.4074029560097,1.48513083142726e-06,0.00012744948787122,6.27771647174647,"8111234"
-2.02252,8.85017333333333,-21.3849435324049,1.49373096760382e-06,0.000127596409039632,6.27166210702149,"8082133"
2.01555,8.609535,21.3829244087478,1.49450699839194e-06,0.000127596409039632,6.27111744219937,"7898809"
2.303725,9.04085333333333,21.3639930451644,1.50180623608075e-06,0.000127891668140104,6.26600766257713,"7927669"
4.322035,5.031605,21.3337706589691,1.51354610281852e-06,0.000128484641079771,6.257839113467,"8053741"
-2.29141,11.1517466666667,-21.3262433169482,1.51648688903956e-06,0.000128484641079771,6.25580246696674,"8069269"
2.47437,6.100905,21.2513575262308,1.546112910014e-06,0.000130253473322936,6.23549412436295,"8073682"
-3.86916,5.99481666666667,-21.2471726600778,1.5477885282217e-06,0.000130253473322936,6.23435671368543,"8097773"
2.114035,7.13178333333333,21.2439015171296,1.54909978183869e-06,0.000130253473322936,6.2334674594499,"7994541"
3.265555,6.60204666666667,21.2313552523539,1.55414116282839e-06,0.000130348207301503,6.23005526863515,"8087925"
2.12951,6.18113333333333,21.2038931328833,1.56524368876868e-06,0.000130949545489776,6.22257805314696,"8172204"
-2.15786,9.76021333333333,-21.1918792432526,1.57013008659812e-06,0.000131029126550019,6.21930336333396,"7945420"
-2.965255,6.88681166666667,-21.1507784796824,1.58698339546938e-06,0.000131604792548179,6.2080835963072,"8176384"
-2.07853,7.94203166666667,-21.1398633882355,1.59149486387627e-06,0.000131604792548179,6.20509961852957,"8121838"
-2.513705,7.03689666666667,-21.1264632729957,1.59705412701663e-06,0.000131604792548179,6.2014337788459,"8165866"
4.338345,5.76411166666667,21.1174425908016,1.60080939270417e-06,0.000131604792548179,6.19896445522092,"8175696"
-2.15861,10.3981533333333,-21.1108309398432,1.60356839709564e-06,0.000131604792548179,6.19715378469974,"8156228"
-2.5596,8.34757,-21.1044704706828,1.60622787244522e-06,0.000131604792548179,6.19541126738888,"7956759"
3.426185,5.96718,21.0967008310873,1.60948361109551e-06,0.000131604792548179,6.19328184683351,"8144917"
2.205785,7.66882833333333,21.0908141843264,1.61195548949206e-06,0.000131604792548179,6.19166787703081,"8111387"
2.21319,4.216875,21.0832178063903,1.61515191788831e-06,0.000131604792548179,6.18958435174924,"8100109"
-2.08413,7.972455,-21.0798940486014,1.61655284716957e-06,0.000131604792548179,6.18867243528302,"8087485"
-2.304075,7.65001333333333,-21.0583266830299,1.62567812505426e-06,0.000132024889097395,6.18275099750247,"8068952"
-2.09599,8.98576,-21.0435774883787,1.63195353849379e-06,0.000132212060757245,6.1786973815478,"7938100"
-2.07316,8.36827666666667,-21.0001892548137,1.6505802613556e-06,0.000133396531462032,6.16675315336011,"7932826"
-2.475895,6.71756833333333,-20.9865146442991,1.65650264457846e-06,0.000133551013454065,6.16298264352388,"8022559"
2.86672,7.51300333333333,20.9448851505716,1.67468680420654e-06,0.000134429908083908,6.15148617237728,"8029489"
2.06243,5.21531166666667,20.93789161522,1.67776466575375e-06,0.000134429908083908,6.14955217104131,"8113666"
-3.859725,7.27052666666667,-20.9211635335475,1.68515378075968e-06,0.000134429908083908,6.14492306170746,"8094169"
-2.365695,7.47098166666667,-20.9131347277436,1.6887138694276e-06,0.000134429908083908,6.14269971935829,"7954196"
2.456125,8.81469833333333,20.9115683417607,1.6894094600411e-06,0.000134429908083908,6.14226583692668,"8020323"
-3.03963,8.58505,-20.906577935828,1.69162781893736e-06,0.000134429908083908,6.14088325865803,"8132250"
2.694285,3.45042333333333,20.786373337662,1.74611304238708e-06,0.000137353146771695,6.10746250400535,"7894025"
-2.242165,7.80442333333333,-20.7734836017154,1.75207741691844e-06,0.000137353146771695,6.10386518984554,"8156610"
-2.35937,10.8345266666667,-20.7703947067221,1.75351028142791e-06,0.000137353146771695,6.10300273840958,"7956301"
-2.19073,10.8536733333333,-20.7671901924021,1.75499823794376e-06,0.000137353146771695,6.10210784482602,"8111772"
-2.3941,9.57705,-20.7602718786157,1.7582157024503e-06,0.000137353146771695,6.1001752785902,"7986515"
-2.3941,9.57705,-20.7602718786157,1.7582157024503e-06,0.000137353146771695,6.1001752785902,"7986525"
2.15188,7.24918,20.7532445883357,1.76149096349172e-06,0.000137353146771695,6.09821149243177,"8016468"
3.944145,6.95663833333333,20.7528077027742,1.76169482314549e-06,0.000137353146771695,6.0980893782356,"7972983"
2.240905,7.91281,20.7445808310081,1.76553884188621e-06,0.000137353146771695,6.0957893128143,"7986068"
-2.32348,9.11239833333333,-20.7307087279204,1.77204300252638e-06,0.000137430285739714,6.09190851735481,"8101260"
3.87655,6.96896,20.7220341609637,1.77612455697861e-06,0.000137430285739714,6.08948020337904,"8074170"
-3.801395,7.75226666666667,-20.7161221728569,1.7789126093587e-06,0.000137430285739714,6.08782454444738,"8151906"
-2.602085,5.84870666666667,-20.6272679301038,1.8214430195192e-06,0.000140390250511414,6.06287351110183,"7961440"
2.415655,7.83965,20.5913206855516,1.83898885019097e-06,0.000140521610391212,6.05274322042381,"7954065"
-2.63212,5.65190833333333,-20.5775244922891,1.84577557776915e-06,0.000140521610391212,6.04884978718574,"8111915"
2.68946,4.59963,20.5733969177432,1.84781177586047e-06,0.000140521610391212,6.04768434454141,"7926728"
2.51164,7.08775833333333,20.5678351441098,1.85055967317639e-06,0.000140521610391212,6.04611351299592,"7951437"
2.120465,6.68278666666667,20.5671731140247,1.8508870818642e-06,0.000140521610391212,6.04592650019855,"7974372"
-4.056905,7.71036166666667,-20.5667163425307,1.85111301916357e-06,0.000140521610391212,6.04579746550652,"7967486"
2.42836,5.56036166666667,20.5635319683765,1.85268903990576e-06,0.000140521610391212,6.04489780881512,"8133983"
3.036555,4.87598666666667,20.5274808242729,1.87064227527209e-06,0.000141560854181215,6.0347011144602,"8173059"
3.94471,5.27591833333333,20.4822221151141,1.89347174510679e-06,0.000142828698039699,6.02187031168058,"8126784"
1.967395,9.27660666666667,20.4705465430467,1.89941430214783e-06,0.000142828698039699,6.01855489191684,"7926531"
3.094195,8.38343,20.4652368444158,1.90212406317204e-06,0.000142828698039699,6.01704640407263,"8180256"
-3.73131,6.64763833333333,-20.4604825905567,1.90455422199076e-06,0.000142828698039699,6.01569532828247,"8150901"
-2.32791,7.84971166666667,-20.444470930755,1.91276559601167e-06,0.00014293780565196,6.0111423818882,"8066619"
2.890505,6.07263666666667,20.4324458367167,1.91895993670324e-06,0.00014293780565196,6.00772026982938,"8115875"
-1.99247,7.77624833333333,-20.4309114321754,1.91975203445617e-06,0.00014293780565196,6.00728343754467,"8148553"
2.603895,6.88647333333333,20.4242788437044,1.92318037457063e-06,0.00014293780565196,6.00539475142445,"8112007"
2.32201,6.35014,20.3942812610494,1.93877626769704e-06,0.000143776020903137,5.99684368684534,"7938519"
-2.241145,9.55787833333333,-20.379914155479,1.94629853070136e-06,0.000144013115948363,5.99274299500629,"8021081"
2.301675,8.83645166666667,20.3498301040314,1.96216144288742e-06,0.000144864943600493,5.98414534624174,"7909789"
2.21425,9.4005,20.3282358548603,1.9736417168608e-06,0.00014539015098742,5.97796478790429,"7936463"
-2.11147,9.295565,-20.3107475950853,1.98299711000998e-06,0.00014575685380133,5.9729537777136,"8102482"
-2.287985,5.08879666666667,-20.2913177083018,1.99345249956836e-06,0.000146202616471647,5.96738049254359,"8056408"
1.988115,5.95243166666667,20.2756595015993,2.00192558365582e-06,0.000146501354195578,5.96288453045534,"8038326"
2.75216,7.12119,20.2241176766491,2.03011744057231e-06,0.000148238641269158,5.94805650542407,"8146967"
2.03818,8.69974166666667,20.19433468689,2.04662098029725e-06,0.0001491167150568,5.93946809759066,"7962375"
2.721385,7.51030833333333,20.1707885301161,2.05978044697402e-06,0.000149323814980304,5.93266769490801,"7943892"
3.12816,3.688085,20.1390623086204,2.07766952527936e-06,0.000149323814980304,5.92349011256371,"8121251"
-1.94499,10.4265866666667,-20.1357958374356,2.07952171992594e-06,0.000149323814980304,5.92254424749794,"8030383"
1.9492,10.9429333333333,20.1325744885706,2.08135023365967e-06,0.000149323814980304,5.92161127290923,"7919642"
-2.23793,9.96317333333333,-20.1209599424097,2.08795866507992e-06,0.000149323814980304,5.91824599317792,"7986517"
-2.23793,9.96317333333333,-20.1209599424097,2.08795866507992e-06,0.000149323814980304,5.91824599317792,"7986522"
3.415155,5.68136333333333,20.1204952159755,2.08822359836589e-06,0.000149323814980304,5.91811129290942,"8067844"
2.453295,7.08735166666667,20.1142034511165,2.09181433472819e-06,0.000149323814980304,5.91628727666298,"7918223"
-2.15082,10.412605,-20.1074445785374,2.09567975611305e-06,0.000149323814980304,5.91432710124062,"7963786"
2.48387,4.50594666666667,20.1067800995601,2.09606022780926e-06,0.000149323814980304,5.91413435075346,"7948058"
2.56258,8.44056166666667,20.1020097631258,2.09879404783561e-06,0.000149323814980304,5.9127503645611,"8152582"
2.58642,5.78095,20.0899007573415,2.10575244824354e-06,0.000149499444070714,5.90923553676564,"8096116"
-2.096785,10.515905,-20.05105455622,2.12825940504206e-06,0.000150475404752291,5.89794311681806,"8069301"
2.164255,8.81518333333333,20.0491186750813,2.12938841964391e-06,0.000150475404752291,5.89737969736429,"8008922"
-1.888795,9.78544666666667,-20.0428370321127,2.13305676316428e-06,0.000150475404752291,5.89555104909159,"8163637"
-1.985475,10.739425,-20.0058641369138,2.15479958125685e-06,0.000151687868196849,5.88477431901533,"8127563"
1.930215,8.401205,19.9550470315195,2.18511126463287e-06,0.000153497151431394,5.86992440520551,"8100495"
-2.23618,9.38402,-19.9329115616034,2.19847160358294e-06,0.000154059072563377,5.8634421450317,"7958253"
-2.65666,6.43871,-19.9264921905688,2.20236413311011e-06,0.000154059072563377,5.86156069763821,"7976795"
-2.552885,5.77173666666667,-19.8978567337988,2.21982705027698e-06,0.000154955097050467,5.85315936182644,"7971104"
-2.439265,7.01900666666667,-19.8858035943226,2.22722621630038e-06,0.000155042508227108,5.84961889388224,"8095585"
-2.59841,7.36467166666667,-19.8806610209112,2.23039197047135e-06,0.000155042508227108,5.84810756395183,"7936856"
-2.69075,9.15085333333333,-19.8709491465506,2.23638504009516e-06,0.000155097605229555,5.84525214076719,"7965573"
2.27662,6.50578666666667,19.8642975616203,2.24050058910461e-06,0.000155097605229555,5.84329554813105,"7961083"
-2.402485,9.313595,-19.8550845506179,2.24621571736799e-06,0.000155170632243157,5.84058424274058,"8020903"
2.765285,6.653625,19.8434013037902,2.25348792279428e-06,0.000155350698478843,5.8371438661361,"8022428"
2.21765,6.92816333333333,19.823472236433,2.26595680865038e-06,0.000155887528631471,5.83126990071678,"7953765"
-2.35101,7.41934,-19.8046396164052,2.27781442060677e-06,0.000155903094425448,5.82571279967073,"8107673"
3.543915,5.35996166666667,19.7987996791284,2.28150626293657e-06,0.000155903094425448,5.82398831331902,"7978801"
2.110205,9.12545,19.7922079415326,2.28568184141052e-06,0.000155903094425448,5.82204111680367,"8148448"
-2.009525,8.84786,-19.7812937644106,2.29261530157293e-06,0.000155903094425448,5.81881541782071,"8121749"
-2.85025,5.96543333333333,-19.7811809799462,2.2926870794696e-06,0.000155903094425448,5.81878207344545,"8112045"
-2.24857,9.037275,-19.7786849854994,2.29427624916568e-06,0.000155903094425448,5.8180440839903,"8092177"
2.141335,5.99994166666667,19.7643855306466,2.30340558519775e-06,0.000155915368178801,5.81381408696355,"8151684"
-3.806145,5.67054333333333,-19.7547384798823,2.30958881335374e-06,0.000155915368178801,5.81095833567103,"7931832"
2.33427,5.974125,19.7539371674162,2.31010328921585e-06,0.000155915368178801,5.81072105578094,"8121257"
2.5108,5.559225,19.7476572667879,2.31413992306985e-06,0.000155915368178801,5.80886110217044,"8022711"
-3.38688,6.12660666666667,-19.7418662151272,2.3178696954232e-06,0.000155915368178801,5.80714532557281,"7913593"
2.718665,6.82677333333333,19.7220856965029,2.33066299252362e-06,0.000156161304793692,5.80128033567904,"8078397"
-2.1878,7.73654666666667,-19.7184575319862,2.33301856897104e-06,0.000156161304793692,5.80020383250847,"7974366"
2.22855,5.62600166666667,19.7003223173,2.34483492730837e-06,0.000156161304793692,5.79481953606334,"7964759"
-2.359655,7.08597166666667,-19.6966431504592,2.34724075327054e-06,0.000156161304793692,5.79372650034233,"8114797"
2.55499,5.64640333333333,19.6873015470513,2.35336234789308e-06,0.000156161304793692,5.79095016020015,"8140752"
-4.25956,7.83983833333333,-19.6855069148187,2.35454053035943e-06,0.000156161304793692,5.79041661770061,"8176719"
-2.750045,8.05043333333333,-19.6821765464781,2.35672877020759e-06,0.000156161304793692,5.78942635292767,"8171297"
-2.13411,4.88367,-19.6786546682872,2.35904544887609e-06,0.000156161304793692,5.78837893263956,"7908312"
-3.592995,8.26118166666667,-19.6639551894165,2.36874371524807e-06,0.000156409658334953,5.78400490447772,"8163202"
2.15496,6.096395,19.6587457416458,2.37219201306878e-06,0.000156409658334953,5.78245385400783,"8083146"
-1.87999,6.60146833333333,-19.6320141006773,2.38997980507578e-06,0.000157060462166417,5.77448733467851,"7955441"
-1.868755,9.97204833333333,-19.6240268806341,2.39532511488161e-06,0.000157060462166417,5.77210455956586,"7961546"
2.297365,7.47885666666667,19.6227017215298,2.39621331593055e-06,0.000157060462166417,5.77170912494726,"7984569"
2.60145,5.73255333333333,19.612073052359,2.40335133567952e-06,0.000157218839733047,5.7685363542814,"8123744"
-2.115165,7.11692166666667,-19.5655623876062,2.43488308861404e-06,0.00015893331697468,5.75462898855828,"8046906"
-1.93729,8.07883,-19.557903207487,2.44012220249861e-06,0.00015893331697468,5.75233511577101,"8147469"
2.915505,6.54067333333333,19.5524221303543,2.44387957747052e-06,0.00015893331697468,5.75069293249483,"8045210"
-5.648945,6.94587,-19.519783970129,2.4663952218064e-06,0.000160084915595492,5.74090319620712,"8104758"
-2.2497,9.9052,-19.456839338769,2.51051163897943e-06,0.000162000980703679,5.72196959935126,"7986509"
-2.2497,9.9052,-19.456839338769,2.51051163897943e-06,0.000162000980703679,5.72196959935126,"7986512"
-2.2497,9.9052,-19.456839338769,2.51051163897943e-06,0.000162000980703679,5.72196959935126,"7986527"
-4.00734,5.10515833333333,-19.4218746430818,2.53541887803673e-06,0.000162916739657102,5.71142173079665,"8041508"
-1.84675,12.8132666666667,-19.4197573757416,2.53693644317017e-06,0.000162916739657102,5.71078230729618,"8058765"
1.83314,7.65132166666667,19.4163491446733,2.53938156236406e-06,0.000162916739657102,5.70975283849929,"8176286"
2.74993,4.74224333333333,19.3989961784825,2.55187397628026e-06,0.000163100586054193,5.70450807731794,"7938951"
2.846075,6.25001833333333,19.3987608476405,2.55204388786481e-06,0.000163100586054193,5.70443691374061,"8023926"
1.9049,9.44078,19.372279660152,2.57124899536957e-06,0.000164013175859809,5.69642269253722,"7933707"
-3.025495,6.99339666666667,-19.3521035506593,2.58599572817575e-06,0.000164607712644937,5.69030815057958,"7949954"
-3.92716,6.59066833333333,-19.3285734968852,2.60331985034574e-06,0.000164607712644937,5.68316788410874,"7968351"
-2.8706,6.09738,-19.3274186649276,2.60417361372639e-06,0.000164607712644937,5.68281718915065,"8154245"
2.07567,7.86804,19.3266146844872,2.60476818843903e-06,0.000164607712644937,5.68257302519428,"7979241"
1.938535,6.39236,19.3259123801988,2.60528770051e-06,0.000164607712644937,5.68235973009428,"8052872"
-1.9323,9.96073333333333,-19.3190688275901,2.61035644043805e-06,0.000164615603025125,5.68028082431202,"8106252"
2.708255,9.09639,19.3010475184168,2.62375974126213e-06,0.00016514806825105,5.67480232801019,"7951485"
-1.87638,7.50951,-19.2783143354775,2.64078325859881e-06,0.000165697984539158,5.66788301369674,"7995007"
-2.231205,9.93479833333333,-19.2760989625621,2.64244916329678e-06,0.000165697984539158,5.66720821713572,"7986520"
5.617145,5.55264166666667,19.2594746307675,2.65498980696433e-06,0.000165743046572932,5.66214164252105,"8175353"
-2.624795,6.05894833333333,-19.2557606534788,2.65780103310946e-06,0.000165743046572932,5.66100905134484,"8150076"
-4.339755,6.99350666666667,-19.2497752660212,2.66233894091929e-06,0.000165743046572932,5.65918325640588,"8056102"
-2.614025,8.48390833333333,-19.2461164916193,2.66511738676003e-06,0.000165743046572932,5.65806685477686,"7922689"
-2.156845,11.1823683333333,-19.2422511996123,2.66805637033641e-06,0.000165743046572932,5.65688717331801,"8046333"
4.08548,4.50873,19.221395077951,2.68398038027662e-06,0.000166421777880951,5.65051721108004,"8161415"
2.140985,6.50098666666667,19.2044427313443,2.69700629093589e-06,0.000166918621690134,5.64533369997019,"8044391"
-1.82593,8.58226,-19.178065184892,2.71742271255664e-06,0.000167870174508346,5.63725778652494,"8001449"
2.783555,5.88844666666667,19.14459989498,2.74358761276618e-06,0.000168935215623756,5.62699346709916,"8170531"
-3.019205,8.19414666666667,-19.1395671185709,2.74754810951304e-06,0.000168935215623756,5.62544805541322,"7945663"
2.59611,4.254835,19.1366028296081,2.74988397958001e-06,0.000168935215623756,5.62453759467022,"8091515"
-2.17888,8.95833833333333,-19.0815332668231,2.79370719339893e-06,0.000171311359886932,5.60759387520386,"8150698"
2.10866,6.952775,19.0614762137701,2.80987212753767e-06,0.000171985868070996,5.60140881487003,"8167163"
-2.500135,7.25161833333333,-19.0265308910868,2.83830012220418e-06,0.000173271924887831,5.59061476960613,"8140556"
-3.19011,6.55481,-19.0203926371545,2.84332848726732e-06,0.000173271924887831,5.58871641704933,"7952309"
3.16102,4.842365,19.0165337897838,2.84649496692326e-06,0.000173271924887831,5.58752264792869,"8023828"
2.7569,5.95199666666667,19.0008650742655,2.85939508227708e-06,0.000173731844517972,5.58267253818333,"8130674"
4.25949,5.478975,18.9927238751377,2.86612493511056e-06,0.000173731844517972,5.58015069507525,"8168589"
-2.268205,8.19555333333333,-18.9884041026349,2.86970341126481e-06,0.000173731844517972,5.57881208634748,"7986385"
2.85947,8.10863,18.9607178831821,2.89276384795104e-06,0.000174592406140214,5.57022441166191,"8027402"
2.245765,8.29501,18.9536199073103,2.89871099863774e-06,0.000174592406140214,5.56802045987975,"8075063"
1.823575,8.49622,18.9494235719959,2.90223373572435e-06,0.000174592406140214,5.56671703567803,"7926259"
-2.05488,5.62088333333333,-18.9462608320728,2.90489212246384e-06,0.000174592406140214,5.56573443842644,"7940479"
2.006825,7.52124166666667,18.9159643861371,2.93050310285845e-06,0.00017566495758122,5.55631244904065,"7927202"
2.499055,6.08454666666667,18.9126878887288,2.93328877722192e-06,0.00017566495758122,5.55529244667437,"8160531"
-2.443955,7.42041333333333,-18.8757078394856,2.96494635382245e-06,0.000177242044422309,5.5437662098095,"8049752"
-2.32826,6.64107666666667,-18.8611441882263,2.97752418703044e-06,0.000177619279445409,5.53921981113999,"7919606"
2.022855,9.72348,18.8473224297494,2.98951943357914e-06,0.000177619279445409,5.53490130236123,"8124385"
-2.93311,6.962075,-18.8466310423126,2.99012094863317e-06,0.000177619279445409,5.53468518836744,"7925062"
2.476665,5.38373,18.8383591928548,2.99732861645728e-06,0.000177619279445409,5.53209887008741,"7951479"
-1.80835,11.3412666666667,-18.8376714583625,2.99792879383488e-06,0.000177619279445409,5.53188378116084,"7892836"
-2.55617,6.92541666666667,-18.8261438483133,3.00800989150192e-06,0.000177846224821919,5.52827718664875,"8001197"
-2.174355,8.223105,-18.8210905329365,3.01244168542398e-06,0.000177846224821919,5.5266953824284,"7919028"
-2.99292,6.81478,-18.8010520316048,3.03009145502611e-06,0.000178571602084964,5.52041809413264,"7986789"
2.154745,6.22352666666667,18.7841640967079,3.04506083634816e-06,0.00017881337542195,5.5151218258265,"8052940"
-1.93625,10.5092,-18.7839389561059,3.04526098723715e-06,0.00017881337542195,5.51505118222284,"8058927"
2.283145,8.05601833333333,18.7782712030693,3.05030474936683e-06,0.00017881337542195,5.51327246195971,"8123651"
-2.497635,6.33559166666667,-18.7645408377098,3.06256430363726e-06,0.000179216526569789,5.50896089930196,"8117343"
3.286845,7.80871833333333,18.7484603597283,3.07699606054707e-06,0.000179745154084274,5.50390678637654,"8039340"
1.7583,11.0764833333333,18.7254984290943,3.09774276850942e-06,0.000180640176817965,5.49668125281589,"7982531"
2.45952,7.59772333333333,18.714121993924,3.10808267277797e-06,0.000180705436953411,5.49309763762387,"7961891"
-2.893435,6.03467833333333,-18.702941958313,3.11828368527682e-06,0.000180705436953411,5.48957347016213,"8060897"
-1.92649,8.03244833333333,-18.7012010859415,3.1198756561482e-06,0.000180705436953411,5.48902449698131,"8127778"
2.18515,8.46503,18.7004418973154,3.12057020897411e-06,0.000180705436953411,5.48878507338387,"7985873"
-2.18412,9.34000666666667,-18.6807112663652,3.13868502632006e-06,0.000181438880766283,5.48255878384968,"8102792"
1.912875,5.01835166666667,18.6389242848833,3.17746032747965e-06,0.000183362039036551,5.46934753606713,"8133976"
-1.825225,6.79232666666667,-18.6015232074355,3.21264492170942e-06,0.000185071691969132,5.4574943114436,"8096160"
-2.88326,8.13725833333333,-18.5840134047036,3.22927458948043e-06,0.000185494539517364,5.45193575221659,"8088848"
-1.886215,8.36643833333333,-18.574796393675,3.23806901408516e-06,0.000185494539517364,5.44900738180065,"8092839"
2.283725,5.44557,18.5732305659488,3.23956585160976e-06,0.000185494539517364,5.44850973281541,"8108733"
1.810275,7.023145,18.570405263822,3.24226873289203e-06,0.000185494539517364,5.44761167895335,"7975167"
-2.10473,9.38771666666667,-18.5589667364527,3.25323879743507e-06,0.000185802902638415,5.44397422780292,"8136347"
-1.78953,10.32399,-18.5433219934131,3.26831365548728e-06,0.000186344246210206,5.43899507395208,"8057620"
2.20884,5.37709,18.5248913700604,3.28617855720477e-06,0.000186927777547904,5.43312315036257,"8101429"
2.424475,7.40525666666667,18.521194086745,3.28977618533416e-06,0.000186927777547904,5.43194441164268,"8037363"
1.82449,8.61206666666667,18.4859611175189,3.32429317611386e-06,0.00018769607664684,5.42069829519299,"7934979"
-1.801245,8.61612166666667,-18.4847711326602,3.32546640278782e-06,0.00018769607664684,5.42031803579236,"8006433"
-2.247,7.57567166666667,-18.4836455239664,3.3265766085687e-06,0.00018769607664684,5.41995832221692,"8113039"
-1.896845,8.30446666666667,-18.4825280771055,3.32767919587754e-06,0.00018769607664684,5.41960119235222,"7983228"
-2.706995,7.65887166666667,-18.4736720279391,3.33643271360196e-06,0.00018769607664684,5.41676998108174,"8110932"
-1.93218,7.93842333333333,-18.4729250474935,3.33717228484701e-06,0.00018769607664684,5.41653110672542,"7989037"
-2.42845,8.55640833333333,-18.4628789377641,3.34713752630902e-06,0.00018769607664684,5.41331743015999,"7936968"
2.191285,7.29327,18.4588302620943,3.35116351359711e-06,0.00018769607664684,5.41202172781988,"8126839"
-2.95581,8.41921833333333,-18.4559502451184,3.35403086178543e-06,0.00018769607664684,5.41109983646038,"8072678"
-2.501355,8.82954666666667,-18.4346894531077,3.37528773403216e-06,0.00018827570350807,5.40428922096972,"8088180"
2.866395,7.128375,18.4342813010509,3.37569735995189e-06,0.00018827570350807,5.40415838770666,"7979663"
2.084825,7.68282166666667,18.4270058715689,3.38300889096357e-06,0.000188367971642833,5.40182569549682,"7934026"
2.10115,9.56069833333333,18.4207170299207,3.38934396621e-06,0.000188405652826201,5.39980848765895,"7928171"
-1.731895,9.85808833333333,-18.4135681894349,3.39656233310047e-06,0.000188492226675411,5.39751447856845,"7963187"
-2.55881,6.41389333333333,-18.3929207059643,3.41751247801301e-06,0.000189167700007867,5.39088318553191,"8171172"
-2.26552,5.94954,-18.3882331025193,3.42228996325032e-06,0.000189167700007867,5.38937650663512,"8005171"
2.46384,4.939075,18.3848157562897,3.42577779093442e-06,0.000189167700007867,5.38827783670683,"8140620"
-3.68689,7.15488,-18.3790330585072,3.4316892919614e-06,0.000189180394626554,5.38641818403479,"8149749"
2.24576,7.43778166666667,18.3634160839163,3.44771422950758e-06,0.000189749654049444,5.38139262186492,"7977621"
-2.1943,6.50107833333333,-18.3246679329931,3.48785658904489e-06,0.000191642179612917,5.36890249313742,"7991080"
2.23857,7.34615166666667,18.2869816962698,3.52742769216917e-06,0.000193497133222663,5.35672596362684,"8042356"
1.91269,8.36035666666667,18.28030791443,3.53449022895754e-06,0.000193565659792104,5.35456668815922,"7897378"
2.07813,8.55029833333333,18.2482968167025,3.5685983185946e-06,0.000195112673586608,5.34419722229905,"8117330"
1.73156,7.745675,18.2335412500887,3.58445089287888e-06,0.000195658133410145,5.3394104766712,"8145636"
-1.73048,11.1628733333333,-18.1970331568975,3.62403085576797e-06,0.00019749485336253,5.32754832295908,"8094460"
1.866075,6.73063833333333,18.1694006181806,3.65433081594607e-06,0.000198646528437841,5.3185521221904,"8068180"
-2.02416,7.28371166666667,-18.1628956302786,3.66150705121778e-06,0.000198646528437841,5.31643207737193,"8071861"
2.84826,4.08574166666667,18.1614882949482,3.66306179117741e-06,0.000198646528437841,5.31597329908115,"8095616"
2.049595,8.91794333333333,18.1442530440641,3.68216544983533e-06,0.000199357825988889,5.31035151150867,"8071212"
-1.90794,8.21899333333333,-18.117899326122,3.71160335498608e-06,0.000200625417063265,5.30174381014644,"7953012"
2.970865,6.214295,18.1108775150167,3.71949362108408e-06,0.00020063003935463,5.29944795096302,"7986605"
3.12768,7.42348333333333,18.1022966466271,3.72916259406622e-06,0.00020063003935463,5.29664097801981,"8067864"
3.18008,5.05499,18.1017598301812,3.72976846485653e-06,0.00020063003935463,5.29646532482701,"8108713"
-1.829405,9.46170666666667,-18.0964295178092,3.73579074390698e-06,0.00020063003935463,5.29472085996359,"8061114"
2.373175,5.90505666666667,18.0904846718064,3.74252084203152e-06,0.000200667820414048,5.29277459194549,"8139921"
4.034795,4.42124,18.0769178149439,3.75793326799698e-06,0.000201170263704976,5.28833027293892,"8155591"
-2.43777,6.745095,-18.0702240594483,3.76556513212924e-06,0.000201255252334683,5.28613610446557,"8083779"
-1.741215,8.996525,-18.058137772537,3.7793915418113e-06,0.000201670513089248,5.28217198023844,"7930682"
2.69525,8.461565,18.019245914805,3.8242902016924e-06,0.000203483524087815,5.26939572066956,"8141206"
2.859525,6.539655,18.0181276187084,3.82559047598799e-06,0.000203483524087815,5.26902789324926,"7932082"
2.17676,9.53398,17.9988055865608,3.84813913928302e-06,0.000204356441659819,5.2626684747416,"8113800"
-2.11558,7.50072166666667,-17.9823077463826,3.86751590239583e-06,0.000204929255049799,5.25723249487672,"8114476"
-2.42636,6.42755333333333,-17.9747817471704,3.87639334824001e-06,0.000204929255049799,5.25475084144477,"8041542"
1.97784,9.30932833333333,17.9687618647979,3.88351149468409e-06,0.000204929255049799,5.25276497982625,"8124380"
2.279515,6.600465,17.9669696864483,3.88563360871479e-06,0.000204929255049799,5.25217362472795,"8057677"
1.8095,7.9268,17.9635400440231,3.88969844705148e-06,0.000204929255049799,5.25104177981688,"8008682"
1.964135,9.00808166666667,17.9516538206603,3.90382488030434e-06,0.000205069141017368,5.24711722724528,"8111941"
2.23509,7.58391,17.9509433597777,3.90467115370787e-06,0.000205069141017368,5.24688255719017,"7974920"
2.017285,6.56135,17.9424366221423,3.91482084193936e-06,0.000205278408778039,5.24407191288431,"7910022"
3.128145,5.18465666666667,17.9304532609016,3.92917135379097e-06,0.0002054353353409,5.24011004293417,"7977447"
1.9148,6.52064,17.9296353185498,3.93015312527114e-06,0.0002054353353409,5.23983951107179,"7977761"
2.521825,7.50884,17.9171332186471,3.94519532401483e-06,0.000205898383548153,5.23570275425861,"7952205"
-2.321095,7.65451333333333,-17.8931416500282,3.97425160341799e-06,0.000207090227917072,5.2277552161127,"7962058"
1.995005,9.66653833333333,17.8667854641761,4.00646254221603e-06,0.000208233107649477,5.21901056147035,"8072645"
2.52821,5.71099333333333,17.864970366136,4.00869213452607e-06,0.000208233107649477,5.21840780164382,"8140782"
2.036705,8.92456,17.8423022145632,4.03666015917385e-06,0.000209027415080566,5.2108743424587,"7979281"
-1.82508,9.15102333333333,-17.8380728156165,4.04190379613465e-06,0.000209027415080566,5.20946756917644,"8157216"
-1.780715,9.06452833333333,-17.8373374469701,4.04281632915532e-06,0.000209027415080566,5.20922293430609,"7992967"
-2.243915,10.01067,-17.8187185237019,4.06600191794227e-06,0.000209900257149959,5.20302521067817,"7917347"
-1.791575,7.95582166666667,-17.8133131898453,4.0727623123343e-06,0.000209923787482655,5.20122456441825,"8112107"
-1.82943,8.09342666666667,-17.8024848822488,4.08634500831111e-06,0.000210298345814119,5.1976155519666,"8118116"
2.832765,7.15072,17.7846652197116,4.10881370891373e-06,0.000210608281002677,5.19167100083396,"8099172"
2.65674,9.42313666666667,17.7836361375832,4.11011570791887e-06,0.000210608281002677,5.19132750025539,"8140668"
-3.72602,6.38264666666667,-17.7762443115625,4.11948216380978e-06,0.000210608281002677,5.1888595044257,"8139087"
1.88265,8.22855666666667,17.773153153976,4.12340653324862e-06,0.000210608281002677,5.18782708227518,"8131387"
-3.091765,5.92075166666667,-17.7719885783101,4.12488615784168e-06,0.000210608281002677,5.18743807104623,"7918467"
-2.055045,4.86418166666667,-17.7602869183392,4.13978817467008e-06,0.000210608281002677,5.18352769900058,"7952313"
2.04423,9.06902,17.7590611493786,4.14135285050373e-06,0.000210608281002677,5.18311791381432,"7903032"
3.204675,8.09529833333333,17.7577959745901,4.14296855743021e-06,0.000210608281002677,5.18269492168821,"7953200"
-1.84656,8.84371,-17.7430270596633,4.16188437633348e-06,0.000211247353778622,5.17775465912015,"8175023"
2.082635,6.48136833333333,17.7284464749721,4.18065879174903e-06,0.000211721509881386,5.17287287421914,"8155359"
-1.7603,10.4607316666667,-17.7259037350498,4.18394310304088e-06,0.000211721509881386,5.1720210687749,"7942123"
2.00695,7.763175,17.7089924574127,4.20586386921742e-06,0.000212507813737986,5.16635239103907,"8085754"
3.25864,6.60226666666667,17.6950375826203,4.22405434225123e-06,0.000212569258272276,5.16167013808971,"8107307"
2.493585,7.54645333333333,17.694350018284,4.22495298814107e-06,0.000212569258272276,5.16143933411693,"8117382"
-1.684355,8.70495,-17.6933716807769,4.22623206223524e-06,0.000212569258272276,5.16111090510224,"8083282"
2.24496,6.48893666666667,17.6756999116966,4.2494147206805e-06,0.000213091508967618,5.15517497162874,"8155540"
2.24496,6.48893666666667,17.6756999116966,4.2494147206805e-06,0.000213091508967618,5.15517497162874,"8161460"
-2.706895,6.35817666666667,-17.6632913959707,4.26578227323033e-06,0.000213590605040226,5.15100299235576,"8086517"
2.39205,6.87794833333333,17.6507554791823,4.28239328508204e-06,0.000213658603345637,5.14678484887883,"8113130"
-1.84265,8.95308666666667,-17.6505595387565,4.28265352428605e-06,0.000213658603345637,5.14671889134943,"8146285"
-2.155185,6.53622166666667,-17.6477473657956,4.28639057677525e-06,0.000213658603345637,5.14577216658188,"8045664"
2.21235,5.499575,17.6293967190335,4.31087093287771e-06,0.000214054691029421,5.13959023358228,"8170249"
2.21235,5.499575,17.6293967190335,4.31087093287771e-06,0.000214054691029421,5.13959023358228,"8175550"
1.94194,7.09477833333333,17.6273415876313,4.31362277925162e-06,0.000214054691029421,5.1388974567727,"8022176"
2.764595,8.153105,17.5918137736674,4.36152339306068e-06,0.000215983788714106,5.1269068829697,"8058857"
2.65846,6.65458,17.5815927873992,4.37541969622306e-06,0.000215983788714106,5.12345230733088,"8105908"
1.774615,8.10652166666667,17.5815263220345,4.37551023196695e-06,0.000215983788714106,5.12342983546412,"8110265"
1.801805,6.733125,17.5793732534729,4.37844422566663e-06,0.000215983788714106,5.12270183403622,"8033257"
-1.67443,8.47781333333333,-17.5690142777106,4.39259285230762e-06,0.000216054661045689,5.11919783648042,"7931728"
-1.95694,8.6404,-17.5688202450425,4.39285838147375e-06,0.000216054661045689,5.11913218153811,"7986446"
-1.87377,4.54223666666667,-17.5332948933198,4.44179399107936e-06,0.000218139254455707,5.10709778939518,"7976826"
2.10774,7.55398166666667,17.5143536074038,4.46814748447423e-06,0.000218425415933115,5.10067020743216,"8180325"
1.88449,10.23517,17.5136913943649,4.46907216297809e-06,0.000218425415933115,5.10044535018857,"8008784"
2.019255,5.53860833333333,17.5113728663825,4.47231140554663e-06,0.000218425415933115,5.09965800946051,"8022420"
-1.793805,8.77765833333333,-17.5101295048947,4.4740496588165e-06,0.000218425415933115,5.09923573283101,"8089015"
-2.284005,7.90528166666667,-17.5055773885363,4.48042043073902e-06,0.000218425415933115,5.09768943499019,"7925130"
1.79822,6.96568166666667,17.4823625291125,4.51307662509062e-06,0.000219695778341582,5.08979665338192,"8131143"
-2.092595,7.98023,-17.4687367357388,4.53237441293624e-06,0.000219843728490102,5.08515859918141,"8158866"
2.899665,6.386725,17.4669246094548,4.53494818201869e-06,0.000219843728490102,5.08454146969663,"7967700"
-1.810675,9.84050833333333,-17.4662382986616,4.53592340068776e-06,0.000219843728490102,5.0843077241861,"8100347"
-2.000875,6.38261333333333,-17.4398069514561,4.57366973894089e-06,0.000221350990258016,5.07529787280135,"8088911"
3.08761,5.30118833333333,17.4260756230686,4.59342519341438e-06,0.00022198443928174,5.070611166251,"8109677"
1.960215,5.694035,17.4149481325114,4.60950817573735e-06,0.000222438831489169,5.06681017056398,"7981142"
-2.831695,7.56535833333333,-17.3904107720051,4.64520776857795e-06,0.00022325139943785,5.05841898691724,"7977933"
1.839935,6.46264666666667,17.3904064118409,4.64521414107225e-06,0.00022325139943785,5.05841749467577,"8117543"
-4.414945,6.37421333333333,-17.3895532639721,4.64646123706129e-06,0.00022325139943785,5.05812550164571,"8160346"
2.539115,5.45398833333333,17.3826581866996,4.65655464941586e-06,0.000223353467409176,5.05576505060427,"8041853"
2.0261,9.29795,17.3789446866902,4.66200137698222e-06,0.000223353467409176,5.05449334454119,"8134098"
-2.4337,6.47420333333333,-17.3722596534386,4.67182547465943e-06,0.00022350254716916,5.05220326031364,"8124394"
2.12882,6.00328166666667,17.3573551472476,4.69381649183645e-06,0.000224176167480725,5.0470939092406,"8092726"
1.706535,9.308945,17.3491005449398,4.70604825541515e-06,0.000224176167480725,5.04426208360983,"8069933"
-2.609355,7.18676166666667,-17.3490630608304,4.70610388530578e-06,0.000224176167480725,5.04424922088591,"7907893"
2.7581,5.45875166666667,17.3418741854793,4.71678716571031e-06,0.000224315489546442,5.04178177691162,"8166747"
-1.822245,9.85185166666667,-17.3380363027511,4.72250227263886e-06,0.000224315489546442,5.04046403135532,"8111101"
-1.680095,10.4169016666667,-17.3252858301194,4.74154799317639e-06,0.000224486784941921,5.0360837987598,"8135594"
-1.7634,11.0910166666667,-17.3235251396565,4.74418508149009e-06,0.000224486784941921,5.03547865852654,"7947425"
-2.264245,8.22456833333333,-17.3220909659965,4.74633440247206e-06,0.000224486784941921,5.03498568991,"8088979"
-1.771225,9.73008166666667,-17.312320999987,4.76100667527878e-06,0.000224861332293273,5.0316262511997,"7931778"
2.656725,5.56247666666667,17.3048514963013,4.77226019314944e-06,0.000224914419005789,5.02905641342752,"7946365"
3.422475,6.92686,17.3026120205024,4.77564027501254e-06,0.000224914419005789,5.02828569508027,"8149835"
-2.41265,10.835165,-17.2915381901691,4.79239568412556e-06,0.000225384744483515,5.02447299303362,"8059376"
-3.108635,7.47802333333333,-17.2736208531869,4.81965253421703e-06,0.000226215374299456,5.01829833426325,"8160431"
-1.91843,9.31789,-17.2672568221697,4.82937773836929e-06,0.000226215374299456,5.01610345467939,"8180359"
-1.76026,10.51233,-17.2627599284422,4.83626360155923e-06,0.000226215374299456,5.01455198713686,"7948995"
-2.22,7.97349,-17.2621274702997,4.83723297898346e-06,0.000226215374299456,5.01433374756884,"7920971"
1.69347,8.39291666666667,17.2294497152516,4.88763123682783e-06,0.000228251693257582,5.00304568409034,"8010673"
-1.72271,9.72228,-17.163177446501,4.99175204781092e-06,0.000232743335273145,4.98007976703222,"8092707"
2.0545,6.057105,17.1593829964812,4.99779213503614e-06,0.000232743335273145,4.97876186794274,"8095907"
1.73673,8.85427166666667,17.1543268330948,5.00585401802454e-06,0.00023279318608682,4.97700524499688,"7893790"
2.07439,7.54232,17.1465106291303,5.01834683281898e-06,0.00023304866735338,4.97428859359372,"8180327"
1.759545,7.63020333333333,17.1341004889252,5.03825770645779e-06,0.000233647446868977,4.96997242341556,"8165711"
1.61731,8.75131833333333,17.1118684974294,5.07415976477782e-06,0.000234350717436444,4.96223160868986,"8121087"
1.849595,7.00589833333333,17.1048364817836,5.08557826889286e-06,0.000234350717436444,4.95978085748775,"7917976"
1.85473,7.28725833333333,17.104150754225,5.08669336270518e-06,0.000234350717436444,4.95954181259751,"7910611"
3.06276,6.13257666666667,17.100042422304,5.09338014420303e-06,0.000234350717436444,4.95810942426426,"8053753"
-2.26218,5.87626333333333,-17.0986481438893,5.09565184322868e-06,0.000234350717436444,4.95762321625455,"7898405"
-2.26218,5.87626333333333,-17.0986481438893,5.09565184322868e-06,0.000234350717436444,4.95762321625455,"7912806"
-2.20449,6.27286666666667,-17.0703172057525,5.14207078429657e-06,0.000236159352972031,4.9477342319779,"8005097"
1.74215,10.2944,17.0559484308429,5.16580349593313e-06,0.000236768308392806,4.94271183165062,"8107706"
1.731785,8.88174,17.0536862663195,5.16955161730997e-06,0.000236768308392806,4.94192069784713,"8153390"
-2.41173,7.59177666666667,-17.0258787504649,5.21588765715112e-06,0.000238562378187034,4.93218624200317,"7968015"
2.19693,6.60096166666667,17.0175543611115,5.22985364705749e-06,0.000238873027278564,4.92926873994828,"8151496"
2.316955,6.66739666666667,16.9920350222121,5.27294302223273e-06,0.000240511210700388,4.92031497384553,"8020164"
3.53231,4.42001666666667,16.9787233685466,5.29558550173076e-06,0.000240758078819816,4.91563852152447,"7919787"
-1.694605,10.0812483333333,-16.9786556338589,5.29570100743101e-06,0.000240758078819816,4.91561471562426,"7973336"
-3.289455,7.10719333333333,-16.9761082059085,5.30004720470088e-06,0.000240758078819816,4.91471932542969,"8176578"
2.05256,7.80690166666667,16.9698170119226,5.31079868379535e-06,0.000240917798057675,4.9125074106296,"8038126"
2.741815,4.96926,16.954452826466,5.33716372835071e-06,0.000241616440881855,4.90710172273088,"8149500"
-1.63228,9.97653666666667,-16.9523916709883,5.34071239117775e-06,0.000241616440881855,4.90637612060729,"8055688"
2.330725,7.57996,16.9476965727666,5.34880624902084e-06,0.000241654276355016,4.90472291056917,"7950307"
1.810995,6.43579833333333,16.9035936770717,5.42554396950408e-06,0.000244789075274495,4.88916894032012,"8117537"
-3.48813,6.70658833333333,-16.8965520506452,5.43791579373724e-06,0.000245015266825533,4.88668139262018,"7910923"
-2.585095,6.63255666666667,-16.8897092043921,5.44997019067849e-06,0.000245126181541909,4.8842629708851,"8149762"
-1.609195,10.425935,-16.8868019883358,5.45510107584932e-06,0.000245126181541909,4.88323516570015,"7902687"
-1.85795,10.64307,-16.8744932185167,5.47688765187495e-06,0.000245595368215299,4.87888141090617,"7952268"
1.90579,8.70238333333333,16.8725737855826,5.48029427828234e-06,0.000245595368215299,4.8782021695934,"8081241"
2.1402,5.803085,16.831820148937,5.55321616763101e-06,0.000248510923574902,4.86376029796959,"8108749"
-2.07937,9.37265,-16.8279059796061,5.56027984693221e-06,0.000248510923574902,4.86237120551776,"8097256"
-3.694585,5.44159333333333,-16.8110501623731,5.59081965448965e-06,0.000249376518637598,4.85638520586079,"8177222"
-1.74714,7.90507166666667,-16.8089569659141,5.59462592492675e-06,0.000249376518637598,4.85564138843409,"7974461"
-2.17872,6.49895666666667,-16.7731815188565,5.66015390290445e-06,0.000251448451522287,4.84291279174515,"7896727"
-1.632395,7.111215,-16.7716667167191,5.66294835786592e-06,0.000251448451522287,4.84237317884716,"7957551"
1.82514,10.74452,16.7673350162964,5.67094829424769e-06,0.000251448451522287,4.84082981566384,"8018975"
-1.6541,9.8232,-16.7671364422215,5.67131534652484e-06,0.000251448451522287,4.84075905419688,"7906085"
2.108665,6.26714166666667,16.762419926742,5.680041766784e-06,0.000251500466367828,4.83907806238817,"7975268"
-2.120935,9.0218,-16.7580849511426,5.68807620712227e-06,0.000251521744314144,4.83753259440831,"8100541"
1.76933,6.864,16.7428121013642,5.71648965936687e-06,0.000252262740379938,4.83208414354927,"8088264"
1.733905,6.36499333333333,16.7409389945093,5.71998585418666e-06,0.000252262740379938,4.83141555328297,"7975238"
1.85372,8.96217,16.7240007762488,5.75171593729219e-06,0.000253326568206373,4.82536585549986,"8043602"
-1.699,11.0917166666667,-16.7003377710358,5.79639095405111e-06,0.00025432039053876,4.81690302594535,"7945666"
-2.723325,6.33935166666667,-16.6984554606846,5.79996219859672e-06,0.00025432039053876,4.8162292711929,"8106494"
-1.57375000000001,11.4334,-16.6951989713092,5.8061467438518e-06,0.00025432039053876,4.81506344522841,"8165794"
-1.57375000000001,11.4334,-16.6951989713092,5.8061467438518e-06,0.00025432039053876,4.81506344522841,"8176360"
-1.910765,9.79404,-16.691873604005,5.81247010841806e-06,0.00025432039053876,4.81387270298165,"7955694"
-1.879865,8.60088666666667,-16.6746604204466,5.84533174192637e-06,0.000255422586628507,4.80770486380736,"8089261"
2.21508,7.36418,16.6669493171829,5.86012386544005e-06,0.000255733347768751,4.80493954713934,"8017150"
2.25841,8.76156,16.6581263508569,5.87710293268997e-06,0.000256138607787667,4.8017737753951,"8124397"
1.560975,8.86978833333333,16.6342328739531,5.92337542166655e-06,0.000257567152089733,4.79319129452547,"8178435"
1.83202,5.63580666666667,16.6312723569891,5.92913860652095e-06,0.000257567152089733,4.79212694143791,"7931930"
-1.77185,12.1049666666667,-16.6292459222373,5.93308723467056e-06,0.000257567152089733,4.79139828590208,"8180349"
1.600855,8.38133666666667,16.6135595097907,5.96375805511133e-06,0.000258467426930951,4.78575454288035,"7972840"
2.52278,7.38875333333333,16.605970823666,5.97866276069067e-06,0.000258467426930951,4.7830221447815,"8020779"
1.75592,8.187005,16.6050997227356,5.9803764664294e-06,0.000258467426930951,4.78270840670929,"8008754"
-1.81644,9.91405166666667,-16.6028144010709,5.98487509877056e-06,0.000258467426930951,4.78188523322469,"8088958"
-1.792525,10.730325,-16.5884186144358,6.01330478503247e-06,0.000258528968144564,4.77669700753465,"8041383"
-3.403095,6.26504166666667,-16.5862946157188,6.01751282885957e-06,0.000258528968144564,4.77593110263757,"8141950"
2.05148,8.80076333333333,16.585818565381,6.01845645007528e-06,0.000258528968144564,4.77575942615439,"7940147"
-3.124675,7.211595,-16.5814991021956,6.02702640034759e-06,0.000258528968144564,4.77420146517916,"8094134"
1.73871,7.93518666666667,16.574158947935,6.04162245465301e-06,0.000258528968144564,4.77155296836399,"7914433"
-3.23867,6.91365,-16.5726441697118,6.04463979925336e-06,0.000258528968144564,4.77100624136193,"7912692"
3.37806,5.884355,16.5713745921809,6.04717008526668e-06,0.000258528968144564,4.77054797212669,"8059878"
2.05116,6.80324166666667,16.570750303979,6.04841475762427e-06,0.000258528968144564,4.77032261369352,"7900438"
1.75896,10.63013,16.5529423326461,6.0840466177026e-06,0.000259605419011454,4.76389028728153,"8149955"
2.098295,7.28685666666667,16.550380840571,6.08919218692211e-06,0.000259605419011454,4.76296443977302,"8099132"
-1.82867,6.75422166666667,-16.5388181967123,6.11248325196688e-06,0.000260265159642892,4.75878318382576,"7968417"
1.90872,9.27757833333333,16.5240378059816,6.14240877574072e-06,0.000261205344835043,4.75343366682019,"8017283"
-2.670165,6.36399,-16.5077188874157,6.17564979838882e-06,0.000262283943031827,4.74752121262053,"8157487"
-1.624095,8.30481666666667,-16.5023835142674,6.18656363939669e-06,0.000262412750956677,4.74558678215892,"8164200"
-3.65921,3.67078166666667,-16.4715580609299,6.25006524130916e-06,0.000264502929419194,4.73439706396931,"7976814"
-3.677575,6.72387833333333,-16.4707556045116,6.25172854770416e-06,0.000264502929419194,4.73410546416452,"7925452"
-1.883995,8.81764666666667,-16.4612121514183,6.27154990416413e-06,0.000265004818729636,4.730636333711,"8090433"
-1.854345,9.30225833333333,-16.4551880777553,6.28409972889643e-06,0.000265088182023314,4.72844539578891,"7913450"
-1.540015,7.10443333333333,-16.4526263817086,6.28944540944884e-06,0.000265088182023314,4.72751344847618,"8125234"
-2.023595,9.10503333333333,-16.4289725180499,6.33905933349199e-06,0.000266841540616034,4.71890064409541,"8112803"
2.387425,8.56769,16.4213937099876,6.35505318430045e-06,0.000267177027623298,4.71613819210519,"8017262"
1.921235,5.44426166666667,16.4082081816584,6.38299242893177e-06,0.00026801323947811,4.71132878375943,"8083471"
2.453265,9.57518833333333,16.400541429848,6.39930420814894e-06,0.00026835973831075,4.70853040057891,"8072926"
1.639295,6.5425,16.387902576506,6.42630183888911e-06,0.000269152921169171,4.70391406511259,"8152962"
-1.708635,8.69610833333333,-16.3801894317334,6.44284360381863e-06,0.000269237700595138,4.70109493025316,"8122099"
-2.1375,6.96688,-16.3794193322276,6.44449792396687e-06,0.000269237700595138,4.70081338119416,"7950042"
2.054255,9.18789,16.3656351477964,6.47419368383257e-06,0.000270070347556976,4.69577142349864,"7901123"
2.380455,6.29327666666667,16.3626480337961,6.48065013959286e-06,0.000270070347556976,4.69467818993058,"8134351"
2.486825,6.88025833333333,16.3493693658271,6.50944298642671e-06,0.000270931153898813,4.68981578061784,"8131600"
1.96421,7.16213166666667,16.3449585581429,6.51904046291618e-06,0.000270991873025868,4.68819966786185,"7978838"
1.53467,8.78923,16.3395761588277,6.53077459074974e-06,0.000271141149062586,4.6862269202523,"8060988"
-1.56063,8.94314166666667,-16.3147033590732,6.58532343290401e-06,0.000272867507912361,4.677101361264,"7966003"
-3.293915,5.40827,-16.3131508387226,6.58874602401232e-06,0.000272867507912361,4.67653125503732,"7926786"
-1.687995,9.17943166666667,-16.2972390363076,6.62394513680505e-06,0.000273984473565463,4.67068481313813,"8042468"
2.05709,7.19211,16.290494219491,6.6389323508658e-06,0.000274263685467467,4.6682046987068,"7924029"
1.868465,9.84182166666667,16.2840846853899,6.65321154232343e-06,0.000274512992223969,4.66584683171919,"7990020"
-2.171875,7.00164,-16.2768748973694,6.6693167518119e-06,0.000274836930550843,4.6631933662835,"8083968"
1.934595,7.64395666666667,16.2679458935945,6.68932596939449e-06,0.000275320750065424,4.65990538929864,"8016832"
1.87326,10.96183,16.2623918750305,6.70180773589667e-06,0.000275493940965619,4.65785920908604,"8106986"
1.785695,8.431425,16.2518318005039,6.72561547910095e-06,0.000276131712216553,4.65396662356898,"8101648"
3.548975,4.68408333333333,16.2368601677815,6.75953988242594e-06,0.000277182757961991,4.64844315028637,"7947156"
-2.63066,6.388925,-16.227774743937,6.7802248176232e-06,0.000277688986165313,4.64508856473111,"8053648"
-2.05594,8.51678833333333,-16.2233726997167,6.7902738053288e-06,0.000277758902820679,4.6434624742113,"8132860"
2.486775,6.01143666666667,16.2070606726838,6.82766400386933e-06,0.000278945678940904,4.63743270899405,"8122756"
-2.02667,8.20947833333333,-16.1822927786177,6.88490083533841e-06,0.000280600527248494,4.62826457063207,"7958019"
1.964815,9.97603166666667,16.1822399163742,6.88502359858304e-06,0.000280600527248494,4.62824498669057,"7924603"
2.52977,9.56267833333333,16.1753875183634,6.90095891379992e-06,0.000280906147864054,4.62570578038806,"7964271"
-3.08313,7.41276,-16.1631113281348,6.92961595431938e-06,0.000281434373422292,4.62115381882523,"8177232"
2.298475,4.82448833333333,16.1565793712671,6.94492095221845e-06,0.000281434373422292,4.61873026172673,"8139699"
1.758415,8.353035,16.1557820654922,6.94679183803854e-06,0.000281434373422292,4.61843436371962,"7933010"
-2.162025,9.53571166666667,-16.1553760904473,6.94774469030616e-06,0.000281434373422292,4.61828369119399,"7970329"
-2.59228,6.64046333333333,-16.1424545656145,6.97815292161751e-06,0.000282322670511663,4.61348587640991,"8019622"
-2.5643,8.74974333333333,-16.1354318042413,6.99474526137394e-06,0.000282650525446563,4.61087654365736,"8040792"
-3.687135,6.68764833333333,-16.1264761614505,7.01597171671241e-06,0.000283164618486513,4.60754724899339,"8165808"
-2.168245,5.11092166666667,-16.1162048964603,7.04040980528691e-06,0.000283664012614016,4.60372639020765,"8117429"
-1.58025,12.3901,-16.1141195520865,7.04538362110073e-06,0.000283664012614016,4.60295032922609,"7995681"
-2.03773,7.86109,-16.0996663067585,7.07997033501682e-06,0.000284196082755311,4.59756855055405,"8063458"
1.95032,8.77388166666667,16.0995160236033,7.08033101163867e-06,0.000284196082755311,4.59751256386087,"7975203"
-2.666495,6.45885833333333,-16.0948587856916,7.091519014428e-06,0.000284196082755311,4.5957772683996,"8047738"
1.77396,8.59599166666667,16.0943512858028,7.09273942906758e-06,0.000284196082755311,4.59558814002397,"8153021"
-1.6108,8.33163666666667,-16.083211476273,7.11959032693618e-06,0.000284929085475954,4.59143506903815,"8080781"
-1.68095,11.2923166666667,-16.0550004513505,7.18812562132434e-06,0.000287326553197163,4.58090362255451,"8041447"
2.953135,8.381665,16.016330095496,7.28333603519492e-06,0.000290530474495144,4.56643490425198,"7925500"
1.74951,8.57620666666667,16.0153655155847,7.28572983161983e-06,0.000290530474495144,4.56607351693527,"8107356"
1.60015,9.495005,16.0066928475338,7.30729440643695e-06,0.000291041844319535,4.5628231734198,"7979931"
-1.7937,8.549155,-15.990831421295,7.34692839656194e-06,0.000292158830345925,4.55687367970327,"8013159"
-1.568345,9.62116666666667,-15.9867705791975,7.35711612028267e-06,0.000292158830345925,4.55534946095049,"8091778"
-4.223885,6.957455,-15.9838976987873,7.36433355913544e-06,0.000292158830345925,4.55427088456168,"8138689"
-1.54556,8.17654333333333,-15.9814711040155,7.37043630028462e-06,0.000292158830345925,4.55335969504762,"8112865"
-2.34784,6.66814166666667,-15.9779181290049,7.37938255784316e-06,0.000292165637370397,4.55202527752031,"8122222"
-2.89339,6.18428166666667,-15.9632445570322,7.41646565866077e-06,0.000292992895362515,4.54651080270823,"8027260"
-2.19155,8.25294666666667,-15.9626882734175,7.41787580834912e-06,0.000292992895362515,4.54630163764193,"8094301"
1.815425,7.12525666666667,15.9494504948294,7.45152613712395e-06,0.000293950100203626,4.54132184206184,"7950391"
-1.836185,7.285415,-15.9410714831171,7.47291833874017e-06,0.000293950100203626,4.53816750421344,"8151816"
2.442345,8.87910666666667,15.9384696333571,7.47957573865751e-06,0.000293950100203626,4.53718765391252,"8145570"
1.898515,7.4703,15.9374273617217,7.48224457519069e-06,0.000293950100203626,4.53679508831151,"8044882"
1.63861,7.97886,15.935863707928,7.48625056229315e-06,0.000293950100203626,4.53620609494107,"8158771"
2.356055,6.87982666666667,15.9269894002119,7.5090338633148e-06,0.000294448865285812,4.53286215510552,"7932765"
-1.88402,9.69891,-15.9195675897921,7.52815078075079e-06,0.000294448865285812,4.53006398204502,"7921344"
-1.62481,6.13805166666667,-15.9163067213412,7.53656814766117e-06,0.000294448865285812,4.52883412154847,"7936835"
-1.80311,7.98691833333333,-15.9137058749929,7.54328972039344e-06,0.000294448865285812,4.52785299753219,"8115543"
2.49412,8.028915,15.9123157258901,7.54688528477315e-06,0.000294448865285812,4.52732851673914,"8148501"
-2.282915,7.19003666666667,-15.9082879261954,7.55731441573094e-06,0.000294448865285812,4.52580861270509,"8089011"
2.499755,6.45688,15.9062790848304,7.56252222005826e-06,0.000294448865285812,4.52505041372148,"8022380"
1.670965,9.00930166666667,15.9014186149146,7.57514018159679e-06,0.000294448865285812,4.52321549261075,"8040712"
1.766155,7.547475,15.900110265247,7.57854093611859e-06,0.000294448865285812,4.52272146161493,"8027793"
2.13545,6.09065833333333,15.8835495691425,7.62174229885836e-06,0.000295539521789271,4.51646435807516,"8050537"
1.913015,8.74460166666667,15.8825481166029,7.62436403330581e-06,0.000295539521789271,4.51608575425066,"7950544"
1.774395,7.52395666666667,15.8667238976475,7.66593192735797e-06,0.000296805273703765,4.51009990125775,"7959025"
2.03389,9.00549166666667,15.8496197809679,7.71116211406198e-06,0.000298209715344857,4.50362262838903,"8031999"
-1.5588,11.3088333333333,-15.8396860561397,7.73757500103282e-06,0.000298856992610763,4.49985728642666,"8115234"
1.550255,8.73695166666667,15.8365293019063,7.74599080462021e-06,0.000298856992610763,4.49866019537265,"7926319"
-1.654335,8.7173,-15.8323406948569,7.75717412395862e-06,0.000298856992610763,4.49707141089532,"7989501"
1.65525,11.11425,15.8298618238673,7.76380150188635e-06,0.000298856992610763,4.49613093383603,"8068898"
-1.755325,8.30115833333333,-15.8238854609096,7.77980699712618e-06,0.000299127290511906,4.49386286250881,"7912537"
2.129965,7.95292833333333,15.8149087327514,7.80392087350723e-06,0.00029953485361513,4.49045439033859,"7933821"
-2.155835,6.96606666666667,-15.8104179738741,7.81601723724544e-06,0.00029953485361513,4.48874845977091,"8004184"
-1.480565,10.4981116666667,-15.806784157847,7.82582147738545e-06,0.00029953485361513,4.48736767751004,"7907830"
1.683455,6.93783,15.8065734417537,7.82639044493987e-06,0.00029953485361513,4.48728759880057,"7975095"
2.01263,6.44225333333333,15.798161967502,7.84914258304902e-06,0.000300060735462438,4.48409003245821,"8099218"
-1.67199,8.88041333333333,-15.7939039186055,7.86068981140631e-06,0.000300157555791739,4.48247066160178,"8022283"
1.483795,9.10860333333333,15.7901408059518,7.87091148107057e-06,0.000300203596317533,4.48103912618772,"7910997"
-2.018255,8.56278333333333,-15.7671610330788,7.93367138666527e-06,0.000302251094006629,4.47228932348121,"8083569"
-3.29213,5.21215833333333,-15.7556780990909,7.96525285687778e-06,0.000303071759760167,4.4679119052695,"7951271"
1.816625,8.45684666666667,15.7523500597878,7.97443357855706e-06,0.000303071759760167,4.46664257667097,"7953812"
-2.189535,8.10358833333333,-15.7494228207796,7.98251894493998e-06,0.000303071759760167,4.46552587559498,"8137404"
1.922465,6.79530833333333,15.739927092133,8.00881369045289e-06,0.000303723769306389,4.46190184331389,"8120279"
1.987205,5.318665,15.729636100087,8.03742574637032e-06,0.000304462076310458,4.45797163317217,"8051864"
1.65724,9.85909166666667,15.7182653073467,8.06917992521418e-06,0.000305317595420291,4.45362580926545,"7927108"
-1.95637,7.08353833333333,-15.7134049789079,8.08279793227079e-06,0.000305485723894234,4.45176719615436,"8020551"
-1.49948,10.10528,-15.6676832417808,8.21223665714045e-06,0.000309765170694082,4.43425255846232,"8180377"
1.792065,7.58373833333333,15.6650762732753,8.21969020482119e-06,0.000309765170694082,4.43325224556407,"7966026"
-2.35104,8.10417333333333,-15.6635923521079,8.22393641750212e-06,0.000309765170694082,4.43268277397766,"8138442"
2.78526,6.87753666666667,15.6496681699926,8.26390617035272e-06,0.000310735703255584,4.42733637570332,"8167650"
1.86679,7.55844833333333,15.6481188973731,8.26836751312272e-06,0.000310735703255584,4.42674119225549,"8148124"
-1.64414999999999,10.8580333333333,-15.6361286529782,8.30299104732606e-06,0.000311685110375215,4.42213275571612,"8135955"
-1.733435,5.92407666666667,-15.6314940301105,8.31641986435677e-06,0.000311837648900324,4.42035042308493,"7954293"
1.6142,8.67631166666667,15.6144735377774,8.36595643095541e-06,0.000313210992088503,4.41379997914068,"8008825"
1.710505,8.18418333333333,15.6115580531598,8.37447645841322e-06,0.000313210992088503,4.41267716479742,"8054297"
-1.57158,9.84500166666667,-15.6092374296653,8.3812653978093e-06,0.000313210992088503,4.41178328250124,"8132503"
-1.855505,10.2538983333333,-15.6050777639089,8.3934506301943e-06,0.000313314714835852,4.41018066014544,"7933947"
3.683485,4.62271166666667,15.5753491251939,8.48114635488603e-06,0.000316233740401613,4.39871349766006,"8170076"
-1.95593,8.13952333333333,-15.570137279814,8.49663145754902e-06,0.000316456753514552,4.39670071638042,"7976698"
-1.942225,7.33473333333333,-15.5576782823826,8.53378381732028e-06,0.00031703269533395,4.39188619117503,"8056792"
1.935825,9.77278166666667,15.5527205195654,8.54862084811778e-06,0.00031703269533395,4.38996921076879,"8145652"
2.214215,5.78381333333333,15.5515544213549,8.55211502144306e-06,0.00031703269533395,4.38951822893219,"8069668"
1.81983,9.07933333333333,15.5498469845171,8.5572343288889e-06,0.00031703269533395,4.38885782181925,"8041867"
-1.8564,6.74695333333333,-15.547965917332,8.56287839584261e-06,0.00031703269533395,4.38813016714853,"8165947"
1.780255,6.35379333333333,15.5433474711245,8.57675444404841e-06,0.00031703269533395,4.38634320820113,"8081758"
1.68585,7.02744833333333,15.5406169903316,8.58497057183765e-06,0.00031703269533395,4.3852864679244,"8043197"
-1.772525,8.56499833333333,-15.5310855047083,8.61372385967169e-06,0.00031703269533395,4.38159606253154,"8122600"
1.560325,6.81996666666667,15.5280288120754,8.62296885322636e-06,0.00031703269533395,4.38041205482928,"8155460"
-2.44445,6.09439166666667,-15.5278476564189,8.62351712636822e-06,0.00031703269533395,4.38034187644714,"7904761"
1.686615,7.06227166666667,15.5269408503557,8.62626221915999e-06,0.00031703269533395,4.3799905731453,"8161288"
-1.99961,8.10872333333333,-15.5240780244783,8.63493534320577e-06,0.00031703269533395,4.37888134864864,"8121949"
1.665685,5.48121166666667,15.523015469463,8.63815703516785e-06,0.00031703269533395,4.37846959733738,"8175263"
1.88122,7.491005,15.517391969738,8.65523118199501e-06,0.00031703269533395,4.37628992688648,"7986822"
1.61025,9.81966666666667,15.5155026956285,8.6609763288665e-06,0.00031703269533395,4.37555745295659,"8040365"
-1.5902,11.0703166666667,-15.5143313743823,8.66454048539687e-06,0.00031703269533395,4.37510328208442,"8110022"
-2.69587,6.68181666666667,-15.5105422810998,8.67608195706041e-06,0.00031703269533395,4.37363383750579,"8124537"
-1.79028,9.280725,-15.5081167543281,8.68347953703223e-06,0.00031703269533395,4.37269299370432,"7993478"
1.51666,8.95804333333333,15.5030899574537,8.69883432962446e-06,0.000317245439949075,4.37074263278928,"7951752"
2.856275,5.91453666666667,15.4983197639948,8.7134348473448e-06,0.000317357257501545,4.36889120337986,"7932214"
1.858175,9.15879166666667,15.4958640244981,8.7209625676161e-06,0.000317357257501545,4.36793783162043,"8145624"
4.663195,5.47758,15.4917799483351,8.73349866982267e-06,0.000317400070149926,4.36635194429121,"8099760"
-2.416555,5.80748833333333,-15.4886714027902,8.74305458215907e-06,0.000317400070149926,4.36514456398514,"8131803"
1.770985,6.24419833333333,15.4860578407785,8.75109839493269e-06,0.000317400070149926,4.36412923711904,"8068397"
-2.36709,6.65321833333333,-15.483081732357,8.7602686268367e-06,0.000317400070149926,4.3629728425323,"8007483"
-1.7459,8.92395666666667,-15.4774301294085,8.77771394733029e-06,0.000317686457939409,4.36077620205752,"8022531"
2.294325,9.11027,15.4648353430845,8.81673865431667e-06,0.000318752385421045,4.35587781331076,"8013042"
2.338115,4.818855,15.4470200486654,8.87228807891422e-06,0.000320412772411721,4.34894173163631,"8141846"
1.512855,4.17841833333333,15.4422934815256,8.88709490380549e-06,0.000320596836613162,4.34710008108988,"7907749"
-1.52514,4.22597666666667,-15.4365741822067,8.90505052482186e-06,0.000320596836613162,4.34487081479354,"7892585"
-1.514435,6.916875,-15.4361862258756,8.90627005037014e-06,0.000320596836613162,4.34471956520656,"8144047"
1.584815,9.82677666666667,15.4266846394031,8.93619933072518e-06,0.000321326813299305,4.34101397939065,"8041592"
1.589045,8.18233666666667,15.4226448503757,8.9489601945476e-06,0.000321438541098006,4.33943773329225,"7904907"
1.616575,10.3978366666667,15.4102387931107,8.98828258006524e-06,0.000322230035611455,4.33459436258652,"7926609"
-1.476435,9.75899333333333,-15.4095881168015,8.99035057461757e-06,0.000322230035611455,4.33434022066244,"8094609"
-2.029595,4.89202666666667,-15.396983890994,9.03052025654993e-06,0.000323321755894992,4.32941497399161,"8103736"
1.744175,8.60893666666667,15.393585061444,9.04138844618977e-06,0.000323363169809646,4.32808610156891,"8090555"
1.848105,8.61386,15.387730998716,9.06014364843182e-06,0.000323686269379651,4.3257965453691,"8051030"
-4.140195,5.88264666666667,-15.3809487735871,9.08192974133391e-06,0.000323974731731733,4.32314281117253,"8136248"
5.097595,5.65352,15.3789569948744,9.08833950180366e-06,0.000323974731731733,4.32236323393792,"8170052"
1.67626,7.29815666666667,15.3758081227939,9.09848377387816e-06,0.000323974731731733,4.32113055229417,"7930148"
1.78722,9.14080166666667,15.3731252701773,9.10713724662588e-06,0.000323974731731733,4.32008008859329,"8060813"
-2.108025,7.91344666666667,-15.3682192450874,9.12298655647221e-06,0.000324192191431009,4.31815863917099,"8099912"
2.819645,6.806755,15.3607703594781,9.14711285362942e-06,0.000324703002864924,4.31524001822326,"8174201"
1.643225,8.14271833333333,15.3519414237261,9.17580627393967e-06,0.000325374676787401,4.31177870053182,"8102789"
2.16375,7.25991666666667,15.3454480433054,9.19697688158018e-06,0.00032577844598508,4.3092316576167,"8124484"
-1.971695,7.09711,-15.3357662060401,9.22864972829778e-06,0.000326225609173537,4.30543178938209,"8130211"
1.976035,7.64096666666667,15.3355997041249,9.22919553838099e-06,0.000326225609173537,4.30536641924488,"7899192"
-1.708315,6.05973833333333,-15.3235532426735,9.26878599935332e-06,0.000327277590053518,4.30063485194969,"8041467"
-2.588405,7.08036833333333,-15.3198179187403,9.28110261912783e-06,0.000327365332530826,4.29916689487572,"8099524"
-1.466235,7.76846333333333,-15.3127141872492,9.3045791713255e-06,0.00032784610864299,4.29637411810289,"7966851"
2.676045,5.06410333333333,15.2890310099835,9.38335399218496e-06,0.00033027223877144,4.28705322635904,"7951309"
1.568305,8.48474,15.276878906746,9.42407864460763e-06,0.00033117209101021,4.28226456921716,"8078405"
2.15391,9.49577333333333,15.2754705938649,9.42881167305399e-06,0.00033117209101021,4.28170934586986,"7895018"
1.871965,5.89665,15.2684696724885,9.45238176010137e-06,0.000331650111133926,4.27894843911399,"7957570"
1.78858,6.783765,15.2611708550727,9.4770286019179e-06,0.000332164864587432,4.27606861014205,"7930980"
2.056195,7.45117333333333,15.2548013378567,9.49859914322605e-06,0.00033257082615352,4.27355424223426,"7964484"
-1.857705,9.46674833333333,-15.244740281145,9.53278894726168e-06,0.000333300690616963,4.26958034918456,"8113220"
2.579365,5.612735,15.242780737422,9.53946476132881e-06,0.000333300690616963,4.26880604666608,"8104570"
-1.92735,8.00617333333333,-15.2257089568231,9.59785848719301e-06,0.00033436877557093,4.26205572217354,"8058390"
-1.619885,7.06296166666667,-15.2244010722931,9.60234939606395e-06,0.00033436877557093,4.26153823993036,"8178884"
-1.619885,7.06296166666667,-15.2244010722931,9.60234939606395e-06,0.00033436877557093,4.26153823993036,"8180086"
-1.719185,8.12065166666667,-15.2221156972092,9.61020266754903e-06,0.00033436877557093,4.26063388618009,"8122660"
-1.763495,7.10811166666667,-15.1992335189684,9.68925099255267e-06,0.000336767213255769,4.25157108834884,"7971813"
-3.74388,7.27284,-15.1928780167557,9.71134212385206e-06,0.000337183064335664,4.2490513171437,"7950005"
-1.455835,8.138145,-15.1655337578971,9.80706651902856e-06,0.000340072429001511,4.23819725316464,"8145136"
2.419105,5.75338666666667,15.1632854487998,9.81498646335862e-06,0.000340072429001511,4.23730387652726,"8044375"
3.69627,6.11024333333333,15.151443981768,9.85682383998785e-06,0.000341167009771388,4.23259627556029,"7967876"
1.815065,6.37625666666667,15.1469611874213,9.87271681828315e-06,0.000341362255346183,4.23081310559014,"8074780"
1.482645,7.94124333333333,15.1428432632749,9.88734277738089e-06,0.00034151333242578,4.22917457737666,"8148198"
-1.608755,8.7605,-15.1251106074864,9.95061713650012e-06,0.00034264132187326,4.22211328803346,"8145365"
-1.4932,12.5988833333333,-15.1232094575518,9.95742912042735e-06,0.00034264132187326,4.22135571005069,"7896067"
-1.44127,9.404535,-15.1228736771519,9.9586328203394e-06,0.00034264132187326,4.22122189634541,"8054377"
1.88498,5.358145,15.122168397171,9.96116165340167e-06,0.00034264132187326,4.22094082099193,"8099633"
1.692915,7.94213333333333,15.1043052871929,1.00254636684845e-05,0.000344159676646168,4.21381716474724,"8016476"
-1.581535,4.50574333333333,-15.1041638065363,1.00259749030478e-05,0.000344159676646168,4.21376070759046,"8014066"
1.42992,8.19651666666667,15.101225034056,1.00366009733023e-05,0.000344169621635474,4.21258787736598,"7986675"
1.711635,7.68702666666667,15.0934058273407,1.0064938381531e-05,0.000344476871376169,4.20946613592232,"7916167"
-1.65862,7.56352,-15.093043960825,1.00662520902487e-05,0.000344476871376169,4.20932162250799,"7972217"
1.61105,6.94694666666667,15.0859343543114,1.00921035297717e-05,0.000344654188825145,4.20648161161848,"8139131"
2.249865,5.59908666666667,15.0831812012434,1.01021353143882e-05,0.000344654188825145,4.20538145075288,"8005048"
1.69217,10.114305,15.0830849177609,1.01024863589315e-05,0.000344654188825145,4.20534297196602,"8046604"
2.05176,7.09319666666667,15.076384133044,1.0126952350888e-05,0.000345135243016907,4.20266442281057,"7978776"
-1.857885,6.95175166666667,-15.0703429572076,1.01490697235042e-05,0.000345535352334886,4.20024845509548,"7917503"
-1.474045,9.50667333333333,-15.0631573543487,1.01754509787827e-05,0.000346079664188484,4.19737346689689,"8006531"
-2.7203,4.62180166666667,-15.042702836048,1.02509905033993e-05,0.000348058444603758,4.18918152225014,"8180239"
1.64624,7.92376166666667,15.0417467524471,1.02545374705315e-05,0.000348058444603758,4.18879832459745,"7961371"
2.189715,7.08253333333333,15.0377889438156,1.02692358774902e-05,0.000348202390033392,4.18721176145622,"7942832"
2.182125,6.84333833333333,15.0173035784391,1.03457110952265e-05,0.000350429357951586,4.17899269460276,"8016463"
-3.005495,4.786215,-15.0145710431823,1.0355962646015e-05,0.000350429357951586,4.17789545361243,"8091678"
2.211985,6.18377166666667,15.0041630848815,1.03951193656956e-05,0.000351397248243215,4.17371422190755,"8073548"
1.448075,10.7599583333333,14.9995027481567,1.04127088625716e-05,0.000351634854966577,4.17184100453504,"8153474"
2.929135,5.25125666666667,14.9890457241729,1.0452304328753e-05,0.000352614363966047,4.16763555875184,"8174670"
1.680265,10.069745,14.9827721860927,1.04761440301354e-05,0.000353060898554066,4.16511106401848,"8152668"
-1.780775,8.189085,-14.9775782312828,1.04959296691856e-05,0.000353370040641934,4.16302014603407,"8148059"
1.86734,6.053605,14.9627888566858,1.05525088912256e-05,0.000354916049041553,4.15706219325374,"8052554"
-1.731695,7.62513833333333,-14.9435666918011,1.06265834595012e-05,0.000357046770384473,4.14930910407577,"7914467"
-1.61789,9.94133666666667,-14.940367892119,1.06389696256938e-05,0.000357102592365652,4.14801786717075,"8083272"
2.72164,4.65785333333333,14.9283017760084,1.0685844255491e-05,0.000357967380669655,4.14314457562662,"8114938"
-1.817965,7.24955833333333,-14.9279250478715,1.06873116801892e-05,0.000357967380669655,4.14299235435277,"7953040"
-3.29521,7.09174833333333,-14.9227404212414,1.07075308379527e-05,0.000357967380669655,4.14089703218999,"8135943"
2.055275,4.62793,14.922687675727,1.07077367674858e-05,0.000357967380669655,4.140875711568,"7983650"
-2.0864,7.63974833333333,-14.9150882367063,1.07374553073492e-05,0.000358288295594044,4.13780305319158,"8136983"
1.477155,4.87148333333333,14.9127487901827,1.0746623519928e-05,0.000358288295594044,4.13685681675785,"7959484"
-2.8496,5.95680833333333,-14.9108325285621,1.07541401445245e-05,0.000358288295594044,4.13608162844714,"7978312"
-1.64667,6.92966166666667,-14.9073871632658,1.07676703065409e-05,0.000358288295594044,4.13468760304634,"8087224"
-1.497395,4.82241833333333,-14.9065049433762,1.07711380571715e-05,0.000358288295594044,4.13433059397331,"8097307"
1.675195,6.5105,14.9025255003897,1.07867964266782e-05,0.000358451058502101,4.13271994843871,"8039607"
2.29128,7.09730333333333,14.8996305347987,1.079820440122e-05,0.000358472394763133,4.13154794861919,"7918913"
-1.65008,9.54034,-14.8940403740886,1.08202733068808e-05,0.000358847251294033,4.12928413923202,"7960744"
-2.070265,4.85341833333333,-14.8904731981962,1.08343835717195e-05,0.00035895768138064,4.12783909231907,"8083599"
1.777795,6.46876333333333,14.8864349364404,1.08503833791211e-05,0.000359130432777928,4.12620276668811,"7940643"
1.809195,7.71445,14.8622786748625,1.09466740963059e-05,0.000361542356691449,4.11640466071698,"8034783"
1.51337,6.56816666666667,14.859560277189,1.09575728462117e-05,0.000361542356691449,4.11530098324356,"8150225"
1.860775,5.78922,14.8556267812932,1.09733658350148e-05,0.000361542356691449,4.11370359268122,"7915982"
1.71067,9.33197166666667,14.8533396085783,1.09825611423592e-05,0.000361542356691449,4.11277456657339,"7982889"
2.479165,5.979955,14.851979718467,1.09880327152071e-05,0.000361542356691449,4.11222212114682,"8105411"
-1.74094,7.273525,-14.8518876409312,1.09884033087589e-05,0.000361542356691449,4.11218471337904,"7958913"
2.496755,8.908835,14.8477738291758,1.1004975581718e-05,0.000361730179609541,4.11051316936956,"8152845"
1.696735,7.10855666666667,14.8288524118993,1.1081579034504e-05,0.000363799961503156,4.10281859088133,"8115584"
-1.634775,7.8615,-14.8268317471198,1.10897967061808e-05,0.000363799961503156,4.10199625210041,"7917649"
2.100715,7.01868833333333,14.8238217497994,1.11020511033993e-05,0.000363843499596346,4.10077106956542,"8151074"
1.72269,8.17457166666667,14.8208041608907,1.11143523954824e-05,0.000363888487426134,4.09954253195239,"8077731"
-1.52247,8.775015,-14.8053435834025,1.11776299116678e-05,0.000365568084512245,4.09324396944085,"7925876"
-3.095025,6.10654666666667,-14.8006035269627,1.11971149467399e-05,0.000365568084512245,4.09131149635621,"8116780"
1.551775,8.88870166666667,14.8002451276025,1.11985898490101e-05,0.000365568084512245,4.09116535386735,"7906930"
1.82244,9.1725,14.7869717340489,1.12533744157237e-05,0.000366996677688885,4.08575029176436,"7901010"
-2.859635,6.01929666666667,-14.7806108512518,1.12797399815415e-05,0.00036749657746124,4.08315345554833,"8147030"
1.59235,10.6327666666667,14.7750058142992,1.1303032824988e-05,0.000367895487755255,4.08086421182868,"7989647"
-1.78978,7.22133333333333,-14.7703101575135,1.132259011039e-05,0.000368172151275054,4.07894567390871,"8056151"
-1.56955,12.0454166666667,-14.7560455516305,1.13822463346642e-05,0.000369750884102746,4.07311351478642,"8091411"
1.604485,9.32426166666667,14.7490524956526,1.14116270782645e-05,0.000370344002753386,4.07025218408679,"8090772"
1.561545,4.24908,14.7448673790957,1.14292531549475e-05,0.000370554861051885,4.0685390830401,"8077323"
-1.460755,7.786265,-14.7366624851842,1.14639019585345e-05,0.000371278539825969,4.06517906400424,"7925003"
1.40119,10.37037,14.7343062447654,1.14738750482302e-05,0.000371278539825969,4.06421378423421,"7912887"
2.10199,4.73526666666667,14.7263055297935,1.15078153214515e-05,0.000372015268697448,4.06093491490292,"8106827"
-1.41315,11.4523,-14.7150892170857,1.15555956387518e-05,0.000372767057416897,4.05633504483899,"7948667"
2.924965,4.85056333333333,14.7136447242521,1.15617659680206e-05,0.000372767057416897,4.05574238071008,"7981783"
3.218865,6.49691666666667,14.7129683338069,1.15646565850273e-05,0.000372767057416897,4.05546484181335,"7962146"
-1.61073,3.86807,-14.6969716723093,1.16332681552346e-05,0.000374615986232925,4.04889709507382,"7976850"
-2.266905,5.68515666666667,-14.6888415940587,1.16683224320573e-05,0.000375318926757813,4.04555622920681,"8021635"
1.778865,8.516975,14.6866852156808,1.16776408721835e-05,0.000375318926757813,4.04466978745687,"8022009"
1.57154,9.199115,14.677807209778,1.17160980337708e-05,0.000376055530129864,4.04101877469727,"8017019"
-1.50975,10.7946666666667,-14.6761835398736,1.17231474389524e-05,0.000376055530129864,4.04035079996807,"8080926"
1.553235,6.12215,14.6701245411835,1.17494975564685e-05,0.000376065811779905,4.03785744886216,"7927186"
1.805835,7.321805,14.6694834620678,1.17522896322566e-05,0.000376065811779905,4.03759357333051,"8167013"
3.5641,5.57722333333333,14.6683218375538,1.1757350814274e-05,0.000376065811779905,4.03711540424754,"8173600"
-1.60323,5.65191,-14.6587075175127,1.17993388137189e-05,0.000377046626180803,4.03315624383134,"8097449"
1.549255,9.65254,14.6553574545187,1.18140107337827e-05,0.000377153514288364,4.03177604833246,"8021984"
1.72194,5.159925,14.6518293252961,1.18294857111396e-05,0.000377285810080283,4.0303221303491,"8173414"
2.05616,6.46508166666667,14.6434230326168,1.18664533013108e-05,0.000378102675190187,4.02685646189085,"8051298"
-1.442815,7.091,-14.6136686485818,1.19983973313287e-05,0.000381941334551865,4.01457267885589,"8028652"
2.78184,4.14208166666667,14.607933175207,1.20240288488305e-05,0.000382296547617302,4.0122018104338,"8163348"
1.835235,9.51070833333333,14.6060365550606,1.20325189026919e-05,0.000382296547617302,4.01141758952645,"7929816"
1.62635,11.7788666666667,14.5959829009955,1.20776410968321e-05,0.000383364361869607,4.00725877302923,"8117377"
1.64725,9.252795,14.5871354911398,1.21175141650435e-05,0.000384263684908051,4.00359642994913,"8051589"
2.12971,5.93396666666667,14.5661854322618,1.22125496783866e-05,0.000386908912122967,3.99491488973292,"8044278"
1.66386,6.15126333333333,14.5517643624743,1.22784772319793e-05,0.000388385590443808,3.98893124681952,"7944667"
-1.428035,9.12228666666667,-14.5508898260422,1.22824887148191e-05,0.000388385590443808,3.98856817967938,"8010770"
1.58436,9.54444333333333,14.5478323748373,1.22965253049804e-05,0.000388460534231436,3.98729868609302,"8020254"
1.649475,9.59941666666667,14.5361108850724,1.23505130765249e-05,0.000389194785406742,3.98242916038897,"7992795"
-1.381145,10.1009683333333,-14.5346288883326,1.2357358803156e-05,0.000389194785406742,3.98181319093112,"8039796"
1.52777,7.538545,14.5310538454724,1.23738912232507e-05,0.000389194785406742,3.98032700581511,"8033190"
-1.48199,9.10355,-14.5306612963499,1.23757081106397e-05,0.000389194785406742,3.98016379526885,"8003357"
1.429745,9.732705,14.528083914053,1.23876451465946e-05,0.000389194785406742,3.97909207886296,"8054580"
1.6256,6.49876833333333,14.5275975657569,1.23898991660254e-05,0.000389194785406742,3.97888982503632,"7925672"
1.51841,8.47004833333333,14.5228941182917,1.24117225651301e-05,0.000389411780656656,3.97693347079811,"7903188"
-1.73639,6.00268333333333,-14.5210702273845,1.24201973468291e-05,0.000389411780656656,3.97617466086443,"8108631"
1.83593,8.40125333333333,14.5123432621092,1.24608418240818e-05,0.000390318579695627,3.97254251015286,"7963869"
1.62244,4.37089166666667,14.5089364914064,1.24767507544925e-05,0.000390449595744679,3.97112399172159,"8089438"
1.37548,7.93128666666667,14.5016551077859,1.25108334848253e-05,0.000391148565769228,3.96809097565671,"8050336"
1.492325,7.44221833333333,14.4869527024349,1.25799868281254e-05,0.000392941671122037,3.9619618804206,"8003773"
-1.51728,5.73482666666667,-14.4741839563249,1.26404100270497e-05,0.000394330834755709,3.95663356052286,"7904965"
2.42144,8.85024,14.4706223649431,1.26573247157247e-05,0.000394330834755709,3.95514644645855,"8020267"
1.557415,9.09578,14.4685360902479,1.2667245199414e-05,0.000394330834755709,3.95427515994367,"8137826"
-1.575295,7.05647,-14.467572117377,1.26718320926392e-05,0.000394330834755709,3.9538725332597,"8125537"
-1.51038,4.62069,-14.4523815424007,1.27443722419646e-05,0.000395848285952141,3.94752408558174,"8105899"
-1.51038,4.62069,-14.4523815424007,1.27443722419646e-05,0.000395848285952141,3.94752408558174,"8177498"
-1.90289,6.44017833333333,-14.4488349697354,1.27613785653344e-05,0.000396007103532096,3.94604088907367,"8044450"
-3.74673,6.20217666666667,-14.4418756424315,1.27948271482916e-05,0.000396675381337677,3.94312934460947,"8138527"
1.84203,7.33439166666667,14.4287666391617,1.28581132732457e-05,0.000398266602473731,3.93764097066599,"8147079"
1.975725,7.10347333333333,14.4134785992094,1.2932384574902e-05,0.000400194804080402,3.93123365889607,"8119466"
-1.59948,8.05432333333333,-14.4062530346516,1.29676627880542e-05,0.00040091389772873,3.92820289009363,"8007323"
1.913755,7.19458833333333,14.4010837488897,1.29929708317325e-05,0.000401323701098512,3.92603364715261,"8170602"
1.576015,9.13609166666667,14.3967910974901,1.30140311495311e-05,0.000401392493317583,3.92423165283065,"7901867"
-1.49246,8.81708833333333,-14.3957168497114,1.30193078290233e-05,0.000401392493317583,3.92378061035915,"7901513"
1.538155,9.00353,14.3858277904635,1.30680010009483e-05,0.000402521026205899,3.91962684455805,"8089372"
1.37269,7.90347166666667,14.3750288975757,1.31214189190837e-05,0.000403760666937767,3.91508748268354,"7953150"
1.59423,9.04194,14.3694952765973,1.31488910525001e-05,0.000403760666937767,3.9127600107078,"8017162"
-1.702595,6.51704166666667,-14.3684187373911,1.31542434780404e-05,0.000403760666937767,3.91230710275097,"7943711"
1.81631,7.10070666666667,14.3640251066594,1.31761146686689e-05,0.000403760666937767,3.91045829989001,"8088247"
2.34468,6.32294666666667,14.3631261127771,1.31805950656981e-05,0.000403760666937767,3.91007993753283,"8162744"
2.00635,6.46594666666667,14.3619543255197,1.318643769701e-05,0.000403760666937767,3.90958672639011,"8108724"
1.638005,7.01362666666667,14.3606131441959,1.31931286791089e-05,0.000403760666937767,3.90902216449656,"7947147"
1.407385,7.230745,14.3488605830315,1.32519317679659e-05,0.000405187853147807,3.90407262457768,"7953520"
-2.383005,7.75041333333333,-14.3394510679214,1.32992338004328e-05,0.000406261089773405,3.90010677512844,"7990545"
1.38502,8.282625,14.3258752173944,1.33678304601889e-05,0.000407982264741438,3.89438010815284,"7975121"
1.37788,9.395415,14.3142079256506,1.34271160369968e-05,0.000408960700011151,3.88945396535155,"7990487"
-3.333525,6.157755,-14.3103256244957,1.3446911869216e-05,0.000408960700011151,3.8878138517233,"8128565"
-2.254305,9.328515,-14.3082499205236,1.34575099489178e-05,0.000408960700011151,3.88693675981895,"7977270"
3.547535,3.75146166666667,14.3076104059645,1.34607771457383e-05,0.000408960700011151,3.8866665050246,"8069472"
-1.51651,6.31732333333333,-14.3075079563725,1.34613006340578e-05,0.000408960700011151,3.88662320929797,"7980765"
1.45931,8.09878833333333,14.3017142678082,1.34909437257577e-05,0.00040922373641148,3.8841742365117,"8102950"
-1.669505,7.63529833333333,-14.3010126104654,1.34945389248222e-05,0.00040922373641148,3.88387757755905,"7909027"
1.85653,9.38409666666667,14.2870150753783,1.35664963591743e-05,0.000411031509801117,3.87795625877705,"8156982"
1.54248,8.44681666666667,14.2801718615326,1.36018395522209e-05,0.000411647739578956,3.87505918513229,"8131519"
-1.684555,7.09240333333333,-14.2782931572775,1.36115614402628e-05,0.000411647739578956,3.8742635809291,"8115691"
-1.66521,8.49251666666667,-14.2732831214654,1.3637527259735e-05,0.000412058752420506,3.8721413654676,"7956856"
-1.728065,6.77414833333333,-14.2640734433753,1.3685410900254e-05,0.000413130667947197,3.86823817084603,"7946292"
1.38325,9.142465,14.244673717261,1.37869236359304e-05,0.000415476730999197,3.86000762633401,"8001067"
1.642205,7.94552333333333,14.2444531942695,1.37880826427039e-05,0.000415476730999197,3.85991399946615,"7953218"
-1.568,11.4004166666667,-14.2285518573707,1.38719583359235e-05,0.000417626217641271,3.85315879977177,"7937508"
2.326845,6.720815,14.2179033803457,1.39284618732592e-05,0.000418570392593783,3.8486306898889,"7896691"
2.326845,6.720815,14.2179033803457,1.39284618732592e-05,0.000418570392593783,3.8486306898889,"8075886"
1.64338,9.94129,14.2104906392649,1.39679555337493e-05,0.000419378733460099,3.84547642971929,"8044745"
-1.72088,7.96432166666667,-14.1979967045962,1.40348191718876e-05,0.00042100664321292,3.84015612060868,"8162759"
-1.423745,8.69575,-14.184857326994,1.41055433530886e-05,0.000422747324057419,3.83455566506431,"8103630"
2.0496,7.706395,14.1715626471832,1.41775302966993e-05,0.000424522685511869,3.82888347883267,"8006187"
1.673585,8.99755833333333,14.1638396557567,1.42195464257804e-05,0.000425398236603063,3.82558589772656,"7955217"
1.52739,6.57907,14.1473548383622,1.43097210562112e-05,0.000427711653508676,3.81854086702385,"8036351"
1.34466,10.066275,14.1438020170952,1.43292435243812e-05,0.000427911050790422,3.81702139029452,"8007071"
1.683225,8.28674166666667,14.132239865371,1.439299372787e-05,0.000429196989307806,3.81207370155546,"8131427"
2.096885,6.30236833333333,14.1313190716694,1.43980850243812e-05,0.000429196989307806,3.81167949233944,"8137264"
1.534285,6.59598666666667,14.1168455797022,1.44783914070485e-05,0.000431204828873431,3.80547958142381,"8065612"
-1.86019,8.11409,-14.1067373260064,1.45347895627911e-05,0.000432497665837583,3.80114563137665,"8018754"
-1.491925,9.30178333333333,-14.0913880969688,1.46209239225042e-05,0.000434437120253591,3.79455837791841,"8113542"
2.20909,9.097285,14.0904757125857,1.46260627625394e-05,0.000434437120253591,3.79416658402852,"8044133"
-1.31995,9.94398333333333,-14.083846902809,1.46634621538163e-05,0.000434802806444891,3.79131925970083,"8083656"
1.481665,7.55003666666667,14.0824776620426,1.46712013398207e-05,0.000434802806444891,3.790730944398,"8098177"
-1.63888,8.07238166666667,-14.080072817346,1.46848055645497e-05,0.000434802806444891,3.78969752117443,"7997504"
-1.50201,7.62257,-14.0790479982976,1.46906074796679e-05,0.000434802806444891,3.78925707415197,"7981157"
1.674895,4.87761833333333,14.075703086249,1.47095631399e-05,0.000434977197041964,3.78781926359152,"7938925"
1.655125,6.76564166666667,14.063730462549,1.4777648207956e-05,0.000436602797143132,3.78266990157648,"8026272"
-2.82222,7.70594,-14.0556321840372,1.48239109907986e-05,0.00043718208716931,3.77918427611578,"8094476"
-2.29667,6.83083333333333,-14.0540323194281,1.48330706154828e-05,0.00043718208716931,3.77849542111993,"7939559"
3.02925,6.69160166666667,14.0534083677959,1.48366446977602e-05,0.00043718208716931,3.77822674354743,"8175747"
1.4261,11.1189333333333,14.0474235342807,1.4870978137439e-05,0.000437806329834047,3.77564900242028,"7960594"
2.4408,4.79638666666667,14.0392991088095,1.49177354295535e-05,0.000438300983788373,3.77214787584351,"8140686"
-2.0703,5.73907666666667,-14.0391412527972,1.49186456248047e-05,0.000438300983788373,3.77207982866854,"8017843"
-1.452305,8.14457666666667,-14.0376460475415,1.49272701929908e-05,0.000438300983788373,3.77143524914938,"7943293"
1.620865,10.356605,14.0240531023396,1.50059457768974e-05,0.000440222886813528,3.7655720699089,"8141395"
1.47325,6.398875,14.015999899427,1.50527874242099e-05,0.000441208329985844,3.76209560154314,"8018114"
-1.437755,9.309425,-14.0060535987186,1.51108777676686e-05,0.000442521457370326,3.75779902590907,"7965423"
-1.856695,7.05150666666667,-13.9909311641259,1.51997045034428e-05,0.000444731600044934,3.75126037056364,"8088397"
1.6188,5.89336333333333,13.9741555385108,1.52989608770263e-05,0.000447242757087222,3.74399827040285,"8140367"
1.558575,6.39315833333333,13.9699321657325,1.53240692412388e-05,0.000447392421479711,3.74216855599259,"7974257"
1.554915,7.34599166666667,13.9687756433213,1.53309533263762e-05,0.000447392421479711,3.74166740893059,"8055478"
-1.61965,8.720095,-13.9585838123072,1.53917766277895e-05,0.000448774068630043,3.73724918784243,"8160297"
1.355285,7.83458166666667,13.9527140768643,1.54269350349146e-05,0.000449405648169336,3.73470309424225,"8075493"
1.98095,4.69966166666667,13.9471677787354,1.54602428979939e-05,0.00044998226204065,3.73229627013487,"7943051"
1.407215,10.273495,13.9445783449813,1.54758224838111e-05,0.000450042324230096,3.73117223979023,"8017312"
-1.404685,9.53012,-13.9388470434179,1.55103711049953e-05,0.000450618743033782,3.728683602408,"8031047"
-1.580975,10.0351416666667,-13.9352788591069,1.55319261214553e-05,0.000450618743033782,3.72713369166139,"8057887"
-1.42211,8.06553,-13.9345647812584,1.5536244016061e-05,0.000450618743033782,3.72682346827166,"8091306"
2.2166,6.45413,13.9310897730642,1.55572768896947e-05,0.000450631852829311,3.72531355196142,"7895344"
1.757415,2.66995166666667,13.930019195116,1.55637634247442e-05,0.000450631852829311,3.72484829894317,"7893846"
2.08249,8.77281666666667,13.9222641273993,1.56108457197932e-05,0.00045150311910534,3.7214769791646,"7919591"
1.4544,8.13178166666667,13.9195724984102,1.56272261676502e-05,0.00045150311910534,3.72030640383081,"7949931"
-1.778725,7.74394833333333,-13.9183726603733,1.56345345324941e-05,0.00045150311910534,3.71978452453306,"8166184"
1.91649,6.69319166666667,13.9129332523623,1.56677170865108e-05,0.00045206930314519,3.71741802158257,"8084838"
-1.45052,9.08719,-13.9073555529626,1.57018292739628e-05,0.000452661306783671,3.71499035122005,"8154574"
-1.804815,4.68572333333333,-13.8856540528526,1.58353849628688e-05,0.000456116620336196,3.70553520242248,"7893320"
1.50484,8.16546,13.8832334342662,1.58503645883544e-05,0.000456153491528467,3.70447960649588,"8073943"
1.344095,6.825055,13.8747762885698,1.59028312468151e-05,0.000457268196912954,3.7007900651493,"7999909"
-2.52105,5.822545,-13.8670063705807,1.59512144772625e-05,0.000458263665616402,3.6973982712176,"8035795"
-1.595605,9.22653166666667,-13.8627711056631,1.59776603002418e-05,0.000458627719842371,3.6955486222238,"8073015"
-1.659555,7.51650833333333,-13.8448292227169,1.60902660850531e-05,0.000461462179012931,3.68770641110189,"8154012"
1.924265,8.56735833333333,13.8331568463631,1.61640244612057e-05,0.000463178590778629,3.68259885546592,"8072113"
-1.446365,8.12898833333333,-13.8298149972999,1.61852149163993e-05,0.000463302966654721,3.68113571565448,"8157264"
1.441395,9.91395166666667,13.8273884640896,1.62006218749277e-05,0.000463302966654721,3.68007309203982,"8104912"
1.45634,8.49949333333333,13.8258958336684,1.62101077019777e-05,0.000463302966654721,3.67941934529434,"7907160"
1.637125,8.89711333333333,13.8236326679283,1.62245028203429e-05,0.000463316698463944,3.67842797710967,"8120441"
1.891175,9.773775,13.818152526366,1.62594221599703e-05,0.000463916006564295,3.67602672956069,"8019885"
-1.64895,11.5604666666667,-13.8124804399804,1.62956576387685e-05,0.000464335941827967,3.67354033366077,"7894661"
1.836,7.123535,13.8086678567096,1.63200672390236e-05,0.000464335941827967,3.67186846617856,"8059186"
1.79151,7.690405,13.8079885969266,1.6324420626267e-05,0.000464335941827967,3.67157055152447,"8103415"
-1.40034,8.13323666666667,-13.8071306379494,1.63299212505796e-05,0.000464335941827967,3.67119423990653,"8155930"
-1.393455,8.40823333333333,-13.7929121283008,1.64213982351301e-05,0.000466538649347378,3.6649542795747,"8103166"
2.051235,10.0325883333333,13.7862583340642,1.64644132577589e-05,0.000467185257913004,3.66203188623919,"7913237"
1.51587,6.68357166666667,13.784186704895,1.64778328194049e-05,0.000467185257913004,3.66112171279449,"8175860"
1.710465,8.36243166666667,13.7828882695485,1.64862503543196e-05,0.000467185257913004,3.66055117075081,"8009255"
1.45043,6.81140666666667,13.7753613805342,1.65351455792499e-05,0.000468079013339557,3.65724269942787,"8063796"
1.58288,9.65826,13.7736703961303,1.65461537737181e-05,0.000468079013339557,3.65649916266226,"8124416"
1.33059,8.97064833333333,13.7715510575298,1.65599626907529e-05,0.000468079013339557,3.65556714182992,"7940561"
1.85166,9.15416333333333,13.7679731115827,1.65833061658999e-05,0.000468341259886319,3.65399333147032,"8141107"
1.587665,9.64522,13.7604666092167,1.66324064004606e-05,0.000469329860945877,3.65069010827828,"7974483"
3.20653,7.40284666666667,13.7583099653642,1.66465446504368e-05,0.000469331073010664,3.64974073473122,"8019954"
1.616925,9.94452,13.7494539298228,1.67047502127404e-05,0.00047057366144976,3.64584060870323,"7895919"
1.445115,9.34782,13.7291184287985,1.68393112839494e-05,0.000473784615942796,3.63687513686737,"8013671"
1.68866,3.45862833333333,13.7279332327329,1.68471929986566e-05,0.000473784615942796,3.63635218500817,"7957433"
-3.006885,5.50096833333333,-13.6994065792127,1.70382137298599e-05,0.000478752238449912,3.6237510231283,"8141016"
1.3364,9.29487166666667,13.6956952654394,1.70632521793205e-05,0.000479051524295814,3.62210961214094,"8112980"
1.519595,7.46140833333333,13.6865249490164,1.71253055680571e-05,0.000480037350757608,3.61805185627118,"8161026"
1.540745,7.62874333333333,13.6843914804156,1.713978025878e-05,0.000480037350757608,3.61710741739763,"8105504"
2.767265,5.417255,13.6841209585,1.71416166636873e-05,0.000480037350757608,3.61698765247993,"8135224"
-1.356885,9.73755333333333,-13.6740170508359,1.72103717135669e-05,0.000481557770543394,3.61251271122847,"8068353"
-2.00226,9.09624333333333,-13.6676827380089,1.72536407295778e-05,0.000482363119540515,3.60970554474883,"7937079"
-1.368425,8.71567166666667,-13.6594360051664,1.73101650141874e-05,0.000483317675845776,3.60604883230831,"8137414"
1.936135,5.709835,13.6584678799552,1.73168149468123e-05,0.000483317675845776,3.60561940242755,"8103094"
1.300945,7.367875,13.6556891006467,1.73359187223317e-05,0.000483445632912461,3.60438664806891,"8035980"
1.433615,9.84423666666667,13.6454196854834,1.74067349713957e-05,0.000484676749530659,3.59982855346889,"7985829"
1.3706,8.380315,13.6450663186601,1.74091777769369e-05,0.000484676749530659,3.5996716478268,"7900792"
-1.46214,8.73228833333333,-13.6402561456716,1.74424703438118e-05,0.000485038192475246,3.59753536544485,"8085665"
1.39095,11.0884833333333,13.6389830167308,1.74512945486184e-05,0.000485038192475246,3.59696981583394,"8014974"
1.31295,6.96755333333333,13.6142594536317,1.76237011594965e-05,0.00048942149917244,3.58597625106429,"8164357"
2.00846,4.43377166666667,13.6009806689918,1.77171250902648e-05,0.000491474313323474,3.58006317513664,"8054135"
-2.444235,5.86989,-13.5995617912021,1.77271420939271e-05,0.000491474313323474,3.57943099181521,"8163839"
1.3485,11.47395,13.5885265231051,1.78052765644088e-05,0.000492800013976748,3.57451187780114,"7905079"
1.3485,11.47395,13.5885265231051,1.78052765644088e-05,0.000492800013976748,3.57451187780114,"7919619"
-1.27125,11.3366666666667,-13.5865435679156,1.78193596068116e-05,0.000492800013976748,3.57362751144088,"8127051"
-1.441465,8.096575,-13.5733630030161,1.79133020213557e-05,0.000494986902410856,3.5677457923039,"7929032"
2.056485,7.17275666666667,13.5708553788863,1.79312405557388e-05,0.00049506632554871,3.56662611630084,"7978846"
-2.526745,6.4913,-13.5676461462227,1.79542289228706e-05,0.00049506632554871,3.56519285360251,"8177137"
1.686115,4.95928166666667,13.5654413103366,1.79700426707539e-05,0.00049506632554871,3.56420795725886,"8074192"
1.79268,6.37853166666667,13.564660182013,1.79756490851545e-05,0.00049506632554871,3.56385898886277,"8072039"
1.8242,6.50554666666667,13.5510029601134,1.80740043988107e-05,0.00049736373922909,3.5577542750768,"8097857"
1.443555,7.97549166666667,13.5410916501544,1.8145778903588e-05,0.000498926507145146,3.55331997954336,"8167347"
1.55744,6.44056,13.5361689272775,1.81815521486584e-05,0.000499078917156732,3.55111631770272,"7894810"
2.95608,4.66886666666667,13.5357479153585,1.81846154722003e-05,0.000499078917156732,3.55092781282528,"7933121"
1.408885,8.59817,13.530529296253,1.82226370524566e-05,0.000499078917156732,3.54859071242933,"7961031"
2.42872,5.18470666666667,13.5302753960374,1.82244892892663e-05,0.000499078917156732,3.5484769822724,"7957221"
-1.437405,8.57417,-13.5270914433328,1.82477354543114e-05,0.000499078917156732,3.5470505990269,"7987439"
1.486365,7.446875,13.5264221596446,1.82526263523968e-05,0.000499078917156732,3.54675072157666,"8065607"
-2.3445,7.00681833333333,-13.5253205630967,1.82606798011924e-05,0.000499078917156732,3.54625710978269,"8036151"
-2.709895,6.28250333333333,-13.5238780859531,1.82712316429125e-05,0.000499078917156732,3.54561069075735,"8141140"
1.550355,8.117825,13.5127961769905,1.83525361666992e-05,0.000500888849789001,3.54064216302775,"8117535"
1.776455,6.24238333333333,13.5106390569228,1.83684116813823e-05,0.000500911550986886,3.53967453752547,"7933537"
2.97605,7.80278,13.5017603990448,1.84339250942166e-05,0.000502071616466388,3.53569013085629,"7896654"
2.30455,6.38281,13.5007891408612,1.84411084163256e-05,0.000502071616466388,3.53525410253866,"7997336"
1.32197,4.70432333333333,13.4967086064792,1.84713235787355e-05,0.000502483383334277,3.53342186821967,"8138258"
2.15885,6.74946,13.4897701160861,1.85228347468575e-05,0.000503473329441725,3.53030504512275,"7962274"
-1.420845,8.45222666666667,-13.4874097680759,1.85403963762378e-05,0.000503539623278622,3.52924438113428,"7935521"
-1.36442,9.48685333333333,-13.4808983894644,1.85889443354889e-05,0.000504244332698296,3.52631738397014,"7928429"
-2.65221,7.85337166666667,-13.4798691937505,1.85966315449893e-05,0.000504244332698296,3.52585460590759,"7935116"
-1.64844,9.19412666666667,-13.472940943429,1.86484769648009e-05,0.000504762828536851,3.52273836671472,"7973352"
1.3294,10.8476,13.470955939044,1.86633624233112e-05,0.000504762828536851,3.52184523188286,"8075130"
1.337285,8.30951833333333,13.4699792640396,1.86706915902209e-05,0.000504762828536851,3.52140573587935,"8161701"
1.45585,7.032045,13.4692200251338,1.86763914093582e-05,0.000504762828536851,3.5210640616606,"8109528"
1.71284,8.59178666666667,13.4663659467228,1.86978360746621e-05,0.000504932561052737,3.51977948563065,"7979044"
1.8195,6.69906333333333,13.4537727216568,1.87928038825422e-05,0.000507085892120751,3.51410811347468,"8151369"
2.299075,7.11243166666667,13.4440945208693,1.88661743065674e-05,0.000508471950718229,3.50974580004545,"8009476"
1.48478,5.70945333333333,13.4424953897536,1.88783296966782e-05,0.000508471950718229,3.50902470207458,"8133258"
1.53783,7.61234166666667,13.44096329323,1.8889984173903e-05,0.000508471950718229,3.50833374903748,"8052382"
-1.361625,9.42024833333333,-13.4378080706494,1.89140122257161e-05,0.000508694311805386,3.50691053388079,"7932311"
1.35625,10.5641333333333,13.4358685726424,1.89287999617645e-05,0.000508694311805386,3.50603552017872,"8150089"
-1.333565,8.02363666666667,-13.4312161609102,1.89643277748705e-05,0.000508873722377819,3.50393603117659,"8121429"
1.351625,8.77869333333333,13.4309919832674,1.8966041669546e-05,0.000508873722377819,3.50383484781533,"7905329"
4.079345,5.2571,13.4185244916604,1.90616459830802e-05,0.000510949998116552,3.49820485714334,"8095303"
1.88259,8.27575833333333,13.4169037019668,1.90741162164421e-05,0.000510949998116552,3.49747255488308,"8148158"
1.478605,8.59059333333333,13.410605292634,1.91226668020713e-05,0.000511838775328431,3.49462595246559,"7953844"
1.961425,4.53954,13.407393355075,1.91474815691717e-05,0.000512091320328282,3.4931737678223,"8112428"
-2.00181,8.17065166666667,-13.4036832063925,1.91761925272945e-05,0.000512447578315671,3.49149588478895,"7936100"
1.594655,7.41518,13.4009986917059,1.91969981720881e-05,0.00051259217974019,3.4902815372902,"8086880"
1.74598,6.83053333333333,13.3832684695356,1.93350798354683e-05,0.000515144534162557,3.48225491902471,"7899534"
1.75702,4.65459,13.382767337812,1.93389995405951e-05,0.000515144534162557,3.4820278932762,"8130807"
1.75702,4.65459,13.382767337812,1.93389995405951e-05,0.000515144534162557,3.4820278932762,"8130980"
1.3247,11.2934833333333,13.3712632475273,1.94292384376048e-05,0.00051594709195982,3.47681382941776,"7895422"
-1.316125,9.13693333333333,-13.3702774399831,1.9436994173006e-05,0.00051594709195982,3.47636681124977,"7927786"
-1.71449,9.21407833333333,-13.3700103584773,1.94390960344769e-05,0.00051594709195982,3.47624569628094,"8085914"
-1.348465,8.72181166666667,-13.3700076707922,1.94391171872118e-05,0.00051594709195982,3.47624447746842,"7931810"
1.424765,6.99118,13.3675056704453,1.94588202755903e-05,0.00051594709195982,3.47510975982138,"7977868"
-1.36164,8.83314833333333,-13.3670894685627,1.94621001141705e-05,0.00051594709195982,3.47492098097445,"8056860"
1.39608,3.71376833333333,13.3631171763154,1.94934360874461e-05,0.000516366699605166,3.47311894295974,"8100097"
-1.378675,9.800225,-13.3575745325087,1.95372591291204e-05,0.000516971800705747,3.47060358939274,"8169473"
-2.111735,5.84805833333333,-13.3563026649005,1.95473315039954e-05,0.000516971800705747,3.47002624082378,"8102587"
-1.402525,8.25548166666667,-13.3331338725213,1.97318858365857e-05,0.000521438573572058,3.45949913081497,"8123678"
2.003825,7.55844,13.313164677014,1.98925979607307e-05,0.000525268702853648,3.45041068339299,"8180326"
1.26041,9.26682166666667,13.309552263149,1.99218347047734e-05,0.00052562387493252,3.44876509065771,"8052331"
1.299165,6.73576333333333,13.3060400665213,1.99503087715247e-05,0.000525957007121426,3.44716470992675,"8007707"
1.606045,9.97279666666667,13.3027591933726,1.99769506633337e-05,0.000525957007121426,3.44566934215374,"8124391"
-2.204845,7.46146833333333,-13.3021565815666,1.99818486352705e-05,0.000525957007121426,3.44539464039375,"8143629"
-1.69261,7.59832166666667,-13.2996155133757,2.00025177246288e-05,0.000526085175890178,3.44423614866917,"8130142"
-2.21849,7.62775166666667,-13.2910977723503,2.00719846446524e-05,0.00052731845197226,3.44035118585369,"8040103"
1.404145,6.30991833333333,13.2820943392701,2.01457210560897e-05,0.00052731845197226,3.43624191208411,"8078805"
1.681535,6.50255833333333,13.2817451468415,2.01485872816064e-05,0.00052731845197226,3.43608247879853,"8046003"
1.46271,6.79398,13.2808393623545,2.01560243347035e-05,0.00052731845197226,3.43566889819679,"8161224"
-1.275505,9.61735166666667,-13.2802023595421,2.01612564552263e-05,0.00052731845197226,3.43537802575448,"7905754"
1.886745,6.78932833333333,13.2795129784314,2.01669205911567e-05,0.00052731845197226,3.43506321981747,"7897044"
-1.48722,9.73622666666667,-13.275441395782,2.02004119406385e-05,0.00052731845197226,3.43320358842419,"7937518"
1.48498,7.379025,13.2753678624406,2.02010173995504e-05,0.00052731845197226,3.43316999783369,"8129666"
-1.32585,11.2892833333333,-13.2752273655055,2.0202174282672e-05,0.00052731845197226,3.43310581723136,"8099340"
1.48007,6.42284333333333,13.2745471028598,2.020777681823e-05,0.00052731845197226,3.4327950556167,"8094688"
1.510975,8.05874,13.2719533152962,2.02291556005731e-05,0.000527462955389415,3.43160999591151,"8081953"
1.34625,11.22245,13.2644730705429,2.02909590413676e-05,0.000527847815743076,3.42819105845318,"8019842"
-1.615475,8.34760333333333,-13.2639206486876,2.02955320642745e-05,0.000527847815743076,3.42793848867349,"7980908"
1.58343,8.99775166666667,13.2638453109932,2.02961558137429e-05,0.000527847815743076,3.42790404309953,"7973036"
-1.68568,6.70241,-13.2624965484444,2.03073265449404e-05,0.000527847815743076,3.42728733369551,"8118594"
2.0795,6.80768666666667,13.2577075975524,2.03470480352112e-05,0.000528235412834164,3.42509710841418,"8143144"
-1.493355,9.62539333333333,-13.2565739147342,2.03564646173611e-05,0.000528235412834164,3.42457849984607,"7906863"
-1.94349,6.59991333333333,-13.2518823951258,2.03954877418041e-05,0.000528235412834164,3.42243185716162,"8122265"
1.430575,9.37381,13.2518561105464,2.03957066191731e-05,0.000528235412834164,3.4224198282395,"8107769"
2.81264,3.13343,13.2511533204759,2.0401559927463e-05,0.000528235412834164,3.42209819303457,"7954344"
1.87562,7.76424833333333,13.2114648074997,2.07353389135241e-05,0.000536169385351754,3.40390605220525,"8180328"
-2.271595,6.79303333333333,-13.2066305359862,2.07764317673393e-05,0.000536169385351754,3.40168631809684,"8179519"
-1.614775,10.370475,-13.2043419644443,2.07959187247097e-05,0.000536169385351754,3.40063519235217,"8089299"
1.87205,4.16247,13.2035723517169,2.08024767246821e-05,0.000536169385351754,3.40028167229103,"7896532"
1.630835,10.2090733333333,13.2034185209673,2.08037878338388e-05,0.000536169385351754,3.40021100790766,"8124388"
2.22466,6.0396,13.2033229555448,2.08046023928422e-05,0.000536169385351754,3.40016710812062,"8092095"
1.407095,9.48111333333333,13.2006258904794,2.08276064881746e-05,0.000536347110005219,3.39892802563433,"7961339"
-1.48072,8.69466166666667,-13.188119505989,2.09346686665952e-05,0.000538424548603362,3.39317895783642,"8144488"
1.392605,7.97806666666667,13.1874266293645,2.09406189879375e-05,0.000538424548603362,3.39286028533044,"8138116"
-1.37781,10.20883,-13.1778770784701,2.10228318842329e-05,0.000540121321951623,3.38846643967176,"8000706"
1.34255,10.7985833333333,13.1748373146125,2.10490810003213e-05,0.000540183851720186,3.38706712763855,"7984540"
1.460355,7.77661166666667,13.1738387688724,2.10577120921645e-05,0.000540183851720186,3.38660738901896,"7989670"
-1.59181,8.722395,-13.1687368245242,2.1101876529465e-05,0.000540900063742567,3.38425785388447,"8175647"
1.357815,8.887155,13.16047604096,2.11736161045515e-05,0.000541854081419527,3.38045163651805,"8048995"
1.39377,7.66536666666667,13.1593867676549,2.11830971088268e-05,0.000541854081419527,3.37994956284356,"8147040"
1.662195,9.05810833333333,13.1574643694795,2.11998417810111e-05,0.000541854081419527,3.37906337677108,"8148293"
2.041875,5.396845,13.1565181755618,2.12080891282562e-05,0.000541854081419527,3.37862715203133,"7975066"
-3.804055,8.10435666666667,-13.155099486428,2.12204619686777e-05,0.000541854081419527,3.37797303203792,"7976567"
-2.01941,7.00966666666667,-13.1497447849423,2.12672385083197e-05,0.000542267330325571,3.37550346881505,"8134339"
-2.422965,7.58778833333333,-13.1465300242241,2.12953795760762e-05,0.000542267330325571,3.37402034067215,"8154381"
-1.5323,10.7057133333333,-13.1463184594249,2.12972330858287e-05,0.000542267330325571,3.37392272231987,"8099897"
-2.41626,4.61011,-13.1457985274512,2.13017889919766e-05,0.000542267330325571,3.37368281307683,"8086615"
1.86029,8.053555,13.1421659191364,2.13336517057589e-05,0.000542663560616236,3.37200636779706,"7947248"
1.642975,5.58295833333333,13.1351589042327,2.13952706877818e-05,0.000543815517626773,3.36877129430851,"8044124"
-1.33512,6.25598166666667,-13.1262865992986,2.14735931136437e-05,0.000544923639314708,3.36467249405685,"8116658"
-1.507095,9.64258166666667,-13.1255111481985,2.14804545907809e-05,0.000544923639314708,3.36431411856836,"8087337"
1.29447,9.19546166666667,13.1246628006406,2.14879640334028e-05,0.000544923639314708,3.36392202904747,"8001099"
-1.31213,10.58054,-13.1216528719191,2.1514632358512e-05,0.000545184713577911,3.36253068967282,"8047127"
-1.593395,9.22911166666667,-13.1196287606361,2.15325880930906e-05,0.0005452247800271,3.3615948603606,"8022295"
1.32865,7.09745333333333,13.1094004716453,2.1623592181314e-05,0.000547046383644957,3.35686364018194,"7921088"
1.807805,9.62764166666667,13.1078543938416,2.16373873700456e-05,0.000547046383644957,3.35614815384932,"8140955"
-1.741355,5.98316833333333,-13.0879459598632,2.18159514448721e-05,0.000551142439499169,3.34692729265329,"7900159"
-1.7694,7.753765,-13.0838312499145,2.18530729530984e-05,0.000551544731113746,3.3450197171951,"8059413"
-1.54111,8.663065,-13.0782878165351,2.19032013194715e-05,0.000551544731113746,3.34244881523245,"8108478"
2.199525,5.94258333333333,13.0779314196542,2.19064287779259e-05,0.000551544731113746,3.34228348933614,"8094938"
3.320685,6.00654166666667,13.0776130525996,2.19093123184191e-05,0.000551544731113746,3.34213580086832,"7970381"
1.821575,8.65166166666667,13.0770186264344,2.19146973980685e-05,0.000551544731113746,3.34186004046542,"7904314"
1.88276,6.68625833333333,13.0663243624288,2.20118460133045e-05,0.000553571326816465,3.33689666758463,"7940530"
1.811065,7.75945333333333,13.0610048332195,2.20603579651738e-05,0.000554225673736356,3.33442624276251,"8117020"
2.81571,6.39209666666667,13.0592619854216,2.20762793424178e-05,0.000554225673736356,3.33361662859567,"8136807"
1.24155,11.1405666666667,13.0580018117631,2.20877997731971e-05,0.000554225673736356,3.33303116465639,"7979864"
2.13417,5.02026,13.0406744867212,2.22469235777917e-05,0.000557798052989255,3.32497519507539,"8112198"
1.814475,8.307255,13.0373847927322,2.22772860765768e-05,0.000557849581785133,3.323444484887,"7927389"
2.08111,7.74782,13.0368218993713,2.22824862232101e-05,0.000557849581785133,3.32318252834389,"8108683"
-1.364965,8.86877166666667,-13.034228362162,2.23064643852598e-05,0.000558030311522161,3.32197541123634,"8007931"
-1.43823,8.98152333333333,-13.0324122776562,2.23232727704708e-05,0.000558031541620395,3.32112999976415,"8143863"
2.109555,6.86150833333333,13.0233639074932,2.24072401281601e-05,0.000559710333493883,3.31691606621532,"7933855"
1.46496,8.17875333333333,13.0198780452912,2.24396873167404e-05,0.00056006574397606,3.31529185955365,"8138602"
-1.952815,4.90902833333333,-13.018223328116,2.24551091151768e-05,0.00056006574397606,3.31452070303316,"8120362"
-1.884805,7.75770833333333,-13.0121900420103,2.25114443042233e-05,0.000561050569609074,3.31170812969527,"7927799"
-1.41397,6.39505333333333,-13.0075232842024,2.25551335854549e-05,0.000561718985037317,3.30953168418288,"8136388"
1.555895,4.81498833333333,12.999897969606,2.26267348515542e-05,0.000563081009231838,3.30597373165669,"7922152"
-1.41302,8.81318666666667,-12.9932912416031,2.26889876376457e-05,0.000564073528673815,3.30288932342174,"7917912"
-2.96725,4.67568333333333,-12.992071861365,2.27004993970301e-05,0.000564073528673815,3.30231986992878,"8035793"
-1.861155,10.276615,-12.9897234470394,2.27226893270799e-05,0.000564203867653824,3.30122300086583,"7892561"
-2.49765,5.79475666666667,-12.9815744828725,2.27998859435047e-05,0.000565698809434335,3.29741530833637,"8060940"
-1.21823,10.23889,-12.9541757915508,2.30617077147653e-05,0.000571768936543962,3.28459503567887,"7947681"
1.41587,7.56428,12.9507143502517,2.30950359119324e-05,0.000571925835496155,3.28297340313901,"7987636"
1.42532,7.18191333333333,12.9499514473539,2.31023890663522e-05,0.000571925835496155,3.28261593521553,"7943349"
-1.3764,10.56755,-12.9466750111364,2.31339999176078e-05,0.000572282908808757,3.28108047450324,"8000998"
2.855195,6.307705,12.9321291858507,2.32749521085015e-05,0.000575342301675408,3.27425896161222,"7947553"
-1.46522,5.72317,-12.9269395639861,2.33254846819423e-05,0.000576055747997111,3.27182330379244,"8092002"
1.36797,8.55828,12.9256137617085,2.33384149937863e-05,0.000576055747997111,3.27120090172128,"8173629"
1.347395,8.07176333333333,12.9186199735333,2.34067636856864e-05,0.000577314822549853,3.26791656687485,"8173766"
-1.90433,5.92502333333333,-12.9164656927285,2.34278643313288e-05,0.000577407548956518,3.266904535028,"7923386"
1.62406,5.09936333333333,12.9030473369653,2.35597980053976e-05,0.000579800882620639,3.26059701814216,"8045319"
1.62406,5.09936333333333,12.9030473369653,2.35597980053976e-05,0.000579800882620639,3.26059701814216,"8055234"
1.40042,7.03208166666667,12.8994821736637,2.35949984893667e-05,0.000579976571116461,3.25892002967768,"8097513"
-3.653395,7.271035,-12.8973565769193,2.36160148743704e-05,0.000579976571116461,3.25791996232937,"8035779"
3.776035,5.85107833333333,12.895375488345,2.36356222670398e-05,0.000579976571116461,3.25698773292501,"8100464"
1.38895,7.62191666666667,12.8952757293927,2.36366101151767e-05,0.000579976571116461,3.25694078606779,"8016909"
1.414075,9.821155,12.8892850375576,2.36960210554108e-05,0.00058075391681695,3.25412086951923,"8017106"
1.20766,8.58549333333333,12.8874201161508,2.37145516627262e-05,0.00058075391681695,3.25324274768129,"8037991"
-1.47911,9.07171,-12.8856529981374,2.37321261656299e-05,0.00058075391681695,3.2524105582186,"8150318"
-1.66321,7.50858,-12.8850570085282,2.37380569056632e-05,0.00058075391681695,3.25212986239027,"8140971"
1.78454,6.96980833333333,12.883157258433,2.37569730934318e-05,0.00058078996555947,3.25123504041639,"7974166"
1.6714,7.15316,12.8791218251644,2.37972134902256e-05,0.000581346894779194,3.2493338204843,"8084794"
-1.396125,8.52730833333333,-12.8766764509631,2.38216371509663e-05,0.00058151690045141,3.24818143194199,"7944049"
2.33213,5.59101666666667,12.8735442787731,2.3852963369227e-05,0.000581855033923187,3.24670506218058,"8035868"
-1.8292,8.49409666666667,-12.8697794274497,2.38906813516366e-05,0.000582348475084512,3.24492999024183,"8112807"
1.31501,8.25828666666667,12.8635977696697,2.39527640677135e-05,0.000583434663615696,3.2420142811449,"8071981"
-1.591325,8.65650833333333,-12.8607257446676,2.3981672434564e-05,0.000583668319600393,3.24065914407095,"7898939"
-1.303205,10.608815,-12.8591634354189,2.39974150684127e-05,0.000583668319600393,3.23992185409823,"7945573"
1.466705,6.30593166666667,12.855517015335,2.40342055343796e-05,0.000584136453779735,3.23820066859633,"8172056"
2.29509,8.45101666666667,12.8502571532493,2.40873915697937e-05,0.000584581656423088,3.23571702848143,"8056572"
-1.2205,10.1395333333333,-12.8502329620971,2.40876365021617e-05,0.000584581656423088,3.23570560333319,"7934278"
1.609485,7.25442833333333,12.839413173539,2.41974793851013e-05,0.000586765937439144,3.23059336785254,"7904361"
1.59634,4.611685,12.8379003971981,2.42128839847849e-05,0.000586765937439144,3.22987824731854,"8146957"
1.783525,4.99254166666667,12.8331546475598,2.42612847586627e-05,0.000587511271715775,3.22763427650103,"8094759"
1.339045,10.7657683333333,12.8243928373514,2.43509433268456e-05,0.000588882614372325,3.22348913774902,"8008237"
-1.329885,7.35119833333333,-12.8235507285176,2.43595810111108e-05,0.000588882614372325,3.22309059121004,"7965941"
1.266155,9.29576666666667,12.822440764803,2.43709716372365e-05,0.000588882614372325,3.22256523573079,"8069753"
1.53253,4.48342333333333,12.80848683595,2.45147041832149e-05,0.000591868202425056,3.21595676636884,"7943562"
1.31767,8.49558,12.8061882887289,2.45384757945711e-05,0.000591868202425056,3.21486748957717,"7955019"
-1.30965,10.8367333333333,-12.805281932247,2.45478567903716e-05,0.000591868202425056,3.21443791438917,"8106098"
1.56288,5.81093333333333,12.8032736546052,2.45686579337355e-05,0.000591941102184943,3.2134859642193,"7923978"
1.450865,8.01066333333333,12.800922389022,2.4593037961028e-05,0.000592063886088263,3.21237124004368,"8131666"
-1.50894,7.112575,-12.7993539535959,2.46093167055938e-05,0.000592063886088263,3.21162753614228,"7954969"
1.635715,9.61165833333333,12.7966324877591,2.46375927635249e-05,0.000592316192236166,3.21033688048433,"8019877"
-4.24746,4.36939333333333,-12.7943056018859,2.46617994002126e-05,0.000592470371305108,3.20923313286458,"7976810"
-1.78708,5.081885,-12.7889196444478,2.47179368666672e-05,0.000593390875161801,3.20667754475839,"7971296"
-1.337865,5.37832333333333,-12.7851140255498,2.4757693081372e-05,0.000593917079632885,3.20487115253225,"7922130"
-1.273345,8.74755833333333,-12.781335704563,2.47972384481409e-05,0.00059431557640255,3.20307717629698,"8068612"
1.51133,9.52963,12.7801176930411,2.48100024386444e-05,0.00059431557640255,3.20249873992046,"8168146"
1.638075,6.68992833333333,12.7751671778516,2.48619601988622e-05,0.000595132055170031,3.20014715184364,"8151310"
1.933425,7.70324333333333,12.7732469447171,2.4882148257969e-05,0.00059518742136896,3.19923475532991,"8081590"
1.663425,9.43431833333333,12.7713912485747,2.49016761160242e-05,0.000595226927232777,3.19835289089874,"7960117"
1.21766,8.41589,12.7674722077227,2.49429761456394e-05,0.000595276941470438,3.19649005482281,"8152750"
-1.254705,10.259565,-12.76714515448,2.49464263669293e-05,0.000595276941470438,3.19633457044468,"7976876"
1.90915,4.44740166666667,12.7661051176093,2.49574018768277e-05,0.000595276941470438,3.19584009960023,"7917052"
-1.596955,7.94620333333333,-12.7520474359133,2.51063104930508e-05,0.000598400014665076,3.1891525508508,"7931683"
-1.60029,5.85245666666667,-12.7235129161507,2.54117890318173e-05,0.000604959762588421,3.17555497175826,"8030925"
2.251845,6.56116666666667,12.7229492986649,2.54178667105505e-05,0.000604959762588421,3.17528607858246,"8046186"
-1.661615,7.66373166666667,-12.719612180696,2.54538869890018e-05,0.000605384339337708,3.17369374322067,"7954631"
-1.789855,6.74849166666667,-12.7080016252366,2.55796773781635e-05,0.000607941839872027,3.16815035454796,"8175666"
3.120235,5.38845666666667,12.690423312468,2.57715156552722e-05,0.000611717617193783,3.15974789810593,"8174189"
-1.4644,8.56874333333333,-12.6900790478954,2.57752895733212e-05,0.000611717617193783,3.15958322120141,"7953735"
2.34401,4.620545,12.6698922391193,2.59977219626024e-05,0.00061655708560454,3.1499190423245,"7963817"
1.690065,5.31348833333333,12.6621068493933,2.60841087408941e-05,0.000617834968300362,3.14618770858704,"8175629"
-1.41332,7.57934166666667,-12.6616925130701,2.60887156629819e-05,0.000617834968300362,3.14598906277088,"7916112"
1.98057,6.57651833333333,12.6516711222884,2.62004331249395e-05,0.000619889269140165,3.14118248382488,"8180266"
-1.387115,7.97938666666667,-12.6494188379848,2.62256186411961e-05,0.000619889269140165,3.14010168470665,"8177955"
1.38387,5.94672,12.6482282319643,2.62389437362211e-05,0.000619889269140165,3.13953027211564,"8105456"
1.45823,6.40690666666667,12.647247269383,2.62499285067013e-05,0.000619889269140165,3.13905943358514,"8040231"
-1.38488,10.0971866666667,-12.6419536731126,2.63092992379781e-05,0.00062026371576793,3.1365179946836,"8142540"
-1.280015,9.51730666666667,-12.640883689272,2.63213188765093e-05,0.00062026371576793,3.13600416766156,"8061447"
1.7582,6.633025,12.6408524827358,2.63216695311916e-05,0.00062026371576793,3.13598918101466,"8131205"
1.516545,8.16528333333333,12.6313335892682,2.64288858758891e-05,0.000622309822979503,3.1314160691891,"8140814"
-2.362515,8.17842,-12.6298291573369,2.64458779924917e-05,0.000622309822979503,3.1306929830472,"8066925"
1.453985,7.79186666666667,12.6200339308568,2.65568264803734e-05,0.000623855922660795,3.12598289490831,"8121825"
-1.499145,8.081755,-12.6190686268969,2.65677898409168e-05,0.000623855922660795,3.1255185225971,"8149161"
-1.499145,8.081755,-12.6190686268969,2.65677898409168e-05,0.000623855922660795,3.1255185225971,"8149210"
1.669695,8.24904166666667,12.6135759347394,2.66302739164143e-05,0.000624882473992141,3.12287550430978,"7922137"
1.68391,6.57814,12.6077606494142,2.66966159563062e-05,0.000625498470933803,3.12007598620532,"8155898"
1.66735,9.52868166666667,12.6066552346736,2.67092487140232e-05,0.000625498470933803,3.11954368394994,"7983335"
-2.50445,6.34685666666667,-12.6063374384299,2.67128818112103e-05,0.000625498470933803,3.11939064334955,"8015268"
1.299505,9.29956833333333,12.6023746294954,2.67582340528811e-05,0.000625805339564893,3.11748195168993,"8145418"
-1.64436,8.85286833333333,-12.6019083424496,2.67635764044931e-05,0.000625805339564893,3.11725732398004,"8025672"
1.19163,7.22855166666667,12.594494858869,2.68486828113163e-05,0.000627095342562465,3.11368484288263,"7901788"
-1.50287,9.34342166666667,-12.5938229277548,2.68564122441684e-05,0.000627095342562465,3.11336094090965,"7910001"
-1.829195,6.314385,-12.5896014327699,2.69050332483705e-05,0.000627401820428965,3.11132558378826,"7918487"
1.502895,8.20987333333333,12.5893015408398,2.69084911803553e-05,0.000627401820428965,3.11118096719462,"8055978"
-1.490865,6.43216666666667,-12.5877780971737,2.69260654531336e-05,0.000627401820428965,3.11044626453316,"8109843"
1.797065,7.288305,12.5731371765728,2.70956505809863e-05,0.000630911802374196,3.10338087350636,"8141898"
2.268305,7.02496833333333,12.5705280851905,2.71260030998632e-05,0.000631177166468306,3.10212090773224,"8096411"
-1.36211,8.79913833333333,-12.5553956596091,2.7302833675256e-05,0.000634848081623603,3.09480802713883,"8137596"
-1.66352,6.44805833333333,-12.5504859920827,2.73604964310242e-05,0.000635639774588508,3.09243346874228,"8011884"
1.319115,9.80103166666667,12.549247742858,2.73750619202907e-05,0.000635639774588508,3.09183444159724,"7909568"
-1.35247,8.44152166666667,-12.5451086926985,2.74238155855964e-05,0.000636328074950247,3.08983166124647,"7972946"
1.558555,9.54378666666667,12.5410695589759,2.7471490680796e-05,0.000636547129574437,3.08787658299744,"8180255"
1.558555,9.54378666666667,12.5410695589759,2.7471490680796e-05,0.000636547129574437,3.08787658299744,"8180321"
1.736905,7.00829333333333,12.5298200857464,2.76047855017523e-05,0.000639190919924789,3.08242809416801,"8124406"
2.099595,7.173655,12.526530427903,2.76439080413451e-05,0.000639651984748206,3.08083386958545,"8140403"
-1.944715,7.81295666666667,-12.5191628237281,2.77317643856092e-05,0.000641239276908077,3.0772618651517,"7999079"
1.300215,6.09209833333333,12.5166809574543,2.7761433663357e-05,0.000641479845030393,3.07605811355212,"7926506"
1.403435,7.71992333333333,12.5141750019799,2.77914287440063e-05,0.000641727602558375,3.07484243325437,"8081503"
2.04884,7.04611666666667,12.50088873621,2.79510962432853e-05,0.000644967187534768,3.0683929308585,"8063345"
1.876535,6.14865166666667,12.4921114973218,2.80571675872364e-05,0.000646137290818276,3.06412842538914,"7924508"
1.32565,9.23713666666667,12.4916050980815,2.806330174062e-05,0.000646137290818276,3.06388229405252,"8073858"
1.30442,10.10361,12.4906299678765,2.80751181982482e-05,0.000646137290818276,3.06340831133135,"7924733"
1.795795,8.02483166666667,12.4888438459385,2.80967772691676e-05,0.000646137290818276,3.0625400318572,"7902023"
-1.179615,9.19924833333333,-12.4878902964959,2.81083483410524e-05,0.000646137290818276,3.06207643573031,"8159142"
1.27948,10.8820566666667,12.4870757640761,2.81182369101025e-05,0.000646137290818276,3.06168039848117,"7904433"
1.338635,9.31848833333333,12.4852543876644,2.81403635307011e-05,0.000646199782401209,3.06079472487183,"8135235"
1.98754,5.663675,12.4783388745207,2.82245616563824e-05,0.00064701549205804,3.05743075558113,"8128316"
2.00515,7.00201,12.4766134908835,2.8245614733267e-05,0.00064701549205804,3.05659116949299,"8151686"
1.389755,7.64504833333333,12.4750422656664,2.82648028198261e-05,0.00064701549205804,3.05582649609412,"7907058"
1.35685,8.60797166666667,12.4743678299588,2.82730438461257e-05,0.00064701549205804,3.05549823637126,"8124848"
1.35685,8.60797166666667,12.4743678299588,2.82730438461257e-05,0.00064701549205804,3.05549823637126,"8179704"
1.46708,9.43751833333333,12.4655708112413,2.83807947413533e-05,0.000649035248971732,3.05121492933459,"8099860"
1.47537,8.29120166666667,12.4623264240514,2.842065551953e-05,0.000649500732212622,3.04963445202147,"8036324"
-1.49322,7.634795,-12.4595496119135,2.84548238609859e-05,0.000649835576199758,3.04828141998889,"8012212"
1.27173,9.89441333333333,12.4514314456631,2.85549939538812e-05,0.000651676239672641,3.0443240070956,"7912956"
2.190725,7.47335333333333,12.4462892361058,2.8618657941441e-05,0.000652681817449425,3.04181595387191,"7902913"
1.41673,7.43613,12.4354739773325,2.87531028532979e-05,0.000654677851643736,3.03653751986462,"7919645"
1.21518,8.06424166666667,12.4349475432811,2.87596658836986e-05,0.000654677851643736,3.03628047314842,"8009517"
-1.62977,10.7722433333333,-12.433427738758,2.87786230935266e-05,0.000654677851643736,3.03553832279613,"8030007"
1.79967,6.550965,12.4319830017784,2.8796657558408e-05,0.000654677851643736,3.03483274447811,"8097628"
1.381365,7.77471833333333,12.4313559998354,2.88044884721769e-05,0.000654677851643736,3.03452650452012,"8123407"
1.34442,7.80187,12.4222983386362,2.8917893218767e-05,0.000656527540441208,3.03010082598746,"7980496"
1.472585,8.32930666666667,12.4217077600059,2.89253056379629e-05,0.000656527540441208,3.02981214929803,"7996211"
2.129555,5.789005,12.4198634380762,2.89484682994156e-05,0.000656605687306294,3.02891054975674,"8171205"
1.2534,11.2603833333333,12.4152712332277,2.90062360587156e-05,0.00065746810214231,3.02666505629953,"8063283"
1.303755,9.19772833333333,12.4029608118961,2.91617644300347e-05,0.000660211416924756,3.02064137665111,"8098328"
-1.23137,7.39621833333333,-12.4025539180448,2.91669217736227e-05,0.000660211416924756,3.020442174217,"8062864"
1.68497,8.41149,12.400098654354,2.91980647649371e-05,0.000660467365813933,3.01924001437852,"8099364"
-1.364735,9.03533833333333,-12.3939448869335,2.92762919636203e-05,0.00066178730041593,3.01622591714706,"7928944"
1.723905,8.75299333333333,12.379679222842,2.9458586813163e-05,0.000665456285697346,3.00923282713535,"7992594"
2.09611,4.758975,12.3749399522599,2.95194426737271e-05,0.000666378903530231,3.00690781783874,"7893718"
1.462705,6.99603833333333,12.3725284600452,2.95504647439145e-05,0.000666627252424202,3.00572443420557,"7934411"
-1.488105,8.10027,-12.3674010010371,2.96165530558379e-05,0.000667665786797721,3.00320748007823,"8149228"
1.369805,8.265965,12.3635569050072,2.96662138329845e-05,0.000667896533796375,3.00131980986607,"8030641"
-1.460735,9.83015666666667,-12.3635033695569,2.96669061322293e-05,0.000667896533796375,3.00129351673227,"8139891"
1.591235,4.54753166666667,12.356976960757,2.97514453764648e-05,0.000669347213986588,2.99808730886651,"8174351"
-1.26961,8.190005,-12.3483676364241,2.98633985933612e-05,0.000671046664041533,2.99385522223418,"8094378"
-1.220795,6.337465,-12.3479812492346,2.98684346510247e-05,0.000671046664041533,2.99366521612501,"8172471"
1.286985,6.87067166666667,12.3465235086366,2.988744339651e-05,0.000671046664041533,2.99294831745702,"8013015"
1.30151,8.70313,12.3404765634957,2.99664466028806e-05,0.000672287001878429,2.98997359424264,"8041236"
-1.760445,7.61884166666667,-12.3392067768181,2.99830674772342e-05,0.000672287001878429,2.98934875112243,"8071691"
1.32015,3.77705666666667,12.3371144594993,3.00104784884499e-05,0.000672448790195098,2.98831901159482,"7969493"
1.27655,10.9966666666667,12.3347942732498,3.00409091780755e-05,0.000672677977742017,2.98717692003602,"8104621"
-1.46305,8.97298333333333,-12.3258356841347,3.01587472135429e-05,0.000674450705277945,2.98276510051501,"8098084"
1.50868,8.27824666666667,12.3256960618367,3.01605880457357e-05,0.000674450705277945,2.98269631542797,"8145660"
1.73234,6.02577166666667,12.3239433651817,3.0183707476321e-05,0.000674514703247692,2.98183278062822,"7985522"
1.23359,9.378165,12.3172845269641,3.02717326508037e-05,0.000675687007885875,2.97855091474852,"8117598"
1.378025,9.056025,12.3169055037514,3.02767521327965e-05,0.000675687007885875,2.97836405615048,"8014008"
-1.65961,6.644635,-12.313849486742,3.03172593194128e-05,0.000676137832256187,2.97685722695011,"7924450"
-1.348295,5.579865,-12.3112736997187,3.03514505374504e-05,0.000676447288183057,2.97558689212699,"8156134"
1.1954,5.48895333333333,12.3054230235553,3.04292812841331e-05,0.000677367710340731,2.97270044264602,"7980744"
-1.273645,7.32079833333333,-12.3051112540097,3.04334352845522e-05,0.000677367710340731,2.9725465913911,"7981161"
-1.578695,8.09632,-12.296606798004,3.05470054321426e-05,0.000678599621418218,2.96834831972485,"8149153"
-1.578695,8.09632,-12.296606798004,3.05470054321426e-05,0.000678599621418218,2.96834831972485,"8149157"
1.26723,8.98714333333333,12.2954641069564,3.05623030444638e-05,0.000678599621418218,2.96778400127556,"8150757"
-1.46585,8.36655666666667,-12.2944974686709,3.0575250799537e-05,0.000678599621418218,2.96730658534404,"8046695"
-1.541885,6.74544333333333,-12.2927957529629,3.05980602931571e-05,0.000678599621418218,2.96646602798613,"8164580"
-1.18288,8.90704666666667,-12.2918261956015,3.0611065001957e-05,0.000678599621418218,2.96598706567521,"7946439"
-1.88178,4.66047833333333,-12.2884853737208,3.06559253071086e-05,0.000679141946075047,2.96433640506444,"7916789"
1.747535,5.74027,12.2857606306859,3.06925701146113e-05,0.000679501666958918,2.96298980736012,"8147057"
1.39144,9.38183666666667,12.2824131263899,3.07376608140653e-05,0.00068004776885444,2.96133502282594,"8067593"
1.84339,9.30826333333333,12.2806188519222,3.07618616109671e-05,0.000680131278924549,2.96044786549876,"8131179"
1.833055,4.83508333333333,12.2772737959857,3.08070387849577e-05,0.000680678148920197,2.95879359478669,"8044700"
3.33378,7.05789166666667,12.2724721202162,3.08720248179886e-05,0.000681661677960587,2.95641817162019,"8065541"
1.381355,6.29208166666667,12.2681630796778,3.09304805883551e-05,0.00068178835833753,2.95428566255385,"8101788"
1.2626,10.9965333333333,12.267903589178,3.0934004942924e-05,0.00068178835833753,2.95415721876994,"8112560"
1.44678,8.80218833333333,12.2675218878517,3.09391900005408e-05,0.00068178835833753,2.95396827755106,"7974404"
1.290345,8.64448333333333,12.2646772889543,3.09778633893883e-05,0.00068218909872782,2.95256002183448,"7954029"
1.26397,9.74345333333333,12.2625586843188,3.10067034971892e-05,0.000682372905714415,2.95151096558085,"7984330"
-1.863775,7.07761166666667,-12.2560101470602,3.10960468587943e-05,0.000683887101887235,2.94826721445213,"7914342"
-1.59809,6.53627666666667,-12.2543417008018,3.11188581921838e-05,0.000683937043712967,2.94744048803902,"8106626"
-1.306495,9.67220833333333,-12.2516679803887,3.11554548230871e-05,0.000684289696071459,2.9461154054483,"8154394"
-1.2504,12.0331,-12.2446318426725,3.12520039130332e-05,0.000685957794523578,2.94262694074519,"7956211"
-3.017615,5.70740333333333,-12.234758026892,3.13880843684267e-05,0.000688304691618354,2.93772817697854,"8083978"
-1.927485,5.89752166666667,-12.2338762274846,3.14002710925392e-05,0.000688304691618354,2.93729049054631,"7968883"
-1.287515,10.0169416666667,-12.2228752984447,3.15527750951199e-05,0.000691192600225137,2.93182744693835,"8043945"
-1.503455,10.2292483333333,-12.2021081523608,3.18430435745313e-05,0.000696710577303984,2.92150103807599,"8164217"
1.1934,10.289725,12.1992211834503,3.18836433269327e-05,0.000696710577303984,2.92006410302833,"8044333"
1.1934,10.289725,12.1992211834503,3.18836433269327e-05,0.000696710577303984,2.92006410302833,"8054519"
2.3362,5.841165,12.1988856498477,3.18883659131835e-05,0.000696710577303984,2.91989707527216,"8063437"
-1.72545,7.08295833333333,-12.191029039636,3.19991816752391e-05,0.000698338767899223,2.91598475593916,"8045009"
2.01663,4.88259,12.1906291534878,3.20048340635557e-05,0.000698338767899223,2.91578555881179,"8077499"
2.09063,7.183315,12.1856095407318,3.20758860709204e-05,0.000699430765228184,2.91328455786771,"8095187"
1.86247,8.05716166666667,12.1830246956995,3.21125464715673e-05,0.000699771897816608,2.91199626626024,"8042283"
-1.65778,6.26537833333333,-12.1786043235868,3.217535389429e-05,0.000700640814287117,2.90979250859434,"7917182"
-2.192165,4.88128,-12.1772584611908,3.21945053866501e-05,0.000700640814287117,2.90912137520003,"8162373"
-1.163415,5.77143166666667,-12.1706578203267,3.22886258798532e-05,0.000702230160628002,2.90582879368319,"8146435"
-2.39599,4.11689666666667,-12.1671242595948,3.23391447241843e-05,0.000702869779295798,2.90406541971856,"7908488"
2.69849,4.37149833333333,12.1616106902346,3.24181569859529e-05,0.000703254372367394,2.90131292349126,"8069487"
-2.748795,6.49266,-12.159781226553,3.24444241990723e-05,0.000703254372367394,2.90039933796142,"8112041"
2.59396,7.70950166666667,12.1597053471583,3.24455142056328e-05,0.000703254372367394,2.90036144283048,"8135378"
1.629485,7.58982166666667,12.156836472014,3.24867571222925e-05,0.000703254372367394,2.89892851616697,"8099612"
1.618765,5.825505,12.1561201794591,3.2497064136711e-05,0.000703254372367394,2.89857069420538,"8102862"
1.332645,9.58364166666667,12.155699956633,3.250311267464e-05,0.000703254372367394,2.89836076321233,"8066939"
-1.67093,8.12506166666667,-12.1555907704346,3.25046844782839e-05,0.000703254372367394,2.89830621579997,"8138289"
-1.235395,5.20901333333333,-12.152168369521,3.25539973497416e-05,0.000703863928411913,2.89659619818643,"7971369"
1.83182,5.98061833333333,12.139345963747,3.27395362109358e-05,0.000706775125606294,2.89018512905766,"7956908"
1.587635,8.85897166666667,12.1389770227115,3.27448930970652e-05,0.000706775125606294,2.89000056189037,"8150014"
-2.79409,7.79421833333333,-12.1374539936921,3.27670178052923e-05,0.000706775125606294,2.88923858885715,"7995787"
1.30689,8.33569,12.1356935709636,3.27926129514652e-05,0.000706775125606294,2.88835772803584,"8044473"
1.73575,7.38071166666667,12.1355450518444,3.27947733748303e-05,0.000706775125606294,2.88828340782391,"7936408"
1.48187,8.73105,12.1336869845994,3.28218157526983e-05,0.000706900387527551,2.88735353832054,"7896394"
1.201135,4.90072833333333,12.1257998154766,3.29368977243729e-05,0.000708920415984773,2.883404815756,"8028200"
1.966575,6.16147166666667,12.1241402458819,3.29611728552298e-05,0.000708984607597278,2.88257362196552,"8094520"
1.839685,6.63064833333333,12.1165264599085,3.30728120852375e-05,0.000710926677858071,2.87875880240361,"7988537"
1.472455,6.48623166666667,12.1108603255495,3.31561815147674e-05,0.000711964138139049,2.87591827671356,"8120165"
2.256325,7.4444,12.1103406664819,3.31638399331371e-05,0.000711964138139049,2.87565769646656,"8032839"
1.162715,7.97332,12.1008094588924,3.33046741061151e-05,0.000714130891281536,2.87087633530919,"7946742"
-1.210375,6.59975333333333,-12.0991604736644,3.3329110882407e-05,0.000714130891281536,2.87004873366599,"8144424"
-1.210375,6.59975333333333,-12.0991604736644,3.3329110882407e-05,0.000714130891281536,2.87004873366599,"8144440"
1.232895,10.3406516666667,12.0920451185859,3.34347970164716e-05,0.000715934685696112,2.86647634450607,"7903119"
-1.329155,8.046235,-12.0883888504273,3.34892574875782e-05,0.000716639978511499,2.86463983168978,"8034108"
1.72264,7.13459666666667,12.0791796342599,3.36268918208857e-05,0.000718762594446695,2.8600116532597,"8042811"
3.2152,6.55526833333333,12.0788639125223,3.3631622132563e-05,0.000718762594446695,2.85985292168246,"8102232"
-1.36889,7.60752,-12.0756105631925,3.36804110779565e-05,0.000718893034549097,2.85821703280395,"8109333"
2.08797,5.67541833333333,12.0755775754691,3.36809062046608e-05,0.000718893034549097,2.85820044325373,"8031600"
-2.28555,4.81096333333333,-12.0704194633294,3.37584317360693e-05,0.000719383267032464,2.85560586647864,"8054344"
-1.94762,7.27023166666667,-12.069869226558,3.37667140588769e-05,0.000719383267032464,2.8553290269155,"7901535"
1.392005,10.2206816666667,12.0697380271516,3.37686892624483e-05,0.000719383267032464,2.8552630149463,"8108370"
1.40176,8.90012666666667,12.061660105835,3.38905638541855e-05,0.000721517969726864,2.85119728689807,"8054702"
-1.508555,8.04585833333333,-12.0585565762557,3.39375252157554e-05,0.000721595004539597,2.84963451332295,"8149165"
-1.508555,8.04585833333333,-12.0585565762557,3.39375252157554e-05,0.000721595004539597,2.84963451332295,"8149167"
-1.36174,5.8887,-12.0554684167995,3.39843298504575e-05,0.000721740588173592,2.84807907970294,"8012830"
-1.389755,10.0914366666667,-12.0552446732282,3.39877238867223e-05,0.000721740588173592,2.84796636981222,"8166442"
1.645795,7.83687833333333,12.0495614780989,3.40740676285404e-05,0.000722684517079176,2.84510278184202,"7894927"
-1.75182,8.83338333333333,-12.0492952269519,3.40781190441289e-05,0.000722684517079176,2.84496859290286,"7897172"
-1.642175,7.19509666666667,-12.0480360279405,3.40972873331347e-05,0.000722684517079176,2.84433392415168,"8073816"
-1.42737,7.98000666666667,-12.0435312687464,3.41659652206401e-05,0.000723679480885276,2.84206286586006,"8019061"
1.61157,8.55617666666667,12.0404163149176,3.421354962978e-05,0.00072422667642898,2.84049197589756,"8006634"
1.576625,7.95406833333333,12.0362883148956,3.4276729380524e-05,0.000724969476770849,2.83840957410949,"7973116"
-1.451205,6.474475,-12.0352797626085,3.42921862604465e-05,0.000724969476770849,2.83790069344696,"8147573"
-1.5273,8.07108333333333,-12.024588564844,3.44565416671743e-05,0.000726138903729053,2.83250366003212,"8149218"
-1.5273,8.07108333333333,-12.024588564844,3.44565416671743e-05,0.000726138903729053,2.83250366003212,"8149220"
-1.5273,8.07108333333333,-12.024588564844,3.44565416671743e-05,0.000726138903729053,2.83250366003212,"8149222"
-1.5273,8.07108333333333,-12.024588564844,3.44565416671743e-05,0.000726138903729053,2.83250366003212,"8149224"
-1.5273,8.07108333333333,-12.024588564844,3.44565416671743e-05,0.000726138903729053,2.83250366003212,"8149226"
1.28444,9.334795,12.0188241873686,3.4545540897298e-05,0.000727554000795277,2.8295917476729,"7907466"
-1.77948,8.68389833333333,-12.0140975848253,3.46187187934291e-05,0.000728634310786858,2.82720303180181,"7934997"
2.148525,4.66733666666667,12.010878610658,3.46686595594743e-05,0.00072922448348188,2.82557569861741,"7981781"
2.726005,6.874985,12.0084379203448,3.47065820235062e-05,0.000729561276285786,2.82434153153235,"8178439"
-1.511225,6.77836333333333,-12.0033309717394,3.47860894027449e-05,0.000730536423668286,2.82175832447655,"8013157"
2.72896,6.85153166666667,12.0026407427831,3.4796851606388e-05,0.000730536423668286,2.82140910720005,"8174767"
1.9384,6.07431333333333,11.9997520851021,3.48419346319821e-05,0.000730969517470998,2.81994739003436,"7987475"
1.47343,8.32506,11.9985070631219,3.48613867238474e-05,0.000730969517470998,2.8193172761534,"8020468"
-1.741185,7.58172,-11.9873100790144,3.50369013337729e-05,0.000734187352870129,2.81364747017273,"7948798"
-1.460965,6.63225666666667,-11.9849649027969,3.50737936345473e-05,0.000734488418795296,2.81245927531207,"8137091"
-1.26978,5.78659333333333,-11.9835936458551,3.50953862000575e-05,0.000734488418795296,2.81176441372852,"7917532"
-1.274015,9.59506833333333,-11.9805272876931,3.51437272505509e-05,0.000734672145684282,2.81021030040145,"8051814"
1.44892,6.62133166666667,11.9798017764485,3.51551763475652e-05,0.000734672145684282,2.80984253352819,"8055314"
-1.97248,6.10849833333333,-11.9788401859062,3.51703576965116e-05,0.000734672145684282,2.80935506206965,"8081235"
-2.10165,6.88729,-11.9745804314371,3.52377022552315e-05,0.000735617411907489,2.80719513972019,"8044605"
1.2672,10.9991,11.9712952383807,3.52897428977195e-05,0.000736242211319151,2.80552884764252,"8105991"
1.93701,7.98963666666667,11.9686741758858,3.53313277835771e-05,0.000736648228684888,2.80419908351903,"8021914"
-1.347445,8.617155,-11.9661616815329,3.53712441746267e-05,0.000737018972016611,2.80292412707215,"8119088"
1.74147,8.14572666666667,11.9600610706741,3.54683860658952e-05,0.000738580894831841,2.79982728052678,"8117402"
1.44213,7.62448,11.9478764645723,3.56633442878089e-05,0.000742176484219482,2.79363729821529,"8072108"
-1.16652,7.830315,-11.9462631003892,3.56892529140742e-05,0.000742248633843266,2.79281720997724,"8079964"
1.262365,7.52642166666667,11.9434638365637,3.57342580612038e-05,0.000742248633843266,2.79139405541326,"8088065"
1.471215,3.05924,11.9423578110327,3.57520585394873e-05,0.000742248633843266,2.79083165677918,"7895102"
1.482075,7.362825,11.9421143465788,3.57559782768597e-05,0.000742248633843266,2.79070785150163,"8069880"
1.78784,6.12352833333333,11.9401755984559,3.57872098104721e-05,0.000742434096610149,2.78972187947837,"7896698"
-1.334825,8.94956,-11.937473535943,3.58307911036163e-05,0.000742875374456484,2.78834744883198,"8090852"
1.44329,9.36609833333333,11.9321901851125,3.59161858718588e-05,0.000744182477271489,2.78565912325911,"8146914"
1.2682,11.753,11.9281864252772,3.59810577647463e-05,0.000745062985318879,2.78362110028654,"7905088"
-1.43291,8.15791833333333,-11.9261387464724,3.60142889361899e-05,0.00074528761883674,2.78257851209178,"8073612"
1.225215,9.35042666666667,11.9225379661816,3.60728123519511e-05,0.000745589839931998,2.78074471953581,"8153201"
1.305385,9.68424333333333,11.9214548125157,3.60904386650435e-05,0.000745589839931998,2.78019298679342,"8155268"
-1.15632,9.19975,-11.9211089309271,3.60960693747299e-05,0.000745589839931998,2.78001679239568,"7967810"
-1.14875,8.45242333333333,-11.9139031131845,3.62136098951575e-05,0.000747272521546821,2.77634494033425,"7999553"
-1.32171,7.20422,-11.9133642430278,3.62224179288395e-05,0.000747272521546821,2.77607026048349,"8091260"
-1.76856,6.12089,-11.9025747973152,3.63993058252261e-05,0.00075045677155576,2.77056791557977,"8036284"
1.21752,10.4876933333333,11.8981865949641,3.64715382759397e-05,0.000751480699241314,2.76832862021342,"8051882"
-2.24622,6.13686666666667,-11.8967149100858,3.64958007627222e-05,0.000751515570807891,2.76757743646372,"8152297"
1.19719,8.11717666666667,11.8945957743526,3.65307705428197e-05,0.000751770745837,2.76649561528614,"7955736"
-1.57,5.13007833333333,-11.8887169858047,3.66279878606078e-05,0.000752930585997856,2.76349348093257,"7904572"
-1.271915,9.86544333333333,-11.8884532871856,3.66323557472603e-05,0.000752930585997856,2.76335878268092,"8160637"
-1.3058,6.88449,-11.8797938561619,3.67761302834782e-05,0.000755419376958034,2.75893385719219,"7992293"
1.55401,8.256515,11.8748343705625,3.6858772063047e-05,0.000756650143886113,2.75639813714439,"8117165"
1.25496,9.31675666666667,11.8711446992867,3.6920395880561e-05,0.000757448195708588,2.75451097182919,"8075089"
1.837775,7.62663666666667,11.8697767695362,3.69432733700076e-05,0.000757450845690359,2.75381116489718,"8045291"
1.24561,7.20884333333333,11.8644241638759,3.7032951344659e-05,0.000758300839486404,2.7510721007291,"8087513"
1.906685,6.88109,11.8639869945453,3.70402869945325e-05,0.000758300839486404,2.75084833570846,"8102389"
2.87115,5.89009833333333,11.8632265158657,3.70530518017953e-05,0.000758300839486404,2.7504590652988,"8052399"
-1.20142,8.34357833333333,-11.8521160405521,3.7240133725724e-05,0.000761661383701125,2.74476904896968,"7949264"
1.82631,7.85119,11.8495304786423,3.728382918428e-05,0.000761776854451008,2.74344414113376,"8006655"
-1.18952,10.6655766666667,-11.848859957248,3.72951706815933e-05,0.000761776854451008,2.74310050186463,"8068361"
1.5532,10.0944883333333,11.8471862806944,3.7323497665771e-05,0.000761776854451008,2.74224266547822,"7953100"
1.430205,4.87655166666667,11.8463717674105,3.73372924426839e-05,0.000761776854451008,2.74182514621516,"7935188"
1.53927,8.00746,11.8407051971287,3.74334285487476e-05,0.000763270588112462,2.73891967255999,"8127158"
1.33137,9.25426333333333,11.8368546297602,3.74989210979413e-05,0.000764138051284059,2.73694454495859,"8104944"
-1.266585,8.18206666666667,-11.8293835728421,3.76263769467025e-05,0.000766266344461379,2.73311048171243,"8035737"
-1.80108,7.024485,-11.8267642590467,3.76711826468356e-05,0.000766277657597228,2.73176570832927,"8156569"
1.62012,7.72006666666667,11.8266604729455,3.76729592902262e-05,0.000766277657597228,2.73171241773876,"8158183"
2.557165,6.55598333333333,11.8239930605143,3.7718654666164e-05,0.000766596730161217,2.73034263353665,"8054517"
2.470585,5.44312333333333,11.8230577974696,3.77346920363466e-05,0.000766596730161217,2.72986227932497,"7905077"
-1.1056,11.1219833333333,-11.8192952728481,3.77992906335258e-05,0.000767180526976963,2.72792945200162,"8015759"
1.50029,7.71193333333333,11.818700757531,3.78095097086583e-05,0.000767180526976963,2.72762399055276,"8134435"
-1.157665,6.52306833333333,-11.8171803397022,3.78356588008535e-05,0.000767243563393433,2.72684273164409,"8083233"
-1.53303,8.06619333333333,-11.8145950378636,3.78801711820857e-05,0.000767370794983725,2.7255140578753,"8149216"
1.669225,7.21988333333333,11.8141392219064,3.78880255564538e-05,0.000767370794983725,2.72527976868875,"8025255"
-1.145105,8.59506,-11.8093533904317,3.79706079257538e-05,0.0007685758857774,2.72281931046326,"7902883"
-1.95158,5.88757666666667,-11.8057515597503,3.80328990139842e-05,0.000769304370867277,2.72096690809726,"7946334"
1.865985,8.71332666666667,11.8037713740284,3.80671960065088e-05,0.000769304370867277,2.71994826957965,"8039928"
-1.2325,10.9562666666667,-11.8016720582339,3.81035959930331e-05,0.000769304370867277,2.71886816303226,"8070819"
1.2103,8.95424,11.8006868217365,3.81206930698357e-05,0.000769304370867277,2.71836118893503,"7982663"
1.19295,10.9247,11.8006046475192,3.81221194681505e-05,0.000769304370867277,2.71831890256637,"7893070"
-1.471395,9.49621666666667,-11.7899081184854,3.8308328174215e-05,0.000772593823874522,2.71281202985898,"7927681"
1.283535,8.42133,11.7866961420688,3.83644515923265e-05,0.000773257351494974,2.71115744440542,"7950683"
-1.111165,6.46066666666667,-11.7791148600687,3.84973038032438e-05,0.00077406082411631,2.70725031988904,"8144428"
-1.111165,6.46066666666667,-11.7791148600687,3.84973038032438e-05,0.00077406082411631,2.70725031988904,"8144432"
-1.111165,6.46066666666667,-11.7791148600687,3.84973038032438e-05,0.00077406082411631,2.70725031988904,"8144436"
-1.111165,6.46066666666667,-11.7791148600687,3.84973038032438e-05,0.00077406082411631,2.70725031988904,"8144444"
-1.258335,9.55808,-11.7737192285057,3.85921842602034e-05,0.000775500277194925,2.70446807913423,"8135601"
1.591985,7.73431666666667,11.7723358837655,3.86165541225768e-05,0.000775521955741519,2.70375455755268,"7932023"
1.397305,4.77726666666667,11.768420798969,3.86856226523923e-05,0.000775601896327973,2.70173472662885,"7973008"
-1.1704,12.08585,-11.7681494510344,3.86904150464235e-05,0.000775601896327973,2.70159471080071,"7911335"
-1.1704,12.08585,-11.7681494510344,3.86904150464235e-05,0.000775601896327973,2.70159471080071,"8165694"
1.13531,9.79651666666667,11.7662941479017,3.87232010394325e-05,0.000775792072809857,2.70063728639256,"8062908"
-1.223345,9.353805,-11.7605491626676,3.88249305731752e-05,0.000776907000068686,2.69767164966571,"8004867"
-2.53744,8.48046,-11.7605160820399,3.88255172572392e-05,0.000776907000068686,2.69765456884331,"8099746"
1.99482,7.19894,11.7578337960048,3.88731221753196e-05,0.000777392401844815,2.69626944071353,"8102371"
1.523315,4.59497333333333,11.7549682639001,3.89240550322209e-05,0.00077794373373821,2.69478933768001,"8081564"
2.01416,7.138175,11.753155918276,3.8956308660775e-05,0.000778121301426411,2.69385304085491,"7903162"
-2.36064,6.36461,-11.7505975824473,3.90018918039047e-05,0.000778564743042336,2.69253110521417,"7978285"
-1.604465,7.13632166666667,-11.7448493858311,3.91045388258025e-05,0.000779679793650418,2.68955987099428,"7948794"
1.687045,9.63390833333333,11.744846991059,3.91045816558908e-05,0.000779679793650418,2.68955863283915,"8005839"
-1.25148,8.94167,-11.7416639282972,3.91615588912366e-05,0.000780348549611912,2.6879126906393,"8093086"
1.243215,8.60889833333333,11.7384824277968,3.92186055523415e-05,0.000781017888203538,2.6862671133464,"7905428"
-1.299415,8.62781333333333,-11.733864395336,3.93015839239375e-05,0.000782202534318797,2.68387772591055,"7965789"
1.499255,7.94074666666667,11.7283913533793,3.94001923544501e-05,0.000783696657602225,2.68104474382159,"7970162"
-1.30701,5.66727,-11.720895854797,3.95357111813181e-05,0.000785922731465282,2.67716275746822,"8108905"
-1.11105,7.46200666666667,-11.7074313704691,3.97805259731713e-05,0.000790317525852437,2.67018318582227,"8109326"
1.15835,9.27463333333333,11.7019578775372,3.98805548115096e-05,0.000791832339629598,2.6673436187629,"8016891"
-1.19981,5.28897166666667,-11.6967267373992,3.997643060871e-05,0.000793196279677582,2.66462854875997,"7932254"
-1.55019,6.88506,-11.6956121704195,3.99968932209707e-05,0.000793196279677582,2.66404990973471,"8092661"
-1.37586,9.13503,-11.6937564073884,4.00309909156025e-05,0.000793399943164772,2.66308634968922,"7969736"
-2.140095,6.54326,-11.6912600486456,4.00769127112836e-05,0.000793837574388822,2.66178993650067,"8159900"
1.33745,10.7037666666667,11.6852919781008,4.0186949238506e-05,0.000795543905347523,2.65868947481579,"7895806"
-1.403115,5.816495,-11.6817453251291,4.02525087511894e-05,0.000795782412025045,2.65684621530605,"7919560"
1.585045,6.94783166666667,11.681714009226,4.02530881812135e-05,0.000795782412025045,2.65682993739446,"7938183"
2.24654,5.39466333333333,11.6803610218872,4.02781315048639e-05,0.000795782412025045,2.65612661734221,"8162006"
1.100155,10.1342816666667,11.6780628821679,4.03207111901594e-05,0.000795782412025045,2.6549317958762,"8145586"
2.80596,6.95155166666667,11.677900055711,4.03237300247631e-05,0.000795782412025045,2.65484713223574,"8124859"
1.2541,11.0597666666667,11.6765863106685,4.03480968234832e-05,0.000795782412025045,2.65416399133812,"7953351"
1.17727999999999,8.26025666666667,11.6754801685448,4.03686264904585e-05,0.000795782412025045,2.65358874381882,"8003204"
-1.18106,8.09057833333333,-11.6743188396522,4.03901936006946e-05,0.000795782412025045,2.65298473834586,"8137448"
-1.50793,6.46985833333333,-11.6708445621238,4.04547954094854e-05,0.000796583869160045,2.65117741583684,"8083166"
-1.41291,7.65081666666667,-11.6682186138288,4.05037035915949e-05,0.000797075542842397,2.64981104099166,"8052735"
1.181055,7.46414166666667,11.6599604826917,4.0657963834081e-05,0.00079963864251825,2.64551205212205,"7940377"
-1.63472,6.40067833333333,-11.6579869048721,4.0694931889224e-05,0.000799893239147279,2.64448420706014,"8040458"
1.188915,10.4040283333333,11.6507765114026,4.0830329059225e-05,0.000802081101289095,2.64072754654089,"8105995"
-1.209655,9.742475,-11.6473882148683,4.08941372326632e-05,0.000802820916369237,2.63896142679347,"8011407"
1.209305,6.721235,11.6462174857603,4.09162115229178e-05,0.000802820916369237,2.63835107619616,"7933237"
1.26537,7.97898,11.6434066114231,4.09692681394724e-05,0.000803388528409902,2.63688540026376,"8117900"
-1.263365,9.24380166666667,-11.6399402047613,4.10348094687841e-05,0.000804200147664569,2.63507742685264,"7929689"
2.715625,7.20312,11.6311921134536,4.12007624962482e-05,0.000806977522845632,2.63051231278724,"8131326"
-1.16631,10.1564233333333,-11.6217511574485,4.13807437323021e-05,0.00081002623401203,2.62558181599397,"8032863"
1.445945,5.75139333333333,11.619951868024,4.14151497615177e-05,0.00081022340870109,2.62464169515582,"8103544"
1.10438,9.85681,11.6159262751144,4.14922488396518e-05,0.000811255084917138,2.62253781833971,"7980309"
1.55792,5.009315,11.6131499113526,4.15455205445808e-05,0.000811365842643244,2.62108639960701,"8045470"
-1.3079,4.881455,-11.6124625963559,4.15587208489838e-05,0.000811365842643244,2.62072703417558,"7930208"
1.23291,7.91840666666667,11.6118226292159,4.15710162341765e-05,0.000811365842643244,2.62039240582904,"7967544"
1.93727,5.455675,11.6077491411201,4.16493783708776e-05,0.00081217762658041,2.61826201745908,"8065071"
1.304085,10.4110216666667,11.6063791332569,4.16757723076885e-05,0.00081217762658041,2.61754535245809,"8063697"
-1.37195,8.74787833333333,-11.6058597093381,4.16857844197952e-05,0.00081217762658041,2.61727361464593,"7908694"
1.243555,9.485,11.5973664797558,4.18498960541268e-05,0.000814390233244795,2.61282865357013,"7989253"
-1.3708,9.36044166666667,-11.5946291532879,4.19029499119282e-05,0.000814390233244795,2.61139537772362,"7928444"
1.51275,5.90222833333333,11.5939192494585,4.19167218940419e-05,0.000814390233244795,2.61102361435543,"8138647"
-1.22152,8.81449666666667,-11.5896095097899,4.2000444019734e-05,0.000814390233244795,2.60876620061926,"7995206"
-1.09875,12.1222,-11.5881992817532,4.20278820784432e-05,0.000814390233244795,2.60802735192051,"7966135"
2.88255,4.73990166666667,11.5861593366037,4.20676094395434e-05,0.000814390233244795,2.6069584234793,"8138363"
-1.325975,6.89177,-11.5857402147944,4.20757771758574e-05,0.000814390233244795,2.60673878116936,"8179351"
1.18715,10.6525666666667,11.5825777632116,4.21374662396604e-05,0.000814390233244795,2.60508123340542,"8071332"
-1.541225,8.08841833333333,-11.5824762744092,4.21394477105859e-05,0.000814390233244795,2.60502803227865,"8144416"
-1.541225,8.08841833333333,-11.5824762744092,4.21394477105859e-05,0.000814390233244795,2.60502803227865,"8144418"
-1.541225,8.08841833333333,-11.5824762744092,4.21394477105859e-05,0.000814390233244795,2.60502803227865,"8144490"
-1.541225,8.08841833333333,-11.5824762744092,4.21394477105859e-05,0.000814390233244795,2.60502803227865,"8144492"
2.42482,8.19374666666667,11.581596867647,4.21566218584121e-05,0.000814390233244795,2.60456702190513,"8180350"
-1.134015,7.26721166666667,-11.5812935431426,4.21625474612605e-05,0.000814390233244795,2.60440800242382,"8013399"
1.549825,7.676185,11.5804410408289,4.21792067745471e-05,0.000814390233244795,2.60396105149629,"8140942"
1.21841,9.408045,11.5781782460683,4.22234630243672e-05,0.000814390233244795,2.60277455288379,"8064007"
1.31091,9.06189,11.5776193502648,4.22344024248314e-05,0.000814390233244795,2.60248146000377,"8009761"
-1.18785,11.5533833333333,-11.5773539083493,4.22395991474836e-05,0.000814390233244795,2.60234225359904,"7937802"
1.62543,5.79881833333333,11.5728198513057,4.23284812035471e-05,0.000815631619580155,2.59996395841594,"7931951"
1.311345,8.92415333333333,11.5704500731006,4.23750237821428e-05,0.000816056198307697,2.59872054771196,"7894700"
1.224315,8.17368166666667,11.5686237954241,4.24109329572342e-05,0.00081627562698094,2.59776213713418,"8040552"
-3.051765,4.759395,-11.5669409428301,4.24440536541046e-05,0.000816441163790133,2.5968788619916,"7951195"
1.22663,10.06404,11.5626548599827,4.25285464535453e-05,0.000816737304212905,2.59462866094642,"8153223"
-1.225735,4.00063166666667,-11.5622249207896,4.25370328577726e-05,0.000816737304212905,2.59440289659342,"7895452"
-1.234865,6.78946333333333,-11.5612003859847,4.25572637672188e-05,0.000816737304212905,2.59386487208162,"8049487"
1.1693,10.2874833333333,11.5611851641391,4.25575644295099e-05,0.000816737304212905,2.59385687812168,"8148280"
1.187755,10.3578983333333,11.5572880411181,4.26346225842573e-05,0.000817744831905539,2.59180990828772,"8018439"
-1.21352,8.33959333333333,-11.5533262278627,4.27131277529983e-05,0.000818778937703849,2.5897282601347,"7923516"
-1.68811,8.447385,-11.5451614049937,4.28754531803263e-05,0.000821302781608915,2.58543600575124,"7956046"
-1.40772,7.67979333333333,-11.5442247712815,4.2894120708109e-05,0.000821302781608915,2.58494342476598,"8014115"
1.16733,7.43610166666667,11.5380680553791,4.30170644728671e-05,0.000822799195507602,2.58170458940953,"8071671"
1.18315,11.5099333333333,11.5378365423239,4.30216956295983e-05,0.000822799195507602,2.58158276507699,"8149927"
-2.72693,6.721085,-11.5356021844522,4.30664215151496e-05,0.000823181766469538,2.58040690091213,"7972713"
1.24637,7.082525,11.5329439836688,4.31197026948043e-05,0.0008237273325467,2.57900768989723,"8161353"
1.55529,8.65733666666667,11.5303049953776,4.31726753103202e-05,0.000824266381770488,2.5776182765975,"8061471"
1.29129,8.10725666666667,11.5283051487344,4.32128692524798e-05,0.000824560978509926,2.57656515868368,"8137847"
-1.91126,6.53569166666667,-11.5209112234118,4.33618579452122e-05,0.000826255993247159,2.57266995461596,"8048432"
1.11911,10.0818966666667,11.5208679225278,4.3362732238141e-05,0.000826255993247159,2.57264713594411,"8050565"
1.286545,9.22587,11.520203795952,4.33761442831496e-05,0.000826255993247159,2.57229714433607,"7974771"
-1.370145,7.81931833333333,-11.5154296566376,4.34727014923162e-05,0.000827621807655604,2.56978060843595,"7941761"
1.305735,8.81524,11.5082838085304,4.36176983384952e-05,0.000829739728269415,2.56601197541062,"7953021"
-1.22735,9.73952666666667,-11.5068209096901,4.36474520469614e-05,0.000829739728269415,2.56524017545405,"7937330"
1.1734,9.99667333333333,11.5062677885673,4.365870810968e-05,0.000829739728269415,2.56494833313631,"8111629"
1.1455,10.8200833333333,11.4844474011646,4.41054848045452e-05,0.000837752611258952,2.55342421579678,"8138045"
-1.43154,7.39298333333333,-11.48089302826,4.41787683618192e-05,0.000838413387808848,2.55154497912159,"7908351"
-1.409,7.77613,-11.47959137883,4.42056413214945e-05,0.000838413387808848,2.55085663888884,"8068401"
1.24482,7.810865,11.4790989579247,4.4215812505401e-05,0.000838413387808848,2.55059621603596,"8112182"
-1.21981,8.52288333333333,-11.4778314390682,4.42420063339228e-05,0.000838432603813676,2.54992582238508,"8121588"
-1.1562,12.9221,-11.4745247937345,4.43104253525416e-05,0.000839143179644692,2.5481765861027,"8016646"
2.61596,3.73881833333333,11.4735844419842,4.43299051865037e-05,0.000839143179644692,2.5476790432469,"8021995"
-1.09934,4.889145,-11.4660405116221,4.44865454978781e-05,0.000841629832637981,2.54368607103616,"8089013"
1.24582,8.526085,11.4630332450517,4.45491686289426e-05,0.000842335984007894,2.54209361431752,"8066200"
1.35694,5.66405166666667,11.460461810072,4.46027980807665e-05,0.00084287137780663,2.54073161936381,"7961381"
-1.23023,7.01336166666667,-11.4498094158272,4.48257712303301e-05,0.000846184442058655,2.53508622386555,"8066266"
-1.146155,10.0652816666667,-11.4484296630614,4.48547474280643e-05,0.000846184442058655,2.53435462441808,"8065136"
-1.50336,8.39536666666667,-11.4469182032726,4.48865148345383e-05,0.000846184442058655,2.53355308891025,"8158250"
1.264965,7.98029,11.4462143093976,4.4901318073312e-05,0.000846184442058655,2.53317977446897,"8179184"
1.13476,8.60586166666667,11.4460305330696,4.49051839240065e-05,0.000846184442058655,2.53308230383792,"8010050"
1.165655,7.37725,11.4429909159908,4.49691808649196e-05,0.000846543473468777,2.53146993875944,"7899821"
-1.834475,6.37448333333333,-11.4427107482218,4.49750849796158e-05,0.000846543473468777,2.53132130249444,"7977340"
1.6883,7.14470666666667,11.4280361554414,4.52856053189799e-05,0.000851906666839589,2.52353103135675,"8081779"
-1.51453,7.63623166666667,-11.4172704057398,4.55150132478307e-05,0.000855738789448345,2.51780956771636,"8070239"
1.152445,8.00420666666667,11.4124150808142,4.56189216160931e-05,0.000857208370796305,2.51522746310449,"8068200"
-1.144835,6.02247333333333,-11.4065636437322,4.57445177585345e-05,0.000858602899747957,2.51211417887873,"8108757"
-1.58164,7.72746666666667,-11.4065547921958,4.57447080563677e-05,0.000858602899747957,2.51210946818617,"8155458"
1.21193,10.6865066666667,11.4033584606813,4.58134862687074e-05,0.000859409381571351,2.51040817945974,"8148728"
1.128705,8.71302333333333,11.3987982327853,4.59118227646981e-05,0.000860769123083419,2.50798012606182,"7980098"
1.535725,8.760835,11.3941581195567,4.60121362038822e-05,0.000861340135133917,2.50550855634115,"8173941"
-2.09146,4.61847166666667,-11.3939348807718,4.60169688270564e-05,0.000861340135133917,2.50538962256981,"7893252"
1.4912,8.87302833333333,11.3927069847041,4.60435606947642e-05,0.000861340135133917,2.50473540171892,"8078272"
-2.022745,5.01630333333333,-11.3926057867545,4.6045753087016e-05,0.000861340135133917,2.50468148053381,"8027254"
-1.090665,9.12871333333333,-11.3903201245122,4.60953032141573e-05,0.000861632691984138,2.50346348816314,"8036636"
1.512485,5.63537666666667,11.3894977252044,4.61131470437497e-05,0.000861632691984138,2.50302518602795,"8121515"
-1.849185,6.21999666666667,-11.3851687654183,4.62072074220344e-05,0.000862905993007,2.500717529824,"8030448"
1.167935,9.55136,11.381632173558,4.62842182011053e-05,0.000863859648790472,2.49883162322132,"7912481"
-1.6443,8.15261833333333,-11.3761517359016,4.64038547437452e-05,0.000864709846293269,2.4959080105777,"7935882"
-1.620665,2.155855,-11.3750983578229,4.6426891266475e-05,0.000864709846293269,2.49534591314774,"7894344"
-1.195455,6.96775166666667,-11.3738031630116,4.64552345189415e-05,0.000864709846293269,2.49465470866766,"8001932"
1.20398,5.75752833333333,11.3737063967921,4.64573529067347e-05,0.000864709846293269,2.49460306448887,"8036045"
1.30815,10.1587333333333,11.3736029150609,4.64596184346535e-05,0.000864709846293269,2.49454783575968,"8124521"
1.279455,8.16733666666667,11.3709367733288,4.6518033053731e-05,0.000865313377983286,2.49312473175338,"8126259"
-1.2775,10.5864833333333,-11.3657052066292,4.66329062392239e-05,0.000866681824383867,2.49033132868404,"8170009"
1.575765,6.41125833333333,11.3652163925855,4.66436564644229e-05,0.000866681824383867,2.49007026104787,"7986757"
1.232995,9.67081,11.362025931044,4.67138940415238e-05,0.000867502805298728,2.48836601596407,"8040223"
3.23083,4.782105,11.356869274148,4.68276796879434e-05,0.00086913113186703,2.48561049490991,"7919146"
1.1295,10.487,11.3556567206962,4.68544828257081e-05,0.000869144130722898,2.48496237378506,"7975045"
1.202055,6.50191833333333,11.3529695716068,4.69139456368958e-05,0.000869762610173563,2.48352582490845,"7978538"
-1.26777,10.0417133333333,-11.3449425612782,4.70921000100466e-05,0.000872579662790496,2.47923259574361,"8180379"
1.96814,5.99877833333333,11.3404983240023,4.71910783760176e-05,0.000873927328524059,2.47685431996173,"7982102"
1.27243,9.25565,11.3379652247134,4.72476026614323e-05,0.00087406948411474,2.4754983547275,"7975416"
-1.590765,6.31667,-11.3378016245444,4.72512560112482e-05,0.00087406948411474,2.47541076949862,"8117408"
-1.097,11.1822833333333,-11.3346628573789,4.73214119320701e-05,0.000874881206608627,2.47373015379783,"8100318"
1.315785,7.69931333333333,11.3325057368061,4.73696975097825e-05,0.000875040893420599,2.47257488382931,"8148923"
-1.55786,5.47538166666667,-11.3319293645387,4.73826089688963e-05,0.000875040893420599,2.4722661646362,"8149865"
1.806005,8.47157333333333,11.3248523336052,4.75414803784482e-05,0.000877488177472943,2.46847427355633,"7965094"
-1.537135,10.6930883333333,-11.3190131354766,4.76730345341233e-05,0.00087898602508289,2.46534386231361,"7911529"
2.137435,5.18908,11.3184793408203,4.76850819474247e-05,0.00087898602508289,2.46505761425989,"7892995"
-1.239555,8.64052,-11.3177376485007,4.77018274116222e-05,0.00087898602508289,2.46465985879868,"8180378"
1.2764,7.00578666666667,11.313292535889,4.7802331075433e-05,0.000879261149642493,2.46227549265592,"8155393"
1.2764,7.00578666666667,11.313292535889,4.7802331075433e-05,0.000879261149642493,2.46227549265592,"8161451"
2.428115,4.04134333333333,11.3131347108878,4.78059040513077e-05,0.000879261149642493,2.46219081812809,"7896254"
1.193435,7.74694666666667,11.3124069108153,4.78223846593553e-05,0.000879261149642493,2.4618003318469,"7993310"
1.12705,11.8725333333333,11.3091741010765,4.7895670359266e-05,0.000880122591585254,2.46006553533351,"8117594"
-1.10794,8.12769166666667,-11.3020180413649,4.80583627403992e-05,0.000882625098823538,2.45622370339258,"7977149"
-1.73033,6.681305,-11.2992271381259,4.8121989356093e-05,0.000883306438583146,2.45472471972181,"8068422"
1.4376,6.225925,11.2955280123912,4.82064738653485e-05,0.000884369675093393,2.45273737259034,"8142524"
-1.265005,4.97382166666667,-11.2940166341844,4.82410423693167e-05,0.000884516513089833,2.45192520403482,"8124307"
1.43611,8.954965,11.2889637910255,4.83568231959638e-05,0.000885867688731567,2.44920918505701,"8041888"
1.263345,7.47375833333333,11.2884791752418,4.83679448032552e-05,0.000885867688731567,2.44894863023035,"8114733"
1.2319,10.7978666666667,11.2835578523211,4.84810560010368e-05,0.000887451193879342,2.44630204696983,"7894834"
-1.50208,8.21981833333333,-11.2791006594413,4.85837675669743e-05,0.000888842697075573,2.44390408474018,"8122637"
1.738585,7.47391833333333,11.2725440973767,4.87353213469994e-05,0.000891125752274046,2.4403749741292,"8047784"
1.626165,8.11775833333333,11.2695247693754,4.88052990558432e-05,0.00089191550091241,2.43874912426466,"8109194"
-2.636795,5.54016333333333,-11.260823371039,4.90076280726993e-05,0.0008944964949444,2.43406119664777,"8035773"
-1.29702,6.87221,-11.2606421588909,4.90118521512929e-05,0.0008944964949444,2.43396352979383,"8011193"
-1.672645,7.90251,-11.2593636405393,4.90416667198165e-05,0.0008944964949444,2.43327441038907,"7901460"
1.38268,8.06167833333333,11.2588355912833,4.90539868387084e-05,0.0008944964949444,2.43298977025467,"8038624"
-1.0867,12.0298666666667,-11.2524084518972,4.92042323098476e-05,0.000896745113968798,2.4295242290347,"7963911"
-1.1357,8.585075,-11.2498901183225,4.92632498642593e-05,0.000897329557292255,2.42816580314692,"8108099"
1.15424,8.760315,11.2464539319082,4.93439114624964e-05,0.000897928908921154,2.42631179274519,"8123274"
1.396095,8.59994333333333,11.2461910532451,4.93500886964505e-05,0.000897928908921154,2.42616993245599,"8083876"
1.063015,10.252395,11.2380523825012,4.95417842085341e-05,0.000900572493622688,2.42177635644461,"7915015"
1.18379,10.35842,11.2377267088324,4.9549473175264e-05,0.000900572493622688,2.4216004800013,"8148572"
1.441345,7.01112666666667,11.234530807907,4.96250008679233e-05,0.00090145316633892,2.41987430399639,"7929288"
1.325025,8.547705,11.2296683878813,4.97401720851522e-05,0.000903052622638666,2.41724708071458,"7979033"
1.13754,8.32944,11.2240114100522,4.98745580231787e-05,0.000904998996456557,2.41418914437558,"8042487"
1.411885,8.59450166666667,11.2195744905953,4.99802586238337e-05,0.000906423023637141,2.41178966540238,"8096463"
1.485015,7.030955,11.2170116408574,5.00414330490675e-05,0.000906857552435637,2.41040325649759,"8059996"
-1.188015,7.50574333333333,-11.2162893649477,5.00586894127609e-05,0.000906857552435637,2.41001247530216,"8011774"
1.30896,7.99445333333333,11.2004634562745,5.04385544812958e-05,0.000912731970277539,2.40144380698904,"8177867"
1.327755,6.89762166666667,11.1995219850935,5.04612587271487e-05,0.000912731970277539,2.40093368967357,"7956623"
-2.228085,6.16416,-11.1992392298191,5.04680799121864e-05,0.000912731970277539,2.40078047618386,"8108475"
1.12198,9.99517166666667,11.1982229479031,5.049260561766e-05,0.000912731970277539,2.40022976339142,"8065738"
-1.65431,7.658815,-11.19701597097,5.05217514886327e-05,0.000912763298598482,2.39957565130517,"8007312"
-1.05164,9.461425,-11.1947826885946,5.05757324657158e-05,0.000913243038997256,2.39836515852042,"7994659"
-3.492465,4.64135333333333,-11.1895028861862,5.07036205833135e-05,0.000915056072933653,2.39550243761804,"7976816"
1.479595,7.12268,11.1862813876145,5.07818385198488e-05,0.00091555803877156,2.39375508375326,"8086330"
-1.706615,5.31326333333333,-11.1837429656408,5.08435710865939e-05,0.00091555803877156,2.39237788619369,"8113234"
1.765475,7.71460833333333,11.183222495686,5.08562394083055e-05,0.00091555803877156,2.39209547217498,"8162514"
1.25801,8.27518166666667,11.1826219517634,5.08708613444804e-05,0.00091555803877156,2.3917695929462,"8107814"
-1.41796,6.35997333333333,-11.1825223509332,5.08732868844542e-05,0.00091555803877156,2.39171554388244,"8050497"
1.113165,9.13626,11.1815729130241,5.08964149853187e-05,0.00091555803877156,2.39120030131593,"8173269"
-1.14995,8.57780166666667,-11.1763942973198,5.1022782262027e-05,0.000917335626878354,2.38838920708163,"8093440"
1.23556,9.724705,11.1698429764089,5.1183173636747e-05,0.000918507032269017,2.384831143138,"7983969"
1.536125,8.378795,11.169269565739,5.11972401740443e-05,0.000918507032269017,2.38451962293533,"7948900"
1.220745,8.76325666666667,11.167908848701,5.12306385515425e-05,0.000918507032269017,2.38378031548803,"8052866"
-2.092515,6.730565,-11.1664810113371,5.12657118595944e-05,0.000918507032269017,2.38300444527702,"8123104"
1.38171,5.050905,11.166289344706,5.12704220907187e-05,0.000918507032269017,2.38290028846668,"7894904"
1.42205,5.7487,11.1657525175789,5.12836173860218e-05,0.000918507032269017,2.3826085528297,"7930837"
-1.18283,9.01070833333333,-11.1647358238966,5.13086187950978e-05,0.000918507032269017,2.38205599882765,"8015210"
-1.18283,9.01070833333333,-11.1647358238966,5.13086187950978e-05,0.000918507032269017,2.38205599882765,"8019576"
-1.68382,8.73274,-11.1546807637915,5.15566532304776e-05,0.000921678745971224,2.37658860813206,"8151101"
1.06823,5.98154833333333,11.153191858089,5.15935004288349e-05,0.000921678745971224,2.37577861285202,"7975616"
1.33562,8.92932333333333,11.1529562303655,5.15993345365009e-05,0.000921678745971224,2.37565041683377,"7951734"
1.24498,8.69734666666667,11.152247292957,5.16168923894618e-05,0.000921678745971224,2.37526469516396,"8131927"
1.327765,9.46810666666667,11.1519524682069,5.16241962109599e-05,0.000921678745971224,2.37510427860063,"8072153"
1.499895,7.67549166666667,11.1465019001052,5.17594441300155e-05,0.00092359818392129,2.3721378320841,"8137670"
1.08213,9.07251666666667,11.1449989127282,5.1796811653584e-05,0.000923769918387459,2.37131958851075,"8051443"
-1.457365,8.04351166666667,-11.1389883029531,5.19465651057555e-05,0.000925449319596759,2.36804626415744,"8144412"
-1.457365,8.04351166666667,-11.1389883029531,5.19465651057555e-05,0.000925449319596759,2.36804626415744,"8144414"
1.505565,7.99514833333333,11.1343438998412,5.2062627622541e-05,0.000926552268350921,2.36551578021819,"8063410"
3.612035,5.30635,11.1342839108006,5.20641287228451e-05,0.000926552268350921,2.36548308868297,"8136790"
1.081205,9.25471166666667,11.1311082078022,5.21436665798489e-05,0.000927392468767692,2.36375221648274,"8026292"
2.438155,5.72377333333333,11.1301758635112,5.21670448989965e-05,0.000927392468767692,2.36324396364883,"8173812"
1.075,10.5290333333333,11.1237282203703,5.23290550044607e-05,0.000929776171015757,2.35972799241637,"7975224"
-1.1305,11.3249333333333,-11.1198264698488,5.24273810236883e-05,0.000931026403171067,2.35759935670441,"8129562"
1.863955,7.41127666666667,11.1147565888448,5.25554684347517e-05,0.000932803535432797,2.35483234558679,"7927599"
1.362895,8.72415333333333,11.1089396143889,5.27028831501612e-05,0.000934531855789741,2.35165606970632,"8110589"
1.608535,6.36267,11.1080929330674,5.27243802975433e-05,0.000934531855789741,2.35119361592935,"8085716"
-1.221105,6.84271,-11.107594349624,5.27370440889246e-05,0.000934531855789741,2.35092127563225,"8065353"
1.13295,8.65505,11.1062983756669,5.27699779278603e-05,0.000934618061204237,2.35021332232074,"8100532"
1.0357,10.9594666666667,11.103320806187,5.28457366134998e-05,0.000935148769650228,2.34858645583895,"7893073"
1.255315,5.580045,11.1026133855169,5.28637543598041e-05,0.000935148769650228,2.34819987691297,"8148040"
1.06587,7.676005,11.1018110696532,5.28841977731141e-05,0.000935148769650228,2.34776141218305,"8015412"
-1.681,5.33038166666667,-11.100240743596,5.29242373170776e-05,0.000935360047742427,2.34690314111398,"8057771"
-1.138275,8.60744,-11.0968087514624,5.30118687194651e-05,0.000936411773343251,2.34502695227734,"8075285"
2.02368,6.35535666666667,11.0953133330863,5.30501054883833e-05,0.000936590330035365,2.34420926510851,"7957126"
-1.432685,8.030675,-11.0903492034259,5.31772668357446e-05,0.000937269595145924,2.34149413206229,"8149151"
-1.432685,8.030675,-11.0903492034259,5.31772668357446e-05,0.000937269595145924,2.34149413206229,"8149214"
-1.2759,7.196755,-11.0897390681982,5.31929207432335e-05,0.000937269595145924,2.34116033638411,"8102050"
-1.0512,12.9272,-11.0894174178905,5.32011753258791e-05,0.000937269595145924,2.34098435918417,"7982597"
1.730875,5.80184666666667,11.085646579789,5.3298059318013e-05,0.000937740037336407,2.33892093455171,"8132917"
1.274955,9.53695666666667,11.0850903816777,5.33123672005832e-05,0.000937740037336407,2.3386165216765,"8173732"
1.274955,9.53695666666667,11.0850903816777,5.33123672005832e-05,0.000937740037336407,2.3386165216765,"8176263"
-1.516165,8.27787166666667,-11.0823928843739,5.33818227382977e-05,0.000938360035055539,2.3371399423392,"7988426"
-1.642575,6.458305,-11.0815332768435,5.34039783292863e-05,0.000938360035055539,2.33666932919928,"8096959"
-1.16615,10.4983183333333,-11.0784939097211,5.34824017463171e-05,0.000938734563551183,2.33500506748128,"8052355"
1.250585,5.64413833333333,11.0773772737102,5.35112477251894e-05,0.000938734563551183,2.33439352076026,"7976496"
1.520705,9.75703166666667,11.0773331702719,5.3512387420746e-05,0.000938734563551183,2.33436936544662,"7930422"
1.040235,7.102275,11.0763398189218,5.35380645758986e-05,0.000938734563551183,2.33382528517362,"8079462"
-1.101595,10.1413016666667,-11.0639063109726,5.38606841398043e-05,0.000943894315685822,2.32701114744907,"7894771"
-1.7368,10.2863,-11.0547683157391,5.40992473432102e-05,0.000947576348651694,2.32199833534399,"7894136"
1.392175,6.73823,11.0517392190567,5.41786005131288e-05,0.000947981402791865,2.32033577717432,"7943779"
1.121645,10.5660683333333,11.0517120172142,5.41793137373613e-05,0.000947981402791865,2.32032084508312,"7896186"
-2.24209,8.24170166666667,-11.0461983642589,5.43241076903831e-05,0.000950015658490907,2.31729345767055,"7999754"
-1.154695,8.51119166666667,-11.0378514752223,5.4544169756634e-05,0.000953363370281702,2.31270761552233,"8137526"
1.48764,5.87435833333333,11.034174774686,5.46414359623406e-05,0.000954562378404017,2.31068653581078,"8166784"
-1.259275,8.42687833333333,-11.0306937861828,5.47337121845815e-05,0.000954593238819306,2.30877243338901,"8143188"
-1.228975,6.77391666666667,-11.0302762080259,5.47447938808014e-05,0.000954593238819306,2.30854277875944,"8108050"
1.935435,5.95174833333333,11.0291456853134,5.47748089205097e-05,0.000954593238819306,2.30792098487088,"8180241"
1.257395,7.039545,11.0287338570437,5.47857476337051e-05,0.000954593238819306,2.30769446154541,"8072346"
-1.07374,8.16388666666667,-11.0287037386799,5.4786547718524e-05,0.000954593238819306,2.3076778948215,"8174134"
1.3315,7.45148666666667,11.0268831776221,5.48349358083547e-05,0.000954936641009826,2.30667640613128,"7940191"
1.532575,7.56568333333333,11.0233275344066,5.49295846945421e-05,0.000955761648047106,2.30471998550757,"8040774"
1.13005,11.2147166666667,11.0222439075248,5.49584682173417e-05,0.000955761648047106,2.30412361942133,"8071737"
1.20143,8.27735166666667,11.0218706151423,5.49684222605703e-05,0.000955761648047106,2.30391816746365,"7914851"
-1.04427,8.85383166666667,-11.0201224333467,5.5015066621552e-05,0.000956073420301575,2.30295591616123,"8082816"
-1.326515,5.88291833333333,-11.0183969827431,5.50611500045494e-05,0.000956375123474952,2.30200603082077,"7919556"
1.97256,8.00387666666667,11.0162874471207,5.51175530679442e-05,0.0009564929872556,2.30084450408642,"8022393"
1.451005,6.97053,11.0153876500132,5.51416317325328e-05,0.0009564929872556,2.30034900281714,"8075310"
1.084745,9.14983833333333,11.0149213788584,5.51541140502373e-05,0.0009564929872556,2.30009222057749,"8133074"
-1.310415,7.78940833333333,-11.01173400142,5.52395305909946e-05,0.000957475611706584,2.29833660205058,"7932420"
1.05185,10.6117,11.0061848970655,5.53886080450949e-05,0.000959560084327537,2.29527895387438,"7948192"
-1.042,12.72795,-11.0020583209215,5.54997750502467e-05,0.000960985964559577,2.29300416788446,"7926368"
1.106645,7.41714333333333,10.99798154267,5.56098575826302e-05,0.000962391594557608,2.29075601641907,"8164729"
-1.37609,6.73695166666667,-10.9945103034562,5.57037910415545e-05,0.00096327974772469,2.28884115103679,"8030391"
-1.83996,4.836725,-10.9939475270862,5.57190375744888e-05,0.00096327974772469,2.28853064704602,"7895786"
2.708795,5.476,10.9914734439992,5.57861226147618e-05,0.000963912398074983,2.28716542258075,"7893562"
1.45911,7.74797,10.989114727603,5.5850167695734e-05,0.000963912398074983,2.28586357981942,"8131096"
-1.350325,8.35342833333333,-10.9888079102461,5.58585048949512e-05,0.000963912398074983,2.28569421857203,"7911799"
1.311125,8.58632833333333,10.9872026268916,5.59021493314376e-05,0.000963912398074983,2.28480803716305,"8153664"
-1.13757,7.6091,-10.986935117623,5.59094262592988e-05,0.000963912398074983,2.28466034895412,"8103881"
1.06525,11.0029166666667,10.986203802185,5.59293255572834e-05,0.000963912398074983,2.28425658182216,"8095269"
-1.37181,10.3364133333333,-10.9790507184513,5.61244015777382e-05,0.000966192724746087,2.28030590618761,"7981514"
1.253415,7.630045,10.9788546846265,5.61297589572493e-05,0.000966192724746087,2.28019760065967,"8043666"
1.533895,7.104825,10.9776058018112,5.61639035766894e-05,0.000966192724746087,2.2795075688116,"8092134"
1.490075,5.776265,10.9771011711722,5.61777071540507e-05,0.000966192724746087,2.27922872895953,"7951351"
1.55261,8.501515,10.9753333426266,5.62260954178726e-05,0.000966525709410896,2.27825179511776,"7915926"
1.098785,8.80351833333333,10.963049586228,5.65636744172053e-05,0.000971257057715086,2.2714593358438,"7962760"
1.680855,6.74596666666667,10.9626489540764,5.6574724450455e-05,0.000971257057715086,2.27123767643716,"8102362"
1.233975,8.71648166666667,10.9621372173059,5.65888425974492e-05,0.000971257057715086,2.2709545342481,"8038347"
1.1297,9.46649833333333,10.9605358878469,5.66330478810167e-05,0.000971514989847612,2.27006844104314,"8052845"
1.163045,9.91983166666667,10.958689123307,5.66840787833589e-05,0.000971889686534244,2.26904638021591,"8067167"
1.264235,7.03860333333333,10.9555298125985,5.67715038417668e-05,0.000972887680606953,2.2672975239297,"7951467"
2.15634,5.30227833333333,10.9513219137619,5.68881913276922e-05,0.00097438585732416,2.26496745261425,"7951545"
1.06609,10.1168366666667,10.949078302298,5.69505229404382e-05,0.000974951960075975,2.26372472465426,"8110090"
1.062065,6.933755,10.939068351386,5.72295952834385e-05,0.000978963298879815,2.25817722956464,"8063835"
-1.378465,9.04999666666667,-10.9385660335278,5.72436418571943e-05,0.000978963298879815,2.25789871586022,"7966202"
-1.224485,8.875555,-10.9331303267561,5.73959022289625e-05,0.000981063324701111,2.25488405351789,"8079746"
1.10013,9.95297333333333,10.9282233412903,5.7533760554046e-05,0.000982915148880488,2.25216136942993,"7915472"
1.102545,9.73706666666667,10.9202202116889,5.77594369323033e-05,0.000986264600787129,2.24771821031058,"8074464"
1.11137,7.20628166666667,10.9156764757017,5.78880255103109e-05,0.000987953657312568,2.24519421991195,"8073449"
-1.295465,8.64973,-10.9143050440785,5.79269032183069e-05,0.00098811070515367,2.24443220552163,"8020508"
1.649285,6.39617,10.9081135898916,5.81028018152209e-05,0.000990579514731024,2.24099086224666,"7906602"
1.133195,6.07268333333333,10.9071183777895,5.81311340896904e-05,0.000990579514731024,2.2404375248333,"8014248"
1.237725,8.876165,10.9029709847553,5.8249379054937e-05,0.000991629454532519,2.238131047899,"7953130"
1.24743,6.27722833333333,10.902868259059,5.82523114114066e-05,0.000991629454532519,2.23807390855091,"7952950"
1.116505,9.589545,10.899110063865,5.83597100909272e-05,0.000992950059733062,2.23598311924595,"7996593"
-1.450105,6.15106666666667,-10.8938092525367,5.8511587408493e-05,0.000994626342603551,2.23303293796849,"8151334"
1.373645,8.65350666666667,10.8935478878892,5.8519087935531e-05,0.000994626342603551,2.23288743866232,"8021924"
-1.421255,5.09851166666667,-10.8909632308984,5.85933220185021e-05,0.000994626342603551,2.23144840111438,"7893703"
1.327045,8.71826833333333,10.8905824753375,5.86042670508014e-05,0.000994626342603551,2.2312363830278,"7946815"
1.29358,6.91653,10.8884464135198,5.86657138193307e-05,0.000994626342603551,2.23004681512942,"8136811"
-1.228525,8.37867833333333,-10.8883375812544,5.86688465520002e-05,0.000994626342603551,2.22998620062154,"7905881"
1.28938,7.81215166666667,10.88801893081,5.867802002119e-05,0.000994626342603551,2.22980872376576,"8047288"
1.136935,8.96297,10.8873527832075,5.86972028475832e-05,0.000994626342603551,2.22943768716769,"8139859"
-1.670765,9.161465,-10.8779761423067,5.8968000633015e-05,0.000998706773691507,2.22421266399536,"8164293"
1.146045,10.472485,10.8768721812396,5.89999793739541e-05,0.000998740372757779,2.22359720679077,"8112558"
-1.075865,9.53292833333333,-10.874748747395,5.90615466576352e-05,0.00099927455236752,2.22241322391386,"8056545"
-1.76171,6.50970666666667,-10.8716077179782,5.91527565225509e-05,0.0010003094636523,2.22066143896735,"8056993"
1.123955,7.891305,10.8685813531762,5.92407930136289e-05,0.00100128968780447,2.21897313867626,"8014241"
1.5518,7.05929833333333,10.8633663368063,5.93928578123788e-05,0.00100335057665083,2.21606279687011,"8067185"
-1.900345,8.34968666666667,-10.8600504890115,5.94897827522932e-05,0.00100377924671274,2.21421161765402,"8010978"
1.176415,8.90173333333333,10.8597252297179,5.94993003330194e-05,0.00100377924671274,2.21403000158645,"7901385"
1.510645,8.43693,10.8594050356323,5.95086714422007e-05,0.00100377924671274,2.21385120863692,"8157105"
-1.55601,9.42494,-10.858191027226,5.95442175087839e-05,0.00100387028374176,2.21317327284818,"7920258"
-1.53189,7.552155,-10.8560331396639,5.96074617597701e-05,0.00100414054060619,2.21196806723994,"7948332"
-1.81496,6.38614166666667,-10.8552839919239,5.96294365060972e-05,0.00100414054060619,2.21154960502492,"8103389"
-2.26758,7.28506166666667,-10.8545587537625,5.96507189632411e-05,0.00100414054060619,2.2111444716203,"8009502"
-1.313035,9.47657833333333,-10.8514085248183,5.974326736123e-05,0.00100427724397045,2.20938438198515,"8040238"
-1.052055,8.78845,-10.8510579684068,5.97535765230906e-05,0.00100427724397045,2.20918848914076,"7922823"
1.24766,6.77592166666667,10.8507251410817,5.9763366238534e-05,0.00100427724397045,2.20900249772263,"8054356"
-1.12831,9.968495,-10.8501772951222,5.97794845646584e-05,0.00100427724397045,2.20869633698166,"8101158"
2.61156,7.84259333333333,10.8447445596846,5.99395987930813e-05,0.00100645931468141,2.20565946993366,"7951977"
1.193585,6.97067833333333,10.8407189844329,6.00585654490724e-05,0.00100794861580532,2.20340824468331,"7990757"
1.301955,9.41101666666667,10.8388664679551,6.01134053444186e-05,0.00100827833812598,2.20237198805282,"8099982"
-1.14555,10.8751166666667,-10.8380101516484,6.01387746499143e-05,0.00100827833812598,2.20189292562465,"8158240"
-1.5071,7.80721833333333,-10.836236280504,6.01913674707471e-05,0.00100856642667365,2.20090042429427,"8168868"
1.24012,8.04564666666667,10.8353879717116,6.02165377129233e-05,0.00100856642667365,2.20042573003936,"8083221"
-1.34909,10.19982,-10.8339134017473,6.02603191828193e-05,0.00100879228146321,2.19960050849979,"8026513"
1.21849,10.05217,10.8323801324197,6.03058830866888e-05,0.00100904773323491,2.19874232115358,"7933084"
2.083465,7.06097,10.8303267745118,6.03669656674376e-05,0.00100948514460934,2.19759285003644,"8052654"
1.30867,8.27081833333333,10.8294637510946,6.03926602415176e-05,0.00100948514460934,2.19710966585505,"7984203"
-1.570895,8.07877833333333,-10.824353492029,6.05450697305874e-05,0.00100975314378352,2.19424780020262,"8144410"
1.74082,5.569425,10.8236455686839,6.0566218539943e-05,0.00100975314378352,2.19385124308577,"8089820"
2.27303,8.10896,10.8224218269042,6.06027975664349e-05,0.00100975314378352,2.1931656808475,"8170412"
1.608945,3.29938666666667,10.8218221758587,6.06207312713753e-05,0.00100975314378352,2.19282971805919,"7961175"
-1.12115,8.46891,-10.8215363073862,6.06292829021273e-05,0.00100975314378352,2.1926695499403,"8152703"
1.21304,9.34975,10.8212786384401,6.06369921685078e-05,0.00100975314378352,2.19252517810661,"8092640"
-1.152065,7.39977,-10.8209808100774,6.06459044074431e-05,0.00100975314378352,2.19235830080995,"8027002"
-1.207165,10.5124616666667,-10.8208005743122,6.06512985424227e-05,0.00100975314378352,2.19225731008728,"8015635"
1.112905,7.55731333333333,10.8188250655897,6.07104588871162e-05,0.001010232958303,2.1911502749316,"7900911"
-1.89307,4.08267,-10.8158173733478,6.08006599049371e-05,0.00101122855786948,2.18946444852656,"7983771"
1.022195,8.06206166666667,10.8143172292343,6.08457081225061e-05,0.00101147256283329,2.18862344040171,"7978760"
1.09785,10.72835,10.8103885842657,6.09638680035758e-05,0.00101293109426899,2.1864204343203,"7899813"
-1.47952,5.88252166666667,-10.809341631064,6.09954020810955e-05,0.00101294957760311,2.1858332194147,"7919800"
1.168925,9.08191666666667,10.8082588171765,6.1028036399392e-05,0.00101298630508004,2.18522583296678,"8172158"
1.0096,10.4530166666667,10.8069936574158,6.10661922763299e-05,0.00101311460100895,2.18451608789923,"7962194"
-1.01006,7.40905166666667,-10.8038820431055,6.11601543282878e-05,0.00101416815670767,2.18277015305904,"8076497"
1.19405,11.9457833333333,10.8020990571311,6.1214071919862e-05,0.00101455696999286,2.18176949532952,"7892814"
1.26148,8.18087166666667,10.8006100807647,6.12591413561481e-05,0.00101479882076401,2.18093372069661,"7988444"
-1.432625,6.59011666666667,-10.7962914331129,6.13900816246099e-05,0.00101646223165323,2.17850899656462,"7912102"
-1.81765,5.21,-10.7927940055433,6.14963632647876e-05,0.00101771590836363,2.17654466117523,"8017885"
-1.11353,7.63731333333333,-10.788751857163,6.16194670484434e-05,0.0010192465942931,2.17427361396395,"8151942"
-1.185365,9.65487166666667,-10.7844509618699,6.17507683962629e-05,0.00102091128862481,2.17185628650019,"8026300"
1.61471,6.80359666666667,10.7825032852198,6.18103366098987e-05,0.00102138897176169,2.17076128337575,"7895931"
-1.039245,6.34603166666667,-10.7658319818166,6.23229818969015e-05,0.00102934936915731,2.16138066511392,"8156274"
1.05421,9.251315,10.764429862407,6.23663241250645e-05,0.00102940101361029,2.16059107856487,"8063043"
-1.11138,10.1397516666667,-10.7637310095407,6.23879402188054e-05,0.00102940101361029,2.16019749085616,"8032909"
1.457275,7.082,10.7604416369569,6.24898012743268e-05,0.00103022511897972,2.15834461315367,"8112478"
1.86969,7.47166333333333,10.7595534704315,6.25173382978598e-05,0.00103022511897972,2.15784422191012,"8116998"
1.06445,11.5188833333333,10.7591224338126,6.25307074348441e-05,0.00103022511897972,2.15760136232814,"8152477"
1.110335,9.20413333333333,10.7557061534848,6.26367862731853e-05,0.00103146244932653,2.15567618935248,"8097128"
1.02301,8.97614666666667,10.7518128042961,6.27579359220222e-05,0.00103294661018071,2.15348145241646,"7943552"
1.33498,8.53879166666667,10.7422772335577,6.30558173493034e-05,0.00103733673432794,2.14810286329763,"7928705"
1.337565,8.04694666666667,10.7347709634502,6.32914720644328e-05,0.00104069933102687,2.14386566101887,"7975956"
-1.05303,6.05553666666667,-10.7321762297435,6.337317218543e-05,0.00104152838808404,2.14240029723256,"8009243"
1.243415,6.42774,10.7103505878539,6.40653106214162e-05,0.00105186521092766,2.13006078617425,"7946757"
1.20721,10.3488466666667,10.7057432260125,6.42125507777228e-05,0.0010537630868634,2.12745282504361,"7909708"
1.169365,7.84455166666667,10.702244953331,6.43246121511414e-05,0.00105508207428402,2.12547193040129,"8089029"
1.22848,7.643125,10.6973100994601,6.44830821254989e-05,0.00105716060341346,2.12267650818405,"8044111"
1.215065,8.30375166666667,10.6941397173414,6.4585132186127e-05,0.00105823363003858,2.12087993990419,"8092765"
1.210675,3.02815333333333,10.6933030065486,6.46120962809994e-05,0.00105823363003858,2.12040571308452,"7979483"
1.089325,7.578525,10.6910977521396,6.46832267347465e-05,0.0010588777780663,2.11915565804384,"7975926"
1.314565,6.40368,10.6878866242461,6.47869658659968e-05,0.00105965638231171,2.11733497500756,"7960383"
1.137485,9.67421833333333,10.687291687342,6.48062073892818e-05,0.00105965638231171,2.11699759265642,"7968563"
-1.133185,9.28685166666667,-10.6866718260098,6.48262621488108e-05,0.00105965638231171,2.11664605662599,"8042953"
-1.181625,7.49305333333333,-10.6846879789945,6.48904957118742e-05,0.00106018588602467,2.11552084400406,"8051187"
1.472025,9.848995,10.6818470013748,6.49826116847193e-05,0.00106112310376468,2.1139091263454,"8020241"
1.254775,8.40699333333333,10.6809540452438,6.50115965906824e-05,0.00106112310376468,2.11340245703633,"8044236"
-1.16518,8.17398833333333,-10.6764276710721,6.51587537701408e-05,0.00106300393154551,2.11083353236626,"7970831"
-1.474475,8.39149166666667,-10.675251815409,6.51970459523436e-05,0.00106310775664798,2.11016600827843,"7919984"
-1.532695,8.26700666666667,-10.6673052360986,6.5456522050834e-05,0.00106629442990539,2.1056529347542,"8144420"
-1.532695,8.26700666666667,-10.6673052360986,6.5456522050834e-05,0.00106629442990539,2.1056529347542,"8144494"
1.346565,9.58487333333333,10.6637534204952,6.55728892831976e-05,0.00106766772345361,2.10363471436537,"8087935"
-2.38214,7.40568,-10.6610503921314,6.56616104566728e-05,0.00106858975727069,2.10209835873345,"7950555"
1.25965,11.2648166666667,10.6541749318709,6.58879178579799e-05,0.00107174890127853,2.09818876786066,"8169740"
-1.263795,9.07578833333333,-10.649486663684,6.60427577267585e-05,0.00107374301954486,2.09552148257595,"8070269"
-1.039285,9.53672166666667,-10.6447044973592,6.62011384685236e-05,0.00107579273186258,2.09279960821622,"7906576"
1.91373,7.15991166666667,10.6397844536931,6.63645505106015e-05,0.00107792216504951,2.08999802612944,"8096675"
-1.02254,9.21052333333333,-10.6381990982621,6.64173064739175e-05,0.00107825307345784,2.08909502325563,"7897370"
1.002345,7.097385,10.6355225898304,6.65064844109039e-05,0.00107884724264693,2.08757021568186,"8179595"
1.21226,5.64708,10.6351560776642,6.65187070653259e-05,0.00107884724264693,2.08736138478365,"8047926"
-1.443095,8.71371166666667,-10.6332763608879,6.6581434322658e-05,0.00107911726885338,2.08629025270205,"8130993"
-1.07813,9.095045,-10.6327152065168,6.66001738142683e-05,0.00107911726885338,2.08597045079838,"7920697"
1.0129,8.179225,10.6290946558427,6.67212291895439e-05,0.00108018517952198,2.08390670730371,"8016139"
-2.251515,6.96524,-10.628774212793,6.67319558236639e-05,0.00108018517952198,2.08372401948222,"7908924"
-1.90771,6.56429333333333,-10.6278350581529,6.6763405095241e-05,0.00108018517952198,2.0831885673259,"8085867"
1.45628,9.81021666666667,10.6260434788503,6.68234475324372e-05,0.00108063153593374,2.08216698489001,"7895252"
1.315075,10.6153416666667,10.6234290023952,6.69111819255812e-05,0.0010807205405829,2.08067587736725,"8148208"
1.366885,6.95283,10.6233638595754,6.69133696569711e-05,0.0010807205405829,2.08063872011421,"8040090"
1.31466,7.07823166666667,10.6229071104127,6.69287113005291e-05,0.0010807205405829,2.08037818570179,"7909285"
1.03435,10.92135,10.6220122854704,6.69587793261414e-05,0.0010807205405829,2.07986773704991,"8053909"
3.055805,6.42130666666667,10.6197922188011,6.70334467075778e-05,0.00108140148983635,2.07860113143269,"7896708"
1.13825,9.98259666666667,10.6150829857708,6.71921554599144e-05,0.00108293497595853,2.07591354638175,"8017235"
1.05556,8.95949166666667,10.6150416414326,6.71935507802603e-05,0.00108293497595853,2.07588994585112,"7951614"
-1.538065,6.33460833333333,-10.6135281647435,6.72446521382024e-05,0.00108323424395052,2.07502594906183,"8175393"
1.04567,9.62507833333333,10.6095078404452,6.7380616651357e-05,0.00108489960959392,2.07273029392153,"8090091"
1.55202,7.25819166666667,10.6040005863555,6.75673915507988e-05,0.0010873810712745,2.06958422179255,"8122013"
1.10045,9.69273,10.5953345375812,6.78625253022485e-05,0.00109160314250675,2.06463046733718,"8146357"
-1.114415,7.69067166666667,-10.5930613962658,6.79401901562678e-05,0.00109232472797356,2.06333043011237,"7902810"
-1.23235,6.40921666666667,-10.5903193094613,6.80340158466837e-05,0.00109330532125822,2.06176183948091,"7979524"
1.419545,8.551275,10.583074035784,6.82826584222949e-05,0.00109677167269038,2.05761535015425,"8150428"
1.185475,6.27952166666667,10.5792245346628,6.8415198504026e-05,0.00109837071580933,2.05541115785315,"8173261"
-1.15335,11.2131,-10.575654822528,6.85383748983192e-05,0.00109981796095872,2.0533664799298,"8004237"
1.06606,7.08252333333333,10.5721979651443,6.86579049735017e-05,0.0011012053284695,2.05138580991378,"7913644"
-1.091625,10.3320083333333,-10.5705066142971,6.87164769675464e-05,0.00110156060008318,2.0504164920977,"8112728"
1.1644,11.8405166666667,10.5695576556753,6.87493653442503e-05,0.00110156060008318,2.04987257589612,"7894211"
-1.75726,8.10634166666667,-10.5686942686817,6.87793040686226e-05,0.00110156060008318,2.04937766607132,"7915846"
1.299845,9.23059166666667,10.5607486499273,6.90555442989493e-05,0.00110450407332653,2.04482125798879,"7961489"
1.22809,9.77546166666667,10.5605461156978,6.90626026568709e-05,0.00110450407332653,2.04470507178112,"7940153"
1.137055,10.466015,10.5574581619724,6.91703232684786e-05,0.00110569575317836,2.04293336409746,"8074925"
1.04434,8.75890833333333,10.5560780593691,6.92185306377143e-05,0.0011059354196948,2.04214137150633,"8095870"
-2.073915,5.54672833333333,-10.5547358060042,6.9265453705428e-05,0.00110615434629719,2.04137100365613,"7938878"
1.24984,4.76906666666667,10.5496963012812,6.94419599929426e-05,0.00110844148700144,2.03847780740046,"7895966"
1.1456,10.4133833333333,10.546674137832,6.95480627461545e-05,0.00110960318412013,2.03674213534215,"8111455"
1.03742,10.2808766666667,10.5456557889867,6.95838579507858e-05,0.00110964258533875,2.03615717510082,"8153536"
1.06951,8.71263,10.5398508075516,6.9788317341903e-05,0.00111237032194033,2.03282163759452,"8158961"
1.61819,7.13491166666667,10.5336145713196,7.00087512336778e-05,0.00111534994728601,2.02923633152864,"8112841"
1.06592,8.42120833333333,10.5299550290025,7.01384860234565e-05,0.00111688243382259,2.02713145477642,"8051963"
1.37202,8.263395,10.5258191777342,7.02854458515952e-05,0.00111868761497159,2.02475176998997,"7967386"
1.43937,7.19851833333333,10.5220342636583,7.04202521662848e-05,0.0011201561397493,2.02257321916719,"8044933"
1.34294,7.31834,10.5213405247273,7.04449937422298e-05,0.0011201561397493,2.02217382969729,"7901804"
-1.03836,10.13658,-10.51538817965,7.06576980867093e-05,0.00112300208744304,2.01874598951935,"8091648"
1.43812,8.71008,10.5133408393512,7.07310327984166e-05,0.00112363129727523,2.01756653470611,"8180269"
1.42556,8.19367,10.5120448707276,7.07774998623672e-05,0.00112383329180603,2.01681982440093,"8097356"
1.02602,9.700915,10.5110986784663,7.08114482656495e-05,0.0011238364122504,2.01627459210201,"8180394"
-1.032095,6.69286,-10.508485286642,7.09053132795459e-05,0.00112479000298668,2.01476841026124,"7954653"
-1.65896,2.50672333333333,-10.5074818685156,7.09413917229013e-05,0.00112482643818926,2.01419001242581,"8052581"
-1.911055,5.67922333333333,-10.5060971523515,7.09912152873466e-05,0.00112508067369004,2.01339173670934,"8095868"
1.085595,9.67255,10.5045879637427,7.10455642225697e-05,0.00112540635200709,2.01252158862935,"8147883"
-1.041735,6.90086166666667,-10.5017883131865,7.11465145131011e-05,0.00112636105152986,2.01090708476985,"7895715"
1.0497,10.4717616666667,10.5003666859171,7.1197840159753e-05,0.00112636105152986,2.01008710169723,"8176133"
1.963935,6.21197333333333,10.4993755773811,7.12336482723131e-05,0.00112636105152986,2.00951537521669,"7902861"
-1.08039,7.54007166666667,-10.4991681798317,7.12411440827066e-05,0.00112636105152986,2.00939573022282,"8070538"
4.260325,4.33826166666667,10.4946386804242,7.14050811235184e-05,0.00112841717426189,2.00678215335256,"8020349"
-1.69034,7.36997833333333,-10.493116683075,7.14602662915482e-05,0.00112875355157006,2.00590369886039,"8107194"
3.23864,6.76773,10.4898458296619,7.15790314063593e-05,0.00112994458903628,2.00401543902286,"8084165"
1.028185,8.79353,10.4891716324729,7.16035403449724e-05,0.00112994458903628,2.00362615546221,"8019376"
1.22526,10.56013,10.4864239063174,7.17035296066343e-05,0.0011309864639091,2.00203936114836,"8177669"
-1.15413,9.2718,-10.4827190206873,7.18386089571932e-05,0.00113258056934075,1.99989918089056,"8086467"
-1.4077,8.01603166666667,-10.4752260425059,7.21127140836018e-05,0.00113636395685835,1.9955685332912,"7898663"
1.053765,8.57419833333333,10.4694489276018,7.23248873465429e-05,0.00113916829421847,1.99222755590812,"8063484"
1.070255,9.92292833333333,10.465870281357,7.24566855463279e-05,0.00114030420099448,1.99015709229109,"8086810"
1.123105,9.714765,10.4656312717255,7.24654980720281e-05,0.00114030420099448,1.99001878652929,"8082350"
-1.517055,5.628605,-10.4646680860618,7.2501024431795e-05,0.00114032433184009,1.98946139697144,"7896399"
-1.20463,9.94272333333333,-10.458314012426,7.27359017518564e-05,0.00114347843278166,1.98578309947633,"8122986"
1.38143,8.16079666666667,10.4531803533361,7.29263181918702e-05,0.00114593091875163,1.9828097184446,"8134318"
1.22077,10.4533266666667,10.4501997355791,7.30371426292641e-05,0.00114713100855029,1.9810827214495,"8127031"
-2.287635,4.81085666666667,-10.4484711654846,7.31015042374673e-05,0.00114760055945071,1.9800809556743,"8112668"
1.233935,7.09790166666667,10.4381048755182,7.34888805333977e-05,0.00115313819751204,1.974069996079,"8155550"
-1.088565,8.64800166666667,-10.435584088404,7.35834427863531e-05,0.00115407814152482,1.97260743591485,"8143905"
-1.45697,7.32328333333333,-10.4303580502102,7.37799417824288e-05,0.00115661521729262,1.96957420982051,"8051135"
1.825085,6.915155,10.4280918426605,7.38653422989215e-05,0.00115736249471627,1.96825843532155,"7982187"
-1.39194,8.65077166666667,-10.4263156213276,7.39323590105774e-05,0.00115736249471627,1.96722695822775,"8154316"
1.993695,7.205375,10.4254459147963,7.396519896766e-05,0.00115736249471627,1.96672184577002,"8085431"
-1.18183,8.99290666666667,-10.4254076215599,7.39666453060701e-05,0.00115736249471627,1.96669960470618,"8148049"
1.43286,8.64696833333333,10.4231642619154,7.40514350507485e-05,0.00115775959313207,1.96539650405959,"8042086"
1.19147,9.79334333333333,10.4228964431102,7.40615651071061e-05,0.00115775959313207,1.96524091814207,"8142120"
1.25953,8.57348666666667,10.4192560531713,7.41994214839756e-05,0.00115937031306989,1.96312569981218,"7974473"
-1.064655,4.7606,-10.4182180804634,7.42387831158244e-05,0.00115944125769588,1.96252246457619,"8144230"
1.473635,7.743015,10.4163137972206,7.43110603208932e-05,0.00116002596132432,1.96141560861721,"7915787"
-1.46809,8.68608333333333,-10.4106348640416,7.45270948439112e-05,0.00116285317573463,1.95811360239457,"7938834"
1.009395,8.424695,10.4038594203051,7.47858058734343e-05,0.00116576697955825,1.95417177254578,"8066402"
1.0307,8.82029833333333,10.4034869998934,7.48000567273916e-05,0.00116576697955825,1.95395503380448,"8133095"
1.234725,7.07877833333333,10.4029953813482,7.48188736317378e-05,0.00116576697955825,1.95366891354453,"7894736"
1.1138,7.247225,10.3996651818298,7.49464845810273e-05,0.00116675474664459,1.95173040794357,"8047356"
-1.159565,9.93602833333333,-10.3995122706715,7.4952350153851e-05,0.00116675474664459,1.95164138423856,"8000574"
-1.187375,8.04593333333333,-10.3967046937803,7.50601426692189e-05,0.00116780958055536,1.95000661151891,"7929932"
1.539345,8.33634833333333,10.3959211574339,7.50902577400075e-05,0.00116780958055536,1.94955030494324,"7893363"
1.261575,8.04194,10.3800783491652,7.57022216318094e-05,0.00117599804037435,1.94031688424614,"8042737"
1.162325,9.70791166666667,10.3799604146285,7.57067989858307e-05,0.00117599804037435,1.94024809967141,"8138128"
-1.10635,5.46011166666667,-10.379549975964,7.57227317344686e-05,0.00117599804037435,1.94000870807416,"8039771"
1.943395,4.33114166666667,10.378241509835,7.57735510979499e-05,0.00117623866242818,1.93924547433769,"7938788"
1.042215,9.43770166666667,10.3757589949067,7.58700791076923e-05,0.00117681780253916,1.93779715976662,"7902789"
-1.12949,7.37030166666667,-10.3739807505178,7.59393114497056e-05,0.00117681780253916,1.93675951701277,"8137310"
-1.69698,7.20804166666667,-10.3737871399952,7.59468537516072e-05,0.00117681780253916,1.93664653094748,"8094122"
1.34635,7.71334,10.3728995874867,7.59814405337646e-05,0.00117681780253916,1.93612855254511,"8007799"
-1.68471,7.08863833333333,-10.3719609525868,7.60180380168841e-05,0.00117681780253916,1.93558071613114,"8059111"
1.18054,8.53015666666667,10.3718358387964,7.60229177782304e-05,0.00117681780253916,1.9355076895951,"8069711"
1.28538,8.647685,10.3697095491011,7.61059047353749e-05,0.00117755497675361,1.9342664858309,"8075785"
1.154585,9.80721,10.3640449323102,7.63275077421184e-05,0.00118043521843442,1.93095862380789,"8131975"
-1.05961,10.1285633333333,-10.3629983798482,7.63685321807345e-05,0.00118052136305567,1.93034729842892,"8083901"
1.32819,8.86007333333333,10.3600566357622,7.64839858526892e-05,0.00118175743709373,1.92862861335632,"8059854"
1.419855,9.081605,10.3568857431037,7.66086619909234e-05,0.00118313479513533,1.92677552734987,"7895171"
2.18598,5.93895333333333,10.3559533364766,7.66453685360457e-05,0.00118315291429982,1.92623052081264,"8045637"
-1.142475,7.86518,-10.3544596255997,7.67042152104154e-05,0.00118351262922206,1.92535732511868,"8139198"
1.33499,8.5343,10.348236828739,7.69499408234778e-05,0.00118667407316389,1.92171829593501,"8037170"
2.00093,4.46182833333333,10.347467386828,7.69803885645553e-05,0.00118667407316389,1.9212681885851,"8095744"
-2.251125,5.81343,-10.3387982673093,7.73244135481719e-05,0.00119142572786371,1.916194722073,"8161839"
-1.57394,7.89587666666667,-10.3289391808472,7.77178531162094e-05,0.00119638065428129,1.91041989878181,"8115847"
1.208505,9.36032333333333,10.3271505435068,7.77894821632844e-05,0.00119692993881279,1.90937166440171,"7948612"
2.056505,9.37612666666667,10.3210967354906,7.80324919860811e-05,0.0012001144968409,1.90582253007871,"8073062"
1.683875,6.52074833333333,10.3112176205169,7.84309691031395e-05,0.00120519176729402,1.9000264775089,"8105842"
-1.063985,8.21486833333333,-10.3109193417635,7.84430373036663e-05,0.00120519176729402,1.89985139556403,"7923007"
-1.096905,10.258865,-10.3102233269354,7.84712061595166e-05,0.00120519176729402,1.89944283396343,"7956937"
1.47376,7.28348166666667,10.3075156733442,7.8580902133069e-05,0.00120632010065689,1.89785318707273,"8161919"
1.322455,5.57014166666667,10.3052658420482,7.86721869265749e-05,0.00120698365627328,1.8965320213034,"8083360"
1.39954,8.514695,10.3046640569272,7.86966248541696e-05,0.00120698365627328,1.89617858902098,"8067409"
1.36371,6.29048833333333,10.3035175919783,7.8743206338496e-05,0.00120714205407592,1.89550520818636,"7893950"
-1.46776,8.51612,-10.3008334420342,7.88523912220123e-05,0.00120825958146311,1.89392838179624,"8160088"
-1.61989,6.901965,-10.2982301273092,7.89584574358647e-05,0.0012086573533195,1.8923986677006,"8169186"
1.20121,7.52963,10.2980504067889,7.89657859123726e-05,0.0012086573533195,1.89229304985224,"8051226"
1.382225,4.63504166666667,10.2975241887957,7.89872481251532e-05,0.0012086573533195,1.8919837928352,"7997289"
1.166615,10.2474616666667,10.2965269252875,7.90279410537684e-05,0.0012087225354401,1.8913976621129,"7904469"
1.073065,7.46752666666667,10.2950709050607,7.90873974889305e-05,0.0012087225354401,1.89054180475396,"8160478"
1.180185,4.323865,10.2947523756808,7.91004115903531e-05,0.0012087225354401,1.89035455587404,"8138277"
1.41079,7.47196166666667,10.2880585895709,7.93744798489769e-05,0.00121235415391348,1.88641830406797,"8058940"
1.412855,5.47166833333333,10.2868804997967,7.94228302616176e-05,0.00121253644164194,1.8857252803887,"8167625"
1.19859,7.38683666666667,10.2788007620093,7.97553653599277e-05,0.00121705517891362,1.8809702465036,"8096905"
-1.209165,8.02751833333333,-10.2741327577228,7.99482284019903e-05,0.00121943937750851,1.87822143675367,"8174322"
-1.04847,7.32156833333333,-10.2728478720344,8.00014105595454e-05,0.00121969183489065,1.87746460731016,"8162940"
2.09436,6.91752833333333,10.2682421667353,8.01923842763673e-05,0.00122198095238665,1.87475099036835,"8109938"
-1.03672,7.60928333333333,-10.265578952201,8.03030571431148e-05,0.00122198095238665,1.87318133159005,"8022572"
-1.17336,6.29551333333333,-10.2645246871938,8.03469177502415e-05,0.00122198095238665,1.87255985620127,"7893396"
1.22367,10.5330433333333,10.2642215233176,8.03595354791116e-05,0.00122198095238665,1.872381133797,"8102860"
-1.450595,8.09137,-10.2638898822023,8.03733410946171e-05,0.00122198095238665,1.87218561760496,"7925929"
-1.75766,5.53708833333333,-10.2591276625293,8.05718904382447e-05,0.00122390612952657,1.86937742659755,"8127502"
1.296865,6.878025,10.2550199491988,8.07436135185804e-05,0.00122595535765078,1.86695418631174,"8089203"
1.150995,10.2968683333333,10.2533031895989,8.08155097558002e-05,0.00122648770662665,1.86594115354573,"8047518"
-1.03732,9.886365,-10.2519897505817,8.08705659691239e-05,0.0012267641162068,1.86516600463261,"7966035"
1.23033,8.12770333333333,10.249521189336,8.09741611080715e-05,0.00122777624882307,1.86370888383732,"8160935"
-1.07025,10.9464333333333,-10.2448458542739,8.11707917297869e-05,0.00122925600507742,1.86094825022876,"7906564"
-1.16182,8.65984166666667,-10.244430655501,8.1188280783617e-05,0.00122925600507742,1.86070303073833,"7939805"
1.071185,8.53161833333333,10.2436915237763,8.12194255089143e-05,0.00122925600507742,1.86026647057455,"7980680"
1.123355,7.83773833333333,10.2398771266669,8.13803751258831e-05,0.00123113237190665,1.8580130604978,"7982574"
1.15133,7.92034333333333,10.2320224540939,8.17129840447216e-05,0.00123560273830023,1.8533702771759,"8036938"
1.214305,8.02791166666667,10.2299038337145,8.18029703743676e-05,0.00123640195395157,1.85211740943162,"8131286"
1.64968,6.41085833333333,10.2275336252932,8.19037803130603e-05,0.00123685600977234,1.85071546934211,"7902441"
1.2741,5.35811,10.2274198774103,8.19086219087118e-05,0.00123685600977234,1.85064818151418,"8122202"
1.50359,7.23090833333333,10.2265783770372,8.19444501774267e-05,0.00123685600977234,1.85015036782615,"8109773"
1.958605,6.35881166666667,10.2246497095689,8.20266356792928e-05,0.00123725101759706,1.84900926193663,"7972932"
-1.24689,6.87936166666667,-10.2241180704425,8.204930717385e-05,0.00123725101759706,1.84869467887924,"8101723"
1.232875,7.67513,10.2226557804569,8.21117037078044e-05,0.00123725101759706,1.84782932794968,"7964834"
1.077365,4.735225,10.2224789606388,8.21192524518574e-05,0.00123725101759706,1.84772468188966,"7987405"
1.18766,8.05171333333333,10.2209375329747,8.21850931201276e-05,0.0012376829695255,1.84681235625056,"7944365"
-1.171745,8.111495,-10.2171073322048,8.23489646179433e-05,0.00123903003835683,1.84454480536322,"7963880"
-1.300415,9.3491,-10.2091236490014,8.26917712514906e-05,0.00124362597441774,1.83981570972638,"8133176"
1.13326,8.74772,10.1982785307705,8.31601254832576e-05,0.001250105055628,1.83338601027216,"8105463"
-1.15256,6.33143833333333,-10.1948320973806,8.33096125040719e-05,0.00125178707921845,1.83134137417935,"8144388"
-1.28509,8.70601833333333,-10.1913307981998,8.3461801808378e-05,0.00125350817086764,1.82926351418777,"8005707"
1.085995,5.662745,10.1803341508219,8.39419103898873e-05,0.00126015049154737,1.82273308740913,"8112033"
-2.734025,5.93885833333333,-10.1790514322662,8.39981237661155e-05,0.00126042610502044,1.82197089980296,"8156571"
1.65849,4.55798,10.1759446330312,8.41344578527726e-05,0.00126144765073796,1.82012446987965,"7971526"
-1.657775,5.20345833333333,-10.1757735776091,8.41419717178425e-05,0.00126144765073796,1.82002279280316,"7893828"
1.15089,5.778895,10.1745070673215,8.41976295434495e-05,0.00126171398330704,1.81926991563823,"8116130"
2.29196,5.99462666666667,10.1721128976461,8.43029611676771e-05,0.00126272411066133,1.81784645754816,"8171248"
1.237665,10.0780783333333,10.1679802889883,8.44851389794071e-05,0.00126446873704378,1.81538865699804,"8048733"
-1.06792,9.65579,-10.1677481017128,8.44953881707782e-05,0.00126446873704378,1.81525053926068,"8114814"
1.56173,6.39340166666667,10.1658554227969,8.45789890051498e-05,0.00126458311490996,1.81412455799466,"8106931"
1.067455,9.45534833333333,10.1630808742606,8.47017178150381e-05,0.0012658496849584,1.81247357954991,"8170971"
1.83738,6.690975,10.1605371590379,8.48144193632512e-05,0.00126696533043435,1.81095958026597,"8024816"
1.04781,6.65467666666667,10.156570035156,8.49905371605724e-05,0.0012680713641218,1.80859765953415,"8031076"
1.044325,9.67194666666667,10.1565110191512,8.49931603690948e-05,0.0012680713641218,1.80856251634032,"7947991"
1.33107,8.37835333333333,10.1556111220881,8.50331717407291e-05,0.0012680713641218,1.80802661633996,"8146130"
1.23824,7.00481333333333,10.1545837299702,8.50788788013366e-05,0.0012680713641218,1.80741473621234,"8112521"
1.23824,7.00481333333333,10.1545837299702,8.50788788013366e-05,0.0012680713641218,1.80741473621234,"8177527"
1.246035,8.927525,10.1494321886549,8.53084972618191e-05,0.00127092484712608,1.80434576373268,"7984132"
-1.102445,7.82645666666667,-10.1479081625159,8.53765664454706e-05,0.00127103615157501,1.80343755844134,"8143988"
1.38057,6.33100666666667,10.1475557929548,8.5392313754191e-05,0.00127103615157501,1.80322755414632,"8034097"
-1.210035,5.03498333333333,-10.1437548841872,8.55623919369567e-05,0.00127204548532783,1.80096185751658,"8068022"
-1.412635,5.74688666666667,-10.1434794288806,8.55747330730801e-05,0.00127204548532783,1.80079762905798,"7981011"
1.219105,6.81237833333333,10.1420295529505,8.56397257895548e-05,0.00127229125787549,1.79993313257228,"7981273"
-1.065585,9.564785,-10.1414061654227,8.56676877843908e-05,0.00127229125787549,1.79956139821394,"8165995"
1.131005,9.57943166666667,10.1383481441733,8.58050101009952e-05,0.00127376255966689,1.79773754433534,"8119648"
-1.09178,8.44609166666667,-10.1349815477999,8.59564875196869e-05,0.00127432541707107,1.79572904631882,"8109093"
-1.14476,7.08017833333333,-10.1349537283403,8.59577405394367e-05,0.00127432541707107,1.79571244669798,"7963590"
-1.913105,6.90465,-10.1301574060375,8.61740925493351e-05,0.00127696428999342,1.7928498768022,"7975076"
-1.013375,8.7326,-10.1283261978464,8.62568627426204e-05,0.00127762222363925,1.79175662432615,"8155121"
-1.641415,7.79252833333333,-10.1258811736097,8.63675225316569e-05,0.00127853856596175,1.7902966236884,"7919168"
1.024895,9.84547166666667,10.1251683105454,8.63998174385059e-05,0.00127853856596175,1.78987088772394,"7932964"
1.23211,9.10457666666667,10.1244158334298,8.64339223347419e-05,0.00127853856596175,1.7894214625601,"8068062"
-1.522345,6.14519833333333,-10.1144672294945,8.68863139205208e-05,0.00128465967789147,1.78347656489686,"8115147"
1.84964,8.71789166666667,10.1131199839661,8.69477900692036e-05,0.00128499803192822,1.7826710764779,"7909146"
-1.431455,7.61153333333333,-10.1068988046801,8.72323304502161e-05,0.00128863128083445,1.77895024795834,"8045736"
2.04296,5.27616,10.1052949825466,8.73058618345759e-05,0.00128863338513289,1.77799066443133,"7982117"
-1.629515,5.10441666666667,-10.1052074894698,8.73098752698381e-05,0.00128863338513289,1.77793831224983,"7902660"
1.30396,7.5504,10.1008319432911,8.7510863943653e-05,0.00129047523445171,1.77531962005159,"8053882"
1.157415,8.03888,10.1008033170851,8.75121806586768e-05,0.00129047523445171,1.77530248419321,"7979516"
1.0954,9.24409166666667,10.0989701943455,8.75965468650068e-05,0.00129107677708522,1.77420506734436,"8105523"
1.043985,7.06667666666667,10.0976822334823,8.76558799625152e-05,0.00129107677708522,1.77343390384937,"8022110"
1.16122,7.53785,10.0961388668098,8.77270409835672e-05,0.0012913560051414,1.77250969372257,"7901192"
1.108795,8.81517833333333,10.0908435686143,8.79717097598849e-05,0.00129422654742461,1.76933770463567,"8076393"
1.04121,6.76050666666667,10.0895437407301,8.80318903340114e-05,0.00129422654742461,1.7685588403087,"7909877"
-1.131825,4.48965333333333,-10.0893976748913,8.80386560325774e-05,0.00129422654742461,1.76847131086719,"8135488"
-1.443575,6.167515,-10.0861460465187,8.81894277155541e-05,0.001295870862597,1.76652247249565,"8149413"
1.20408,9.42411333333333,10.0809415048789,8.84313822234758e-05,0.00129846417849462,1.76340192926831,"8052307"
-1.35706,9.27275833333333,-10.0806725553901,8.84439065629278e-05,0.00129846417849462,1.7632406307779,"8138553"
1.353685,8.190925,10.0780539939262,8.8565955427e-05,0.00129946755978265,1.76166997368594,"7952914"
-1.799795,4.079945,-10.0775320950578,8.85903042528338e-05,0.00129946755978265,1.76135688370964,"8126710"
1.758775,7.53600166666667,10.0695195708033,8.89651091402251e-05,0.00130439068209691,1.7565481946659,"8022473"
1.034815,8.36527166666667,10.0620203932251,8.93175849617666e-05,0.00130898222996124,1.75204429939513,"8054045"
1.300765,5.36565,10.0597666640136,8.94238341120608e-05,0.00130989236551589,1.75069012075707,"7974418"
1.912205,7.90399,10.0590348411454,8.94583667953008e-05,0.00130989236551589,1.75025033484581,"8022404"
-2.34449,5.741045,-10.0554263688914,8.96288691449866e-05,0.00131054114439725,1.74808139471497,"8085774"
-1.22933,7.00371833333333,-10.0550633870906,8.96460413035812e-05,0.00131054114439725,1.7478631768228,"8098870"
1.05258,8.13471666666667,10.0547660382824,8.9660111329457e-05,0.00131054114439725,1.74768441069674,"7972579"
2.527465,6.79092333333333,10.0533487210835,8.97272118649409e-05,0.0013109464561066,1.7468322505955,"8179713"
-1.13065,8.39471833333333,-10.0450585118848,9.01208785463059e-05,0.00131612056708612,1.74184549056098,"8123562"
1.075605,9.99368,10.0384314266268,9.0437026233945e-05,0.00131914847758448,1.73785633304673,"8144669"
-1.5203,6.13261166666667,-10.0382214067752,9.04470665322813e-05,0.00131914847758448,1.73772987132055,"7961580"
1.200335,8.70270166666667,10.0331910685538,9.06879396590642e-05,0.00132082612078341,1.73470014508293,"8131414"
1.390465,7.92579333333333,10.0331138219013,9.06916443981575e-05,0.00132082612078341,1.73465360891742,"8009552"
1.563565,6.21960833333333,10.0329602485783,9.06990102807402e-05,0.00132082612078341,1.73456108980836,"7927307"
-1.02729,5.86416166666667,-10.0325067474106,9.07207657816517e-05,0.00132082612078341,1.7342878735624,"8020973"
1.542655,7.11404,10.0292111496034,9.08790469908553e-05,0.00132255228481403,1.73230205663432,"7974198"
1.850735,8.714715,10.0272983956382,9.09710612350575e-05,0.00132331298643238,1.73114921156484,"7904452"
1.162195,8.49221333333333,10.0238513264235,9.11371603925103e-05,0.00132515023126175,1.72907108591542,"8137986"
1.19417,9.05509,10.0169330690818,9.14715940980138e-05,0.00132915808557829,1.72489825073237,"7979743"
-1.15728,7.91367833333333,-10.0164675563155,9.14941489047198e-05,0.00132915808557829,1.72461737276632,"7965322"
1.39299,7.504385,10.0156751912022,9.15325551920897e-05,0.00132915808557829,1.72413925239633,"8180324"
1.23177,7.27728333333333,10.0129117205681,9.16666497004063e-05,0.00133052503708563,1.72247146853883,"7969374"
1.06973,9.99387333333333,10.0119687599432,9.17124585215693e-05,0.00133060990474627,1.72190228205416,"7896596"
1.09911,9.14228833333333,10.0078110684501,9.19147583155657e-05,0.00133129618055264,1.7193920258874,"8055089"
-1.022435,8.58667833333333,-10.0064516085536,9.19810185949603e-05,0.00133129618055264,1.7185710214414,"8122554"
1.311495,7.16248666666667,10.0064328414266,9.19819336990089e-05,0.00133129618055264,1.71855968686708,"8138912"
-1.208145,7.87481666666667,-10.0062123061581,9.19926880202677e-05,0.00133129618055264,1.71842649110983,"7958158"
-1.783065,5.95379833333333,-10.0060694534212,9.19996549674633e-05,0.00133129618055264,1.71834021146088,"8009353"
1.153335,9.59777833333333,10.0028477009452,9.21569445441049e-05,0.00133299295503261,1.71639403996551,"7939158"
-1.214835,9.52964833333333,-9.99985199766809,9.23034808351004e-05,0.00133453278391938,1.71458388608518,"8022310"
1.931695,5.45058,9.99029872344687,9.27726102635416e-05,0.00134073333504564,1.70880788953873,"8175543"
2.432585,6.74308833333333,9.98462050988459,9.30527716754819e-05,0.00134419875855901,1.70537231295606,"7997746"
-1.297505,6.510125,-9.97978603637184,9.32920845174895e-05,0.00134707135220245,1.70244578019517,"7924465"
-1.25252,5.12062,-9.97657553612232,9.34514068933984e-05,0.00134826348954799,1.70050157327129,"8081880"
-1.484075,4.34420333333333,-9.97567562148363,9.34961226947267e-05,0.00134826348954799,1.69995649897032,"7977161"
-1.98074,7.66547333333333,-9.97393866539614,9.35825010850052e-05,0.00134892490849672,1.69890430085995,"8180217"
1.18849,9.26061,9.97013621652768,9.37719224220016e-05,0.00135107040280631,1.69660028149246,"8124469"
-1.30045,7.25403666666667,-9.95351687651797,9.46051139951508e-05,0.00136130790004172,1.68652035703623,"7925257"
1.884715,5.34343,9.95142872359787,9.47104131603019e-05,0.00136223439611169,1.6852527303901,"8078066"
1.111565,9.27100166666667,9.94857968856275,9.48543027883066e-05,0.00136275583960064,1.68352279984919,"8131356"
-1.021035,8.86805,-9.94804256271391,9.48814588406097e-05,0.00136275583960064,1.68319660524965,"7908437"
1.55761,6.52559166666667,9.94756012126557,9.49058579175932e-05,0.00136275583960064,1.68290360610242,"8146024"
1.229825,9.13985166666667,9.94666191855625,9.49513033568633e-05,0.00136275583960064,1.68235806863426,"7986359"
-1.56546,6.93321,-9.93842780125262,9.53691065693298e-05,0.0013675732736602,1.67735477833753,"8035465"
-1.204745,6.99309666666667,-9.93726529695822,9.54282659148707e-05,0.00136773191102258,1.67664809130204,"8074939"
2.746195,6.00896166666667,9.93659644923048,9.54623227683119e-05,0.00136773191102258,1.67624146298779,"8170273"
-1.221675,6.61506166666667,-9.92651351122332,9.59774617187186e-05,0.00137393015599663,1.67010837114617,"7997128"
-1.151815,3.04838833333333,-9.92358688137945,9.61275929024702e-05,0.0013743067672278,1.66832710485938,"7982040"
-1.151815,3.04838833333333,-9.92358688137945,9.61275929024702e-05,0.0013743067672278,1.66832710485938,"7982042"
-1.151815,3.04838833333333,-9.92358688137945,9.61275929024702e-05,0.0013743067672278,1.66832710485938,"7982044"
1.34276,6.526,9.9173926156962,9.64462564075482e-05,0.00137827081527988,1.66455538569863,"8016444"
1.282025,10.2339916666667,9.91538110034218,9.65500046692103e-05,0.00137888305043308,1.66333008561734,"7960730"
1.1625,11.3147166666667,9.91495648940981,9.65719216028452e-05,0.00137888305043308,1.66307140693431,"7961230"
1.38546,10.1542183333333,9.91206140423956,9.67215111962551e-05,0.00138042698598444,1.66130740340781,"7893782"
1.2209,8.77716,9.91099029173701,9.67769245459925e-05,0.00138062607395369,1.66065464090409,"8010243"
-1.04828,7.722165,-9.90691345677993,9.69881774805352e-05,0.00138304725720316,1.65816950750769,"8129458"
-1.06113,6.37816833333333,-9.90461295389716,9.7107623017059e-05,0.00138415775838999,1.65676675432013,"8144448"
1.523645,8.70879,9.90291819909536,9.7195727430784e-05,0.00138480195506905,1.65573316501167,"8100328"
-1.4821,8.333925,-9.90214419481387,9.72359963645806e-05,0.00138480195506905,1.65526106329819,"7984353"
1.095705,9.64024666666667,9.90095661615272,9.72978202299418e-05,0.00138509000435929,1.65453663536499,"7932109"
-1.11526,9.04074,-9.89888441628133,9.74058066594499e-05,0.00138603467706825,1.65327238845067,"8017850"
1.08315,8.76276666666667,9.8956854884558,9.75727848362462e-05,0.0013877058111974,1.65132023569635,"8063949"
-2.04239,7.749255,-9.89503841782859,9.76066014903539e-05,0.0013877058111974,1.65092528703031,"8077970"
2.127125,5.938455,9.89216376163654,9.77570003694179e-05,0.00138832016880384,1.64917040556688,"8086222"
1.393255,5.83008,9.89182157359362,9.7774921345828e-05,0.00138832016880384,1.64896147917315,"8124622"
1.393255,5.83008,9.89182157359362,9.7774921345828e-05,0.00138832016880384,1.64896147917315,"8178275"
1.069775,7.89386333333333,9.89102615667312,9.78165935674028e-05,0.00138832016880384,1.64847580293138,"8151587"
-1.013725,10.1596866666667,-9.88862836104916,9.79423409966267e-05,0.00138930382438606,1.64701150205033,"8158317"
1.2203,8.20852,9.88805421599453,9.7972478933958e-05,0.00138930382438606,1.64666082985135,"7903239"
1.62218,8.38594,9.88731928691394,9.80110725735905e-05,0.00138930382438606,1.64621192711373,"7953981"
-1.081155,6.77669333333333,-9.88610586086,9.80748327012028e-05,0.00138961604444764,1.64547068430435,"7950864"
1.05208,9.16502166666667,9.88324058774677,9.82255829092368e-05,0.00139116003153078,1.6437200408895,"8106280"
1.96876,5.62072166666667,9.87958178561239,9.84184776509817e-05,0.00139270720371642,1.64148386600166,"8104107"
1.269455,8.77397833333333,9.87732824798283,9.85375065888495e-05,0.00139379921703013,1.64010616752919,"8075106"
1.14892,9.53812333333333,9.87374505705316,9.87271134300263e-05,0.00139485226768497,1.63791497622876,"7979551"
-1.4338,7.50196333333333,-9.86852906058469,9.9003885485894e-05,0.00139802051527727,1.63472395224961,"7893442"
1.77758,8.046265,9.86255210359876,9.93221537145964e-05,0.00140192020018436,1.63106543547457,"8131709"
-1.1737,10.96085,-9.86125910715558,9.93911623062675e-05,0.0014022998014033,1.63027371283188,"7984771"
1.06794,6.70136,9.85872870167398,9.952637527167e-05,0.00140361275621381,1.62872402153828,"8173232"
1.580025,6.19141,9.85502046565655,9.97249153320141e-05,0.00140581731829385,1.62645231661501,"8115261"
1.03571,7.255845,9.85344981673363,9.98091481542231e-05,0.00140640931277663,1.62548987753778,"8100603"
1.075205,8.02782,9.85071557738549,9.99559823944122e-05,0.00140660463649029,1.62381408584558,"8125360"
-1.447725,7.78091166666667,-9.85029696202219,9.99784852186002e-05,0.00140660463649029,1.62355748142653,"8059580"
1.154595,5.42693333333333,9.85004585340234,9.99919865024633e-05,0.00140660463649029,1.62340355099164,"8103695"
1.250265,8.66127666666667,9.84850958083593,0.000100074633328144,0.00140717274743547,1.62246173021117,"8017186"
-1.293355,6.86763166666667,-9.84619659448236,0.000100199215952867,0.00140776066547469,1.62104347950906,"7977409"
1.10428,5.77158,9.84616345186626,0.000100201002407875,0.00140776066547469,1.62102315521584,"7990774"
1.01895,8.00509166666667,9.84240048754442,0.000100404076662489,0.00141001878558873,1.61871514553664,"8013135"
-1.42301,7.625475,-9.84111312303308,0.000100473661927064,0.0014104011472114,1.61792535126482,"7895114"
-1.244975,7.98928166666667,-9.83715905152783,0.000100687742760872,0.00141281069140698,1.61549893178207,"8086572"
-2.089735,5.15311,-9.8347564916387,0.000100818082750135,0.00141404368211088,1.6140241502191,"8176709"
1.61528,8.369785,9.83389926485632,0.000100864635520942,0.0014141009553435,1.6134978700943,"7932041"
1.080745,10.3238683333333,9.8281712400983,0.000101176349962191,0.00141727762923477,1.60998013569746,"8152323"
1.0458,11.4041,9.82644292967021,0.000101270624659185,0.00141800167757649,1.60891835467016,"7892599"
2.40935,6.1189,9.82178958293402,0.000101524964033352,0.00142096541715785,1.60605871460504,"8023267"
1.00276,7.53571166666667,9.8186552618761,0.000101696699203631,0.00142277100562324,1.60413184882357,"7956026"
1.90133,6.49845333333333,9.81318428671823,0.000101997279761449,0.00142637691063291,1.60076710640797,"8152812"
-1.015525,8.67120666666667,-9.81121075218608,0.000102105962867438,0.00142677322414805,1.59955291605473,"8144184"
-1.46033,6.43818333333333,-9.810618607815,0.000102138598871408,0.00142677322414805,1.59918856244844,"8121277"
1.208435,9.41938833333333,9.81033618239229,0.000102154169035317,0.00142677322414805,1.59901477537689,"7900576"
-1.86377,5.30046666666667,-9.80933008794952,0.000102209657793022,0.00142694967527641,1.59839564906827,"8161892"
1.018385,9.55957833333333,9.80743421905305,0.000102314315906397,0.00142781214448252,1.59722881461749,"8063566"
1.413665,7.46121333333333,9.80106646157687,0.000102666756548037,0.00143192262265311,1.59330815097005,"8153838"
1.34605,8.736205,9.79973210455253,0.000102740790178571,0.00143192262265311,1.59248627634004,"7933877"
-1.31321,9.45971,-9.79911764976503,0.000102774902764419,0.00143192262265311,1.59210777792145,"7949503"
1.00095,8.623675,9.7988298455469,0.00010279088530509,0.00143192262265311,1.59193048553185,"7989975"
1.14416,7.59361833333333,9.79823572247246,0.000102823887760567,0.00143192262265311,1.59156447992575,"7995292"
1.6392,5.95271666666667,9.79222389930372,0.000103158532557133,0.00143573448711476,1.58785976147939,"7960438"
1.29371,6.38126,9.79177002015305,0.000103183849225624,0.00143573448711476,1.58757997674003,"8160771"
1.00867,9.28424333333333,9.78752290292263,0.000103421099681467,0.00143783396914146,1.58496133514143,"8073522"
1.0342,9.02110666666667,9.7864795132559,0.000103479482727782,0.00143804521552043,1.58431784978099,"7948420"
1.78666,7.3584,9.78427548166272,0.000103602936607216,0.00143916019199435,1.58295835454708,"8111960"
1.057115,9.73622833333333,9.78078049779642,0.000103799054043425,0.00144128319536444,1.58080198129096,"8180393"
-1.064795,8.88508333333333,-9.77736414828989,0.000103991179283992,0.00144274762359128,1.57869342469276,"7964745"
1.008315,9.58718333333333,9.77520707918721,0.00010411270084317,0.00144298981123521,1.57736173407272,"8022342"
1.20516,7.63638,9.7747469105187,0.000104138646616759,0.00144298981123521,1.57707760808676,"8134621"
1.16062,7.82128833333333,9.77118192937967,0.000104339908338675,0.00144517717468921,1.57487602451455,"8055645"
1.40716,8.96722,9.76712629911744,0.000104569423814142,0.00144775388970457,1.57237051873477,"8063315"
-1.536635,6.17483833333333,-9.75548002002874,0.000105231801493851,0.00145631890870355,1.56517019108516,"7954729"
-1.23234,9.20179,-9.75247604553395,0.000105403447630295,0.00145808832394929,1.56331167021422,"7907657"
-1.002675,9.17405166666667,-9.75009548297786,0.000105539705080726,0.00145936692694058,1.56183846459079,"8115099"
-1.06307,7.45508833333333,-9.74826852835541,0.000105644415291364,0.00146019462110597,1.56070762890137,"8169519"
-1.017135,8.38423666666667,-9.74752141867993,0.000105687270230513,0.00146019462110597,1.560245130821,"8000375"
1.25216,4.33053166666667,9.74032181858428,0.000106101291253189,0.00146469929305863,1.5557865137576,"8169083"
1.055025,7.383765,9.73931963768093,0.000106159073232818,0.00146488962347001,1.55516563113889,"8148517"
-1.06789,8.69883,-9.73413519847378,0.000106458577472904,0.00146780590232516,1.55195275014783,"7972069"
-1.677745,4.78730166666667,-9.72607083390239,0.000106926423331555,0.00147303645745585,1.54695194002398,"8167027"
1.668495,7.12829166666667,9.72249975350055,0.00010713436469371,0.00147468083555455,1.54473622702874,"7967202"
-1.170255,7.384905,-9.72140127597336,0.000107198423424051,0.00147487056733152,1.54405451199542,"8142136"
1.0304,10.70015,9.72074463699277,0.000107236737348999,0.00147487056733152,1.54364696741076,"7986323"
1.032725,8.40338166666667,9.71917233585399,0.000107328544002446,0.00147526949033389,1.54267100992894,"8161114"
-1.11129,8.92895333333333,-9.71873056600678,0.000107354355499865,0.00147526949033389,1.54239676826128,"7967624"
-1.50034,7.04723666666667,-9.71787660105735,0.000107404271124155,0.00147534654109777,1.54186661117646,"8020495"
-1.134935,8.69734833333333,-9.71534973787947,0.000107552129586274,0.00147617281835815,1.54029763227196,"7966268"
1.06326,7.23219166666667,9.71533332789847,0.000107553090588848,0.00147617281835815,1.54028744174227,"8134789"
-1.7384,6.19931333333333,-9.71382283149319,0.000107641591466851,0.00147677876846796,1.53934936065055,"8155754"
1.205125,3.85783,9.71246773119143,0.000107721060162791,0.00147726035430002,1.53850767059245,"7961844"
1.503485,7.744075,9.70951506992602,0.000107894454484554,0.00147902908644389,1.53667331006815,"8102076"
1.079645,8.10275,9.70357949902111,0.000108244009217005,0.00148260007194513,1.53298421406618,"8135172"
1.411545,5.21651166666667,9.70152612094924,0.000108365244330938,0.00148365030447666,1.53170749911248,"7892552"
1.047465,9.01252,9.69847206839317,0.000108545855263339,0.00148551226580493,1.52980813297969,"7928300"
1.064225,8.61872833333333,9.69608967114125,0.000108686990497083,0.00148683267156178,1.52832609121468,"7967736"
1.032885,9.029795,9.68359517027864,0.000109430703044477,0.00149584393897125,1.52054791977762,"8147049"
1.10836,6.88916833333333,9.68193086110796,0.000109530217062952,0.00149584393897125,1.51951113185324,"8051547"
1.555795,4.79300333333333,9.68151169504164,0.000109555296955031,0.00149584393897125,1.51924998439056,"8121768"
1.07854,6.06261166666667,9.6813149044588,0.000109567073811823,0.00149584393897125,1.51912737691619,"7967993"
1.470935,8.11223833333333,9.68126045338597,0.000109570332677145,0.00149584393897125,1.51909345156487,"7975324"
1.12279,6.94354,9.67868712654142,0.000109724474299199,0.00149645185075829,1.51748995484204,"8061746"
1.144485,7.01443666666667,9.67826656849732,0.000109749689748378,0.00149645185075829,1.51722785788537,"8052598"
1.12521,10.00549,9.67665717659802,0.000109846246930909,0.00149654275125142,1.5162247664919,"8120022"
-1.045085,8.02964,-9.6717833813642,0.000110139262714195,0.00149992107590779,1.5131861055771,"8024446"
-2.608295,5.715085,-9.66894799963206,0.000110310148763986,0.00150057610212747,1.51141767277425,"7903777"
1.08525,10.7417166666667,9.66857120591909,0.000110332881160121,0.00150057610212747,1.51118262929213,"8046515"
-1.21051,8.11909333333333,-9.66799546377941,0.000110367626936666,0.00150057610212747,1.51082346544685,"7958960"
-1.03035,11.2352333333333,-9.66580385861006,0.000110500006562395,0.00150115002795107,1.50945609840072,"7919269"
-1.03035,11.2352333333333,-9.66580385861006,0.000110500006562395,0.00150115002795107,1.50945609840072,"7919349"
-1.31073,8.66399333333333,-9.66014953322814,0.00011084240444885,0.00150518741473627,1.50592696052378,"8099259"
1.01942,7.09613166666667,9.65814383114873,0.000110964158159265,0.00150622648765962,1.50467464026202,"8018343"
1.02195,7.06939833333333,9.65402516956437,0.000111214667746575,0.0015090117326641,1.50210226704935,"8178298"
1.153615,9.08528333333333,9.64737018204639,0.000111620845108405,0.00151313050249149,1.49794362142784,"8134470"
1.22214,7.99201833333333,9.64681917488793,0.000111654552801201,0.00151313050249149,1.49759918138548,"7974566"
1.01337,10.0109283333333,9.64465520841759,0.000111787048138075,0.00151430974037977,1.49624628635708,"8136200"
-1.081,9.66746333333333,-9.64370904724771,0.000111845037523724,0.00151447914372811,1.49565466451207,"8115918"
-2.32769,5.16710666666667,-9.6351880769568,0.000112368870149187,0.0015209537680315,1.49032416876051,"8028194"
-1.17184,3.66751833333333,-9.62773820991701,0.000112829210590241,0.00152468590165004,1.4856601135583,"7896719"
1.09107,6.58498833333333,9.62702245318055,0.000112873554601536,0.00152468590165004,1.48521183004593,"7979611"
-1.193995,7.103235,-9.62450610774513,0.000113029614367889,0.00152555616927751,1.48363557769394,"7925851"
1.184715,8.45606166666667,9.61997235979889,0.000113311428271569,0.00152868562943179,1.48079464086663,"8111677"
-1.087445,8.94289,-9.61929987022264,0.000113353299668652,0.00152868562943179,1.48037313890705,"8137054"
1.711005,7.58193166666667,9.61836944369972,0.00011341126093346,0.0015288480790694,1.47978992221447,"7962349"
1.316515,5.40288833333333,9.61597831069117,0.000113560376681456,0.00152996231728235,1.4782908529736,"8180309"
-1.00136,7.36196666666667,-9.61516052286908,0.000113611428200541,0.00152996231728235,1.47777807859167,"7958692"
-1.194995,9.821875,-9.61483490303582,0.000113631762940783,0.00152996231728235,1.4775738950825,"8032418"
1.370155,7.72291166666667,9.61287899521126,0.000113753997775498,0.00153062846791584,1.47634728548909,"8112709"
-1.45306,6.56980333333333,-9.61056252736431,0.000113898965044569,0.00153170187362239,1.47489425595952,"8064014"
-1.3099,9.35186666666667,-9.6095617202424,0.000113961663623793,0.00153192632768729,1.47426638761532,"7987172"
1.20986,6.22805833333333,9.6031766843914,0.000114362625976058,0.00153607598109109,1.4702592199144,"8034084"
1.67414,7.15198333333333,9.60179950546885,0.000114449325336441,0.00153662063940625,1.4693945935158,"8167835"
1.011745,9.807085,9.59336983577238,0.000114981689476998,0.00154190306665953,1.46409971609238,"7974066"
1.11694,8.36991666666667,9.58868571051466,0.000115278761729861,0.00154526446429918,1.46115562644463,"8134599"
1.548045,6.73073166666667,9.58722122477287,0.000115371825294305,0.00154526776622063,1.46023488502236,"8004416"
-1.12933,8.86086833333333,-9.5851466495567,0.000115503808750365,0.00154593482721758,1.45893034753293,"8058221"
-1.13273,8.293855,-9.58497893648317,0.00011551448629358,0.00154593482721758,1.45882487443054,"8025877"
1.174215,5.65648833333333,9.57686878334502,0.000116032205236687,0.00155161619990601,1.45372242172606,"8022007"
1.145705,7.45522333333333,9.57009320121041,0.000116466814088037,0.0015549300355611,1.44945651295304,"8001082"
-1.031465,4.28643333333333,-9.56591075543292,0.000116736041555395,0.00155789978984769,1.44682183664165,"8045539"
-1.705315,6.85451333333333,-9.55931342809208,0.000117162199310865,0.00156233470182373,1.44266375217755,"8173041"
-1.067835,6.43978666666667,-9.55831963804845,0.000117226551393901,0.00156256704634216,1.44203716610611,"8023392"
1.54497,6.57433333333333,9.55480935070714,0.000117454188675181,0.00156377150912113,1.43982343832612,"7953442"
-1.08509,7.59871666666667,-9.55479800863318,0.000117454925031199,0.00156377150912113,1.43981628433071,"8123825"
1.037095,2.273065,9.55475364414938,0.000117457805337176,0.00156377150912113,1.43978830142581,"7895479"
1.2995,8.550625,9.54643455363956,0.000117999375766042,0.0015679561623758,1.4345388909873,"7943297"
1.051435,7.52039833333333,9.54630898610439,0.000118007572541483,0.0015679561623758,1.43445962422836,"7987511"
1.091615,8.41831166666667,9.54551443345574,0.00011805945466392,0.00156801980931175,1.4339580260781,"8099570"
1.08935,10.6685,9.54058249293075,0.000118382094832977,0.00157042574169467,1.43084363927744,"7915286"
1.175685,8.42576666666667,9.53882825574824,0.000118497103167684,0.00157132538597147,1.42973552416523,"8117589"
-1.275475,8.46223333333333,-9.53767352438058,0.000118572879095553,0.00157170428154643,1.42900600071773,"8007250"
1.27651,9.03385333333333,9.53520759901815,0.000118734888339979,0.00157259967265564,1.42744782993235,"8104350"
-1.68734,5.99733,-9.52937851568187,0.000119118885524353,0.00157565204088388,1.42376305068835,"8105077"
1.062185,9.90712666666667,9.52897877988273,0.000119145271771967,0.00157565204088388,1.42351028594771,"8180317"
-1.078515,8.64461166666667,-9.52883697691222,0.000119154633719122,0.00157565204088388,1.42342061737116,"8140579"
1.18986,8.50432666666667,9.52795263887297,0.000119213037867176,0.00157579853984254,1.42286138147077,"7996318"
-1.54783,7.39479833333333,-9.52330419252068,0.000119520585760838,0.00157923688257088,1.41992101090235,"8093878"
-1.052365,7.461845,-9.5210077468832,0.000119672864588154,0.00158062172637516,1.41846790278039,"7998820"
1.01978,7.94787833333333,9.51753892046101,0.000119903315574778,0.00158303754904575,1.41627233512686,"8076436"
1.19908,8.48086666666667,9.51348315616598,0.000120173418715835,0.00158586561779332,1.41370432416644,"8089830"
1.65261,7.00366833333333,9.51200315032837,0.000120272160495678,0.00158586561779332,1.41276696666368,"7923332"
1.186945,9.238675,9.51180353618286,0.00012028548545027,0.00158586561779332,1.4126405312156,"7974603"
1.34558,8.46862,9.51146583303991,0.000120308032271554,0.00158586561779332,1.41242662467514,"8042119"
-1.25674,7.79138833333333,-9.50949689361259,0.000120439587469184,0.00158697148554073,1.41117932629168,"8128939"
-1.006355,8.61129166666667,-9.50573907407082,0.00012069113479382,0.001589028357149,1.40879812724038,"8000028"
-1.084255,8.657025,-9.50003231159575,0.000121074320808633,0.00159315158308338,1.40518027445822,"8010983"
1.211795,7.17690333333333,9.49965064852421,0.000121099998702106,0.00159315158308338,1.40493824358995,"7959500"
1.009925,8.80298833333333,9.49835650529837,0.000121187114771873,0.00159366799390168,1.40411749788277,"7902345"
1.300335,7.3417,9.49668746213468,0.000121299575794799,0.00159408338417062,1.40305883691347,"7974781"
1.01515,10.462885,9.49500955009103,0.00012141275755572,0.0015943495654328,1.40199437590901,"7974455"
1.163505,7.39642,9.49447962144921,0.000121448529005987,0.0015943495654328,1.40165815482052,"8103025"
-1.468685,5.46143666666667,-9.49349101105995,0.000121515295548581,0.0015943495654328,1.40103086960689,"8116722"
1.502625,8.64476333333333,9.4933290247215,0.000121526239513123,0.0015943495654328,1.40092808152512,"8102800"
-1.085205,9.074245,-9.49110620982502,0.000121676531778511,0.00159569258709298,1.39951743422893,"8045287"
2.076295,5.99479333333333,9.49007055031298,0.00012174663061634,0.0015959832911938,1.39886007689407,"7950933"
-1.19754,5.92812333333333,-9.48933966892898,0.000121796128930768,0.00159600381936552,1.39839612919151,"7895185"
1.07087,9.56455166666667,9.48676451972421,0.000121970716497764,0.00159663339556969,1.39676121514149,"7905085"
1.07087,9.56455166666667,9.48676451972421,0.000121970716497764,0.00159663339556969,1.39676121514149,"7919614"
-1.083805,6.4847,-9.48650941633882,0.000121988027700072,0.00159663339556969,1.39659923229631,"8104035"
1.61996,6.265005,9.48344338160232,0.000122196312599457,0.00159873108865387,1.39465207690995,"8063115"
1.97136,7.19050166666667,9.4821724037606,0.000122282775938913,0.00159923393182953,1.39384474168579,"7945680"
1.004095,9.27021833333333,9.47845521253545,0.000122536063966899,0.0016019172838264,1.3914829744034,"8103728"
-1.24924,8.81876,-9.4765187079913,0.00012266825992034,0.00160301611089778,1.39025224892705,"8155883"
1.03087,8.259995,9.47230740036256,0.00012295632250643,0.0016055433809795,1.38757498816925,"7901091"
1.23122,8.654545,9.47228155298422,0.000122958092966265,0.0016055433809795,1.38755855275993,"7954655"
-1.192235,5.73858,-9.46904137642663,0.000123180270833212,0.00160771878590671,1.38549791176566,"7922550"
2.20088,4.62518333333333,9.4684443291313,0.00012322126142397,0.00160771878590671,1.3851181386546,"8098246"
1.10741,8.81262666666667,9.46652021421122,0.000123353471200091,0.00160800505326862,1.38389408557915,"8151032"
-1.608335,8.82355833333333,-9.46601692869588,0.000123388080340611,0.00160800505326862,1.38357387517274,"8152606"
-1.17886,8.814705,-9.46230230098567,0.000123643873762744,0.0016107081630196,1.38120999055574,"7958532"
1.30729,5.92013666666667,9.46006152279508,0.000123798476367448,0.00161209146171564,1.37978360512219,"7956430"
-1.31556,8.640155,-9.45833296596667,0.000123917892830575,0.00161301566754482,1.37868306372945,"8040163"
1.483905,7.07111,9.4491073850198,0.00012455752190287,0.00161881022903976,1.37280613724522,"8162086"
-1.22694,7.17888166666667,-9.44742925669638,0.000124674285040304,0.00161969553998712,1.37173655427278,"8093413"
-1.31552,6.432235,-9.44587646381999,0.000124782441538499,0.00161983662998339,1.37074669867624,"7971590"
1.099125,8.078045,9.43949079245356,0.000125228377851487,0.00162364724740793,1.36667444844242,"8156601"
1.11158,9.32185166666667,9.43433729898699,0.000125589626793786,0.00162714311414502,1.36338611247042,"7979849"
-1.657,6.70349166666667,-9.43054777618988,0.000125856042545446,0.00162996057901039,1.36096703300862,"8001030"
-1.340345,7.19742166666667,-9.42955199177666,0.000125926159121003,0.00162997749825271,1.36033121438768,"8079305"
1.090925,7.576075,9.42913897692388,0.000125955254317333,0.00162997749825271,1.36006748185065,"8117334"
-1.324565,6.47871,-9.426875472973,0.000126114848632527,0.0016314087470541,1.35862192047139,"8112176"
1.10954,5.47748833333333,9.42541182927513,0.00012621817268543,0.00163211126054632,1.35768700928132,"8102135"
1.08295,11.7759666666667,9.42087285834217,0.000126539226095376,0.0016348392852054,1.35478685703742,"7895322"
-1.308935,6.79749,-9.42030886678708,0.000126579185426286,0.0016348392852054,1.354426406924,"8117034"
1.14334,9.251835,9.42029830481238,0.00012657993389296,0.0016348392852054,1.35441965651664,"7929258"
1.0062,7.81440333333333,9.41580944376423,0.000126898503173422,0.00163772847293234,1.35155008330768,"7904000"
-1.354925,7.73490166666667,-9.41494170814226,0.000126960193537749,0.00163788979629075,1.35099522357075,"8163775"
1.036865,8.19448833333333,9.41395364094653,0.000127030481435343,0.00163816186690651,1.35036336193141,"7951497"
1.32384,7.68876166666667,9.41264479616218,0.000127123658539347,0.00163872011564069,1.34952627063686,"7954245"
1.18258,9.51623,9.4119633713425,0.000127172201063625,0.00163872011564069,1.34909041242311,"8067011"
3.103395,5.635545,9.41125750937121,0.000127222507287549,0.00163873416833792,1.34863889265117,"8055143"
2.03313,10.05714,9.40994308962847,0.000127316247017118,0.00163877893839442,1.34779801207991,"7955637"
1.015655,9.61969166666667,9.40803848327596,0.000127452220209977,0.00163877893839442,1.3465793749613,"8022674"
-1.051135,10.0907216666667,-9.40776066887459,0.00012747206806744,0.00163877893839442,1.34640159997085,"7984364"
-1.25818,5.25232666666667,-9.39009127127768,0.0001287418841657,0.00165112687554021,1.33508483695811,"8121532"
1.59884,6.35123,9.38956868574991,0.000128779664707869,0.00165112687554021,1.33474983470433,"8154670"
1.0614,10.7903833333333,9.38661410017958,0.000128993511930714,0.00165323208882101,1.33285547916942,"7910124"
1.91003,5.31837333333333,9.38209109669918,0.000129321683779538,0.00165680034813669,1.3299544491189,"8105585"
-1.259995,7.18605,-9.38114627648669,0.000129390359630028,0.00165704261715425,1.32934828283177,"8002778"
1.62072,8.7206,9.38004295661228,0.000129470610321062,0.00165743287653226,1.32864035662456,"7927710"
-1.33594,6.080275,-9.37850890631691,0.000129582287284015,0.00165812329913991,1.32765593138377,"8066822"
-1.4655,7.19502,-9.377934412384,0.000129624138741063,0.00165812329913991,1.32728723079009,"8121601"
-1.40517,7.44983333333333,-9.37549926808057,0.000129801712913076,0.00165848660048385,1.32572416345873,"8022612"
-1.575175,5.48333,-9.37387694904524,0.000129920172718067,0.00165936018066493,1.32468262253553,"8146934"
-1.566485,7.57009833333333,-9.37155486659117,0.00013008994862012,0.00166025489429058,1.32319153757892,"7998381"
1.128785,8.46535666666667,9.3585231886958,0.000131047572999763,0.00166927736731948,1.31481711527148,"7975645"
-1.053025,8.25044666666667,-9.35496492038814,0.000131310482100355,0.00167198666252218,1.31252862203725,"8091757"
1.28006,7.15416833333333,9.34153114452909,0.000132308640493541,0.00168340878964976,1.30388144375779,"8042144"
1.127265,7.012095,9.3363735490568,0.000132694217749747,0.00168618325487262,1.30055849606855,"7960165"
-1.224295,7.24987666666667,-9.33590562659077,0.000132729264228643,0.00168618325487262,1.30025693783366,"8008969"
1.12517,8.37935166666667,9.33476909231352,0.000132814433539212,0.00168662173667244,1.29952442646337,"8148642"
-1.55891,5.41348,-9.32857895152327,0.000133279432914516,0.00169059248676367,1.29553334949622,"7896004"
-1.805305,6.41948,-9.32654131237317,0.000133432915607302,0.00169102646931091,1.29421905096209,"8145736"
-1.001155,8.83564666666667,-9.32542894045497,0.000133516790936673,0.00169102646931091,1.29350144735921,"8001818"
1.01249,9.09175333333333,9.31857035039509,0.000134035308937376,0.00169694816794213,1.28907514402439,"8055104"
1.225575,7.86133,9.31771427728999,0.000134100194398705,0.00169712435305727,1.28852245172952,"8146198"
1.075155,7.96058333333333,9.30220178093407,0.000135282344381358,0.00170860506883107,1.27849923316077,"8134079"
-1.164145,8.9077,-9.30177237824112,0.000135315240607488,0.00170860506883107,1.27822155989056,"7990632"
-2.006335,8.19859166666667,-9.30021053599969,0.000135434971158753,0.00170946862572895,1.27721149461137,"8124534"
1.04948,8.185545,9.29699333399278,0.000135681992170653,0.00171128912625236,1.27513039080545,"8119161"
1.66217,7.823115,9.294618448763,0.00013586467722328,0.0017123061855774,1.27359372744138,"7975687"
-1.179375,8.47580833333333,-9.28960351018842,0.00013625139142596,0.00171587087001142,1.27034763208362,"7937485"
1.090225,8.72599833333333,9.28649691346675,0.000136491594719767,0.00171741398219734,1.26833596590443,"7977841"
-1.47375,6.53613333333333,-9.28601810326602,0.000136528660566308,0.00171741398219734,1.26802585869076,"8118345"
1.247005,5.79608833333333,9.28015974330189,0.000136983125186736,0.001721180045035,1.26423042471003,"8151423"
-1.085895,5.88577333333333,-9.27839076274493,0.000137120702323098,0.00172129823359936,1.26308392683474,"8027268"
1.87136,8.43215166666667,9.27738091585116,0.000137199312609926,0.00172129823359936,1.26242934223202,"7923189"
1.443475,6.767415,9.26860962269035,0.000137884325686501,0.00172924082575647,1.25674100488943,"8120552"
1.459655,7.23916833333333,9.26500575587649,0.000138166936739208,0.00173157490542534,1.25440239353463,"8148000"
1.758965,7.23664666666667,9.26402141008771,0.000138244245790106,0.00173157490542534,1.25376348857522,"7978066"
2.03271,5.339925,9.26236257048527,0.00013837464312056,0.00173157490542534,1.25268665112027,"8150002"
1.04364,8.537285,9.2618740825869,0.000138413069385058,0.00173157490542534,1.25236951476695,"8078412"
-1.022685,9.383425,-9.2617395326823,0.00013842365577103,0.00173157490542534,1.25228215950018,"8109407"
2.07618,5.49863166666667,9.26160215638862,0.000138434465514678,0.00173157490542534,1.25219296801834,"7983828"
-1.510265,4.164285,-9.25708111366622,0.000138790765016238,0.0017345796729677,1.24925700209155,"8169717"
1.700445,6.265095,9.2533071806875,0.000139089007251208,0.00173659691929403,1.24680519595033,"7905929"
-1.03183,7.74545833333333,-9.25296198921126,0.000139116324073706,0.00173659691929403,1.2465808897992,"7920664"
1.06042,8.13189166666667,9.25255057423577,0.000139148889710078,0.00173659691929403,1.24631354139378,"7980358"
1.221205,7.18969166666667,9.24986610450503,0.000139361598555735,0.00173729807080131,1.24456883218975,"7929550"
-1.578705,6.481155,-9.24659717303683,0.000139621132172975,0.00173913694681577,1.24244363472135,"8178115"
1.91358,7.60929,9.24650559895315,0.000139628410746128,0.00173913694681577,1.24238409060665,"7899627"
-2.065275,5.37216,-9.24603526057821,0.000139665801597302,0.00173913694681577,1.24207825443593,"7972601"
-1.59112,5.84002333333333,-9.22873886266382,0.000141048998352259,0.00175439241618796,1.2308213447592,"7892759"
1.738685,4.37667166666667,9.22682169300797,0.000141203299272282,0.00175541640685649,1.22957240761475,"8081959"
-1.310285,5.27309166666667,-9.22640621276788,0.000141236764692571,0.00175541640685649,1.22930171213279,"7952307"
1.253545,7.08503833333333,9.22452112712634,0.000141388718080473,0.00175664930818116,1.2280733918396,"8163149"
1.07105,7.95291166666667,9.22319101065596,0.000141496051487044,0.00175732712658116,1.22720654979552,"8045587"
1.09812,8.65996166666667,9.22217359721622,0.000141578215749569,0.00175769196488195,1.22654341975518,"8001350"
1.024325,9.33890166666667,9.22126358312446,0.000141651753950475,0.00175794947867647,1.22595023337169,"8172876"
1.55107,5.86459166666667,9.22058592917096,0.000141706544167268,0.00175797421800951,1.225508474291,"7957072"
-1.0841,5.56108333333333,-9.21652791372444,0.000142035165319659,0.00176103928819238,1.22286244901395,"7907847"
2.124405,7.24697666666667,9.21622920016815,0.000142059390578273,0.00176103928819238,1.22266763069576,"8084704"
1.52989,6.629775,9.21490050413407,0.000142167204585429,0.001761719914805,1.22180099649073,"7990309"
1.24235,5.72849666666667,9.20783953700224,0.000142741759221623,0.00176555436731144,1.21719358972995,"7926105"
-1.018705,9.05674333333333,-9.19930360252837,0.000143439963457866,0.00177287322318358,1.2116193936443,"7934920"
-2.147615,3.07718833333333,-9.1973363127653,0.000143601445673587,0.00177395087360614,1.21033402489203,"7895197"
1.17835,8.59870833333333,9.19694358794491,0.000143633707398329,0.00177395087360614,1.21007739983768,"8139212"
1.27868,7.96553666666667,9.19573828230555,0.000143732774313559,0.00177451619811589,1.20928973287053,"8097867"
-1.23172,7.03017333333333,-9.19378306937878,0.000143893647934255,0.00177584388260448,1.20801179948529,"8085094"
1.002065,8.96868333333333,9.19173211100563,0.000144062625839907,0.00177727056413167,1.20667101767513,"7964145"
1.704305,5.37151833333333,9.19004976727304,0.000144201407006782,0.00177832379596475,1.20557100628239,"8081657"
1.395225,6.47590666666667,9.18641223735506,0.000144502011885011,0.0017813711550297,1.20319194991519,"8002882"
-1.00855,8.86552833333333,-9.18490196106092,0.000144627036197328,0.00178225256264339,1.20220392807506,"8022927"
1.091885,4.76349833333333,9.18303080949458,0.000144782110186133,0.00178284390638597,1.20097961446528,"7985752"
1.037215,8.71698833333333,9.17614270665708,0.000145354648605952,0.00178893287527785,1.19647067958093,"8106006"
1.503755,6.882435,9.17578996808701,0.000145384039418021,0.00178893287527785,1.19623969398657,"8167601"
1.440075,8.45321,9.17455881689599,0.000145486675639819,0.00178924065111638,1.19543342896489,"8138030"
-1.056935,9.344405,-9.17394669955018,0.000145537736996464,0.00178924065111638,1.19503252417155,"7906061"
-1.317405,6.54062166666667,-9.17341655831713,0.000145581977044218,0.00178924065111638,1.19468528955233,"7966127"
-1.002185,7.40978333333333,-9.17291321843518,0.00014562399509041,0.00178924065111638,1.19435559233577,"7983173"
-1.45252,7.72692666666667,-9.17029302806174,0.000145842953863915,0.00179126995013161,1.19263904886645,"7928882"
1.467195,6.507755,9.1690848850082,0.000145944043234631,0.00179185059276678,1.19184741621909,"7993624"
1.21807,9.24889333333333,9.16478925926229,0.000146304137035539,0.00179416659685301,1.18903194128955,"8177544"
1.11272,8.42810166666667,9.16426430827461,0.000146348213864696,0.00179416659685301,1.18868779031464,"8135114"
1.302855,6.87594666666667,9.16064928719526,0.000146652166579403,0.00179656997446446,1.18631733760258,"8078529"
-1.440765,6.852715,-9.15700952893103,0.000146958945529451,0.0017996070208683,1.18392979506195,"8068202"
1.33281,7.33695833333333,9.15642631457454,0.000147008171810126,0.0017996070208683,1.18354714760011,"8134122"
1.71259,5.832875,9.15250799103628,0.000147339398968212,0.0018023365053066,1.18097575095132,"8124594"
1.63701,6.30678833333333,9.1508623785364,0.000147478767579103,0.00180337881897958,1.1798955173459,"8009951"
2.02416,7.83052,9.14811665482278,0.000147711649187389,0.00180423873183877,1.17809273739818,"8105436"
-1.048905,7.98352833333333,-9.14684772549315,0.000147819420158512,0.00180435629643161,1.17725941915028,"7945620"
1.386165,7.14938666666667,9.14672728972958,0.000147829653622412,0.00180435629643161,1.17718032229152,"8103932"
1.30502,8.59878333333333,9.14340498199553,0.000148112278147976,0.00180602704001898,1.17499800075346,"8073733"
-1.037,9.404295,-9.14313816452087,0.00014813500337931,0.00180602704001898,1.17482270497252,"8096314"
-1.062615,8.99609,-9.14145720023951,0.000148278267370761,0.00180652084472895,1.17371822413421,"8110499"
-1.20185,7.80604833333333,-9.13648056077484,0.000148703363894592,0.00181103727417638,1.17044721923794,"8170921"
-1.408875,9.456845,-9.12925202220397,0.000149323355760242,0.00181683255538277,1.16569318829365,"8174474"
1.60789,8.313725,9.11883347871863,0.000150222282074902,0.00182425209823532,1.15883508494601,"8043310"
1.090855,7.74283666666667,9.11878216963554,0.000150226724730794,0.00182425209823532,1.15880129246616,"8013804"
-1.45382,7.30488,-9.11189619592617,0.000150824351421074,0.00183084157100529,1.15426456331764,"8160213"
-1.223645,8.22250166666667,-9.10934284617508,0.000151046660498483,0.00183258252369241,1.15258152418202,"8119898"
-2.102595,4.45705833333333,-9.09808144736837,0.000152031725843412,0.00184080013651203,1.1451534107995,"8027292"
1.619455,7.84238,9.09191454136469,0.000152574345336686,0.00184536362681862,1.14108209305811,"7902565"
1.322055,5.05348,9.0892877161259,0.00015280616460562,0.00184700727366606,1.13934712522486,"8031576"
1.06255,11.9696,9.0877565288754,0.00015294148306344,0.00184700727366606,1.1383355932075,"7895358"
1.084005,7.610255,9.08709463233468,0.000153000021462196,0.00184700727366606,1.13789828312882,"8037408"
-1.21385,9.52932833333333,-9.08412982603192,0.000153262551930962,0.00184764054730095,1.13593909939768,"7977127"
-1.551425,7.37108666666667,-9.08108750438788,0.000153532494187176,0.00184955552060434,1.13392808301138,"8066279"
1.636755,7.73724333333333,9.0745425961126,0.000154115104772578,0.00185389112847273,1.12959971466381,"7954711"
1.17948,8.02949,9.0714653794268,0.000154389923986288,0.00185585606461062,1.12756365870993,"7949364"
1.582695,5.421345,9.06681996063189,0.000154805882253187,0.00186018457646495,1.12448879479184,"7909841"
1.058695,8.60937166666667,9.0641759495894,0.000155043216520775,0.00186169274449775,1.12273804444166,"8085145"
1.16825,10.62575,9.06348222998904,0.000155105557305735,0.00186176991406238,1.12227861569454,"8141133"
1.09953,6.33648,9.05746301253056,0.000155647703965529,0.0018664670168341,1.11829092388786,"8072486"
1.071305,8.400455,9.05727091994412,0.000155665042068303,0.0018664670168341,1.11816362385758,"7955195"
-1.31752,5.65013,-9.0544778195907,0.000155917400153074,0.00186753347810141,1.11631235288266,"7905147"
-2.049705,5.93634333333333,-9.05407203015198,0.000155954103234949,0.00186753347810141,1.1160433515468,"8085360"
-1.17568,8.55879666666667,-9.05384539941641,0.000155974606062623,0.00186753347810141,1.11589311126339,"8047854"
-1.03707,6.45933,-9.05289190555815,0.000156060901277021,0.00186785040611825,1.11526097398251,"8149204"
1.06382,7.91922833333333,9.05123544909525,0.000156210950370839,0.00186897449317205,1.11416264902049,"7902891"
-1.094145,7.930015,-9.0471282480878,0.000156583727079662,0.0018727616237685,1.11143854680078,"8169022"
1.4149,6.67446833333333,9.04516949189376,0.00015676187354028,0.00187354634001102,1.11013900246956,"7924712"
1.7816,6.37515333333333,9.04261728503414,0.000156994349367826,0.00187565154320075,1.10844534446043,"8090823"
-1.002405,9.33345166666667,-9.03954947556311,0.000157274324302362,0.00187832251660537,1.10640895069167,"8064191"
1.740245,5.977145,9.0383511241492,0.000157383847013243,0.00187895659878091,1.10561332032378,"8117640"
-1.35753,6.49953166666667,-9.03412506155249,0.000157770798407313,0.0018821191221938,1.10280670845244,"8077786"
1.78583,5.96003333333333,9.03242597867956,0.00015792668521736,0.0018821191221938,1.10167797526478,"7982254"
1.78583,5.96003333333333,9.03242597867956,0.00015792668521736,0.0018821191221938,1.10167797526478,"7987110"
-1.0403,8.12796833333333,-9.0323749472454,0.000157931370015602,0.0018821191221938,1.10164407110401,"7959039"
1.610765,6.63937,9.026098477581,0.000158508805045166,0.00188832475191016,1.09747278609624,"7956894"
-1.111575,6.90570333333333,-9.02216512037392,0.000158871932296243,0.00189129736491527,1.09485735986907,"8145691"
-1.46336,4.80670333333333,-9.02066922179115,0.000159010288832432,0.00189226790109131,1.09386241106457,"8046020"
1.82697,6.03775833333333,9.01908715327388,0.000159156768619966,0.00189265818740679,1.09280998491383,"7925511"
1.008055,10.02624,9.01507599937223,0.000159528859171454,0.0018960752399876,1.09014092193453,"8015969"
1.31575,8.58037666666667,9.00543805508499,0.000160427079692095,0.0019036851291902,1.08372329369693,"8153727"
2.110375,5.0833,9.00308577911656,0.00016064720008453,0.00190451137589316,1.08215602811603,"7962455"
1.289495,8.169755,9.00307901002918,0.000160647834029092,0.00190451137589316,1.08215151749398,"8138857"
1.007645,5.40284333333333,9.00286047437163,0.000160668302095801,0.00190451137589316,1.08200589328024,"8098214"
-1.66655,6.039825,-9.00053199229135,0.000160886577372528,0.00190574185939988,1.08045407690526,"7945132"
1.0957,10.13982,8.99981322869383,0.000160954025341141,0.001905862795798,1.07997498296264,"7940565"
-1.025995,8.863165,-8.99751650723814,0.000161169768849422,0.00190773899515791,1.07844386229145,"8136163"
1.861575,5.62162,8.99413082955142,0.000161488420933484,0.00191080242746515,1.0761861322642,"8174648"
1.07364,10.3069383333333,8.99354802697786,0.000161543347247932,0.00191080242746515,1.0757974136124,"7960340"
-1.016825,7.07107666666667,-8.99087627046998,0.000161795427140616,0.00191310452326033,1.0740151063138,"8037621"
-1.04272,9.636155,-8.98457920891022,0.000162391375995315,0.00191878837704614,1.06981247264799,"7906978"
1.11973,8.38009333333333,8.97909918708356,0.000162912090636185,0.00192356309569923,1.0661529384296,"7918725"
-1.09854,6.56552,-8.9789826627663,0.00016292318402145,0.00192356309569923,1.06607510186835,"8009443"
-1.29813,7.51739666666667,-8.9758475761801,0.000163221983396257,0.00192586902237604,1.0639805630345,"8128669"
1.096295,7.02901666666667,8.97251497337658,0.000163540310565635,0.00192696504710984,1.06175333198337,"8052947"
1.062595,7.54216833333333,8.96926882724944,0.00016385107764153,0.00192891848201951,1.05958315521508,"8005695"
1.08284,9.05554666666667,8.96832671587167,0.000163941399135135,0.00192891848201951,1.05895318237271,"8082100"
-1.63141,6.22666,-8.9678787079901,0.000163984370682397,0.00192891848201951,1.05865358641425,"8009513"
1.1456,11.0457666666667,8.9676969443687,0.000164001808649345,0.00192891848201951,1.0585320318756,"7894516"
-1.04342,7.76692,-8.96490500455067,0.00016426993331694,0.00193138981979313,1.05666463776997,"8169624"
-1.767995,3.08589833333333,-8.96408350198507,0.000164348924106804,0.0019316364722853,1.05611507321291,"7915590"
-1.09652,7.74549,-8.96188218463637,0.000164560808724914,0.00193276234501356,1.05464222067622,"7967841"
1.506785,7.73645166666667,8.9610754449167,0.00016463854026018,0.00193296281460956,1.05410236639773,"8059852"
-1.52372,7.987575,-8.96050031700517,0.000164693981591354,0.00193296281460956,1.05371747508976,"7973709"
1.565495,7.30597166666667,8.95637334108725,0.000165092455902929,0.00193695683727971,1.05095492878403,"8153935"
-2.18562,7.12784833333333,-8.95306750774645,0.000165412459307519,0.00193866197027894,1.04874120736481,"8098637"
1.056925,8.984375,8.94949437710051,0.000165759152936345,0.00194067598991613,1.0463476541874,"8094574"
1.0819,10.9901333333333,8.94620163452906,0.000166079393559645,0.00194274854166083,1.04414115443372,"8101945"
-1.05706,7.99963,-8.94527587216422,0.000166169560220142,0.00194274854166083,1.04352065843703,"7955858"
-2.645395,5.59897333333333,-8.94270894970849,0.000166419870822807,0.00194430962764456,1.04179986190556,"8048749"
1.34468,8.752435,8.94100744697797,0.000166586033965505,0.00194509739041496,1.0406589715363,"8141625"
2.00271,5.47994,8.93962722487751,0.000166720964418545,0.00194509739041496,1.03973336061298,"8022145"
1.150475,7.41292333333333,8.93663730910192,0.000167013696951548,0.00194703979379872,1.037727802639,"7975889"
-1.685425,5.550995,-8.93389174461836,0.000167283035320264,0.00194880116052362,1.03588561043704,"7908966"
-1.318295,6.36308666666667,-8.92583839560804,0.000168075998975261,0.00195035642920342,1.03047907480537,"8105067"
1.116335,7.00024666666667,8.92431920742457,0.000168226076363403,0.00195035642920342,1.02945868467268,"8075126"
-1.04887,8.70341833333333,-8.92077529392485,0.000168576781578099,0.00195306231600764,1.02707773600899,"8166382"
1.217165,6.24065833333333,8.91169507192984,0.000169479267340777,0.00196147068635587,1.02097333088795,"7989657"
1.09353,6.10326666666667,8.90828917347695,0.000169819236513879,0.00196472241772155,1.01868217014434,"8045688"
1.01611,6.74876166666667,8.90674372021168,0.000169973763155334,0.00196582715935504,1.01764227483711,"7896716"
-1.386515,5.54352833333333,-8.89741578742888,0.000170909942046924,0.00197254361883412,1.01136226175342,"8166714"
1.0894,8.83562833333333,8.89368738631312,0.000171285820879203,0.00197569144547797,1.00885044645773,"8042601"
-1.29834,7.36700666666667,-8.89353351108286,0.000171301354569327,0.00197569144547797,1.00874676048018,"7935180"
-1.07469,6.46794,-8.89021853236016,0.000171636401646967,0.00197750078395815,1.00651262693554,"8047300"
1.02788,8.58819333333333,8.88832728389686,0.000171827894601681,0.00197833796907059,1.00523767838865,"8105958"
1.02788,8.58819333333333,8.88832728389686,0.000171827894601681,0.00197833796907059,1.00523767838865,"8177647"
2.47247,5.93884333333333,8.88537609878366,0.000172127207643291,0.00198041452415296,1.00324770097456,"7894886"
-1.055445,8.23710333333333,-8.88115104196645,0.000172556780123923,0.0019838272084383,1.00039770806073,"7994280"
1.21562,5.154655,8.87814326637867,0.000172863352286177,0.00198545396380573,0.99836807521937,"7902425"
-1.39196,4.43190833333333,-8.87521018345225,0.000173162924720901,0.00198804248275633,0.996388242377202,"7895030"
-1.8752,4.00126166666667,-8.87400612643147,0.000173286077604553,0.00198825173190861,0.995575330880701,"8104607"
-1.061285,8.896355,-8.87182609371504,0.000173509315485575,0.00199012734334247,0.994103240370094,"8124088"
1.49336,5.76177166666667,8.8695124362058,0.000173746604562188,0.00199216277276418,0.992540558537051,"7912145"
1.65983,6.672305,8.86676215468262,0.000174029167579367,0.00199334337560721,0.990682491652898,"8151475"
-1.712465,7.31183666666667,-8.86210942705064,0.000174508411432758,0.00199745843089603,0.987537955310014,"8003322"
-1.23924,7.96749,-8.85823685182549,0.000174908474260925,0.00200128349801334,0.98491953911685,"8150962"
1.151915,9.09195666666667,8.85771180757838,0.000174962797330595,0.00200128349801334,0.984564453846257,"7991070"
1.37483,7.86018833333333,8.85224544303982,0.000175529541406012,0.00200651741891749,0.980866437577777,"8173208"
1.23454,9.24978,8.85213612867697,0.000175540896816729,0.00200651741891749,0.980792464843077,"7948908"
-1.528975,7.30679333333333,-8.84675392444079,0.000176101055635199,0.00201106183974352,0.977149315215916,"8106170"
1.168595,6.82316166666667,8.84549310116827,0.000176232579135304,0.00201106183974352,0.976295588022897,"7993126"
-1.03583,5.94287666666667,-8.84519387413317,0.000176263810033128,0.00201106183974352,0.976092959533963,"8117608"
-1.01137,10.3407266666667,-8.8448560573264,0.000176299076395131,0.00201106183974352,0.975864191609949,"8112139"
1.264795,6.92656333333333,8.83974638913556,0.000176833507124277,0.00201467436533524,0.972402980840448,"8044849"
-1.01676,9.74888,-8.83949764559442,0.000176859572029759,0.00201467436533524,0.972234439420319,"8163896"
1.168555,6.88876333333333,8.83600108213669,0.000177226439560995,0.00201714528793429,0.969864813497662,"7972269"
-1.608385,7.52829833333333,-8.83569853943159,0.000177258224839947,0.00201714528793429,0.969659739872602,"7969129"
1.03409,8.07656833333333,8.83367923551046,0.000177470544621345,0.00201887144662006,0.968290824459944,"8150204"
1.107795,9.51655333333333,8.83160644647624,0.000177688797381385,0.00201997401379582,0.966885355260239,"7893913"
1.041085,8.31616833333333,8.8307850028032,0.000177775377476581,0.00202000545728897,0.966328286756813,"8132045"
1.304385,9.070875,8.82343747500643,0.000178552003667818,0.00202701877467689,0.961343410276605,"7894438"
-1.104105,6.80029166666667,-8.82129633171266,0.000178779066137885,0.00202821348047467,0.959890058536793,"7955502"
-1.218385,7.98062,-8.81965438478613,0.000178953418875467,0.00202921601313657,0.958775331327329,"7952408"
1.16563,5.08906166666667,8.81692410097685,0.000179243778651036,0.00202933699345241,0.956921309088738,"7943036"
1.002775,8.87498833333333,8.81115780990801,0.000179858822998792,0.0020356081677059,0.953003948624154,"7900468"
-1.082735,8.19373,-8.7988285944891,0.000181182178067313,0.0020484967684575,0.944620225644801,"7951896"
1.32211,7.91586666666667,8.79617872799686,0.000181468085255174,0.00205085850763365,0.942816956992734,"8100870"
1.18391,6.88171333333333,8.78907509300266,0.000182237137173534,0.00205762969022284,0.937980410944963,"7950082"
-1.39603,7.68787166666667,-8.78030090495086,0.000183192311140356,0.00206562897984172,0.932001569064537,"7986463"
1.36624,6.823345,8.77635065063414,0.000183624252599113,0.00206972651037697,0.929308049366245,"8103706"
-1.184605,6.61960333333333,-8.77546698891062,0.000183721039660447,0.00206972651037697,0.928705365676764,"8100362"
1.113265,9.32546833333333,8.77526084126856,0.000183743627494198,0.00206972651037697,0.928564758921929,"7894355"
1.0337,8.970635,8.76754485286785,0.000184591416476821,0.00207857301130494,0.923299776375979,"8066074"
-2.632515,7.49227666666667,-8.75998578475989,0.000185426400893943,0.00208447900325888,0.918137799096483,"8173673"
-1.82381,7.18664166666667,-8.75770386018837,0.000185679332182053,0.00208447900325888,0.916578713964361,"8094116"
-1.82381,7.18664166666667,-8.75770386018837,0.000185679332182053,0.00208447900325888,0.916578713964361,"8094118"
-1.82381,7.18664166666667,-8.75770386018837,0.000185679332182053,0.00208447900325888,0.916578713964361,"8094120"
-1.82381,7.18664166666667,-8.75770386018837,0.000185679332182053,0.00208447900325888,0.916578713964361,"8094124"
-1.82381,7.18664166666667,-8.75770386018837,0.000185679332182053,0.00208447900325888,0.916578713964361,"8094126"
-1.82381,7.18664166666667,-8.75770386018837,0.000185679332182053,0.00208447900325888,0.916578713964361,"8094128"
-1.82381,7.18664166666667,-8.75770386018837,0.000185679332182053,0.00208447900325888,0.916578713964361,"8094132"
1.04027,9.63401333333333,8.75492804054072,0.000185987551225271,0.00208723542067672,0.914681688037325,"7986569"
1.111915,8.044755,8.75314703786059,0.000186185623588607,0.00208875428188338,0.913464244448889,"8120602"
1.01974,9.7712,8.74934766437074,0.000186608991560457,0.00209279878477216,0.910866349944163,"8017212"
1.384245,5.65899,8.74847208811346,0.000186706717365755,0.0020931897535783,0.910267513202184,"7910190"
1.382985,8.623385,8.74675904958445,0.00018689808800963,0.00209462996851453,0.909095750388525,"8146544"
-1.3648,6.01346166666667,-8.74510385460933,0.000187083214526001,0.00209599925776321,0.907963356887871,"8067932"
1.353225,6.63781166666667,8.74283757437441,0.000187337036067154,0.00209807652874471,0.906412577988194,"7950534"
-1.23099,7.96996166666667,-8.73889174845614,0.000187779926472115,0.00210168343251833,0.903711645528562,"8172270"
1.40089,7.06459,8.73389885164529,0.000188342098188098,0.00210562002300144,0.900292408399935,"7929562"
1.36808,6.46083,8.73315035158209,0.000188426544470661,0.00210562002300144,0.899779668058263,"8092970"
-1.878735,5.25106666666667,-8.73296167387507,0.000188447838199967,0.00210562002300144,0.899650413073708,"8151768"
-1.10955,12.4742,-8.73021397910824,0.000188758255608607,0.00210838095840314,0.897767799435771,"8149330"
1.25779,5.745845,8.72733092221869,0.00018908460809983,0.00210953409784473,0.895791865097692,"8155864"
1.681305,7.086165,8.72720651280133,0.000189098705669886,0.00210953409784473,0.895706586476511,"8164013"
1.01599,10.0381616666667,8.72685000173235,0.000189139110861293,0.00210953409784473,0.895462203614922,"8180316"
1.07799,6.76089666666667,8.72650458061194,0.000189178268797921,0.00210953409784473,0.895225414137215,"7979455"
-1.00983,6.43150666666667,-8.72436063305311,0.000189421524912655,0.00211093017535756,0.893755528149306,"8098620"
1.00259,8.469625,8.72363441241117,0.000189504006077846,0.00211093017535756,0.893257558782048,"8173457"
-1.11719,7.30494833333333,-8.72316753808457,0.000189557053918344,0.00211093017535756,0.892937403356934,"8090715"
1.11506,9.53758833333333,8.71604092853264,0.00019036896177061,0.00211855458558689,0.888048463799437,"8112469"
1.06077,7.91759666666667,8.71453902369602,0.000190540586268851,0.00211885823418473,0.887017678407531,"8167654"
1.132305,9.7737,8.71441460228159,0.000190554812164751,0.00211885823418473,0.886932278465872,"7901447"
1.04863,4.47112333333333,8.71413179158704,0.000190587152337546,0.00211885823418473,0.886738159739343,"7962312"
1.649035,5.51096166666667,8.7113594449292,0.000190904517614851,0.00212167814520083,0.88483494450012,"8100026"
1.222085,7.71305,8.710613564485,0.000190990007931346,0.00212192001804805,0.884322804393403,"8054004"
1.077475,7.57155333333333,8.69996061639534,0.000192215909475318,0.00213269348143941,0.877003899950161,"8037794"
1.11541,7.00078,8.69600319152186,0.000192673656149326,0.00213492669843731,0.874282965726985,"7977615"
1.04294,8.47598666666667,8.69332010302007,0.000192984727835607,0.00213624085197547,0.872437567882654,"7943690"
-1.96058,6.17361333333333,-8.68850348433235,0.000193544630385435,0.00214101513552951,0.869123462316422,"8122150"
-1.14238,8.08526,-8.68235219351669,0.000194262443136298,0.00214753033773893,0.864888616003112,"8003991"
1.095655,8.50023333333333,8.68235095873681,0.000194262587538507,0.00214753033773893,0.864887765649222,"7975815"
1.57366,6.27326166666667,8.67679944648862,0.000194913083054492,0.00215186370240896,0.861063511491617,"7927367"
-1.72241,5.60797,-8.67428890061903,0.000195208090602551,0.0021531642115787,0.859333354425148,"8114526"
-1.084665,10.2492283333333,-8.67414617346392,0.00019522487775944,0.0021531642115787,0.85923497962469,"7938528"
1.07402,8.50797166666667,8.6707888614236,0.000195620242137232,0.00215609639273202,0.856920528708136,"8146159"
1.529685,7.63821666666667,8.66429115345619,0.000196388087415641,0.00216384319876856,0.852438867919913,"8049317"
1.7321,6.656875,8.66092790432186,0.000196786911413785,0.00216680350176746,0.850117945880173,"7955211"
1.08004,7.72656833333333,8.65802427797676,0.000197131993450701,0.0021698856151828,0.848113548471069,"8041713"
1.23065,8.403605,8.64950265583611,0.000198148837720504,0.00217891738757583,0.842227502892856,"8105136"
-1.257155,8.52258333333333,-8.64766908238397,0.000198368429780099,0.00217917308029955,0.840960336147923,"8145793"
1.34708,9.114895,8.64707219213878,0.000198439975777086,0.00217924006380265,0.840547778254914,"7903742"
1.12448,9.54330333333333,8.64339956962264,0.000198880857277352,0.00218264202530125,0.838008774849341,"8112564"
1.591865,6.36987333333333,8.63525880914684,0.000199862205239662,0.00218908284469244,0.832377337488607,"8165817"
1.121155,8.87433,8.63225218934376,0.000200226075633513,0.00219162644325085,0.830296275171428,"8028186"
1.488515,5.37867166666667,8.63167774157703,0.000200295685121338,0.00219166790255839,0.829898591106073,"7916616"
-1.033915,8.72327333333333,-8.62575041003972,0.000201015591289379,0.00219765503904296,0.82579377124182,"8118734"
1.349865,7.97007,8.62554287720693,0.000201040851996422,0.00219765503904296,0.825650003769452,"8168762"
2.14674,5.83258666666667,8.62324883727946,0.000201320327703436,0.0021999878410047,0.824060610149241,"7909494"
1.174995,8.46615,8.61859871490542,0.000201888231556876,0.00220455966797471,0.820837670201051,"8103518"
1.048525,9.462655,8.61819747508665,0.000201937321299903,0.00220455966797471,0.820559502742297,"7956076"
-1.09811,6.16468833333333,-8.61697753778472,0.000202086660394862,0.00220484739314421,0.819713685465208,"8077668"
1.082905,7.02241333333333,8.61635980442422,0.000202162329677426,0.00220484739314421,0.819285352253818,"8089627"
2.61728,3.36383833333333,8.61481985117517,0.000202351110522256,0.00220618366963313,0.818217436138681,"7894688"
-1.711765,5.705245,-8.60470839906734,0.000203595789396075,0.0022175757276811,0.811201149181771,"8122334"
1.95163,5.42166,8.60346351136772,0.000203749647685399,0.00221852584008527,0.810336815275692,"7893873"
1.830845,6.203525,8.59821692923419,0.000204399578440338,0.00222379873324068,0.806692842265768,"8111220"
1.02849,8.363905,8.59793742064246,0.000204434271028913,0.00222379873324068,0.806498655671865,"7924096"
1.289425,7.30405666666667,8.59601303368371,0.000204673312653184,0.00222421908988677,0.805161547591791,"7948898"
-1.14555,9.59628666666667,-8.5919330090515,0.000205181202240961,0.00222828391748769,0.80232576319665,"7980152"
1.343835,7.85342833333333,8.58906113979746,0.00020553958137585,0.00223039293974663,0.800328970671854,"8114030"
1.09607,8.62823666666667,8.58868784019403,0.000205586218939888,0.00223039293974663,0.800069373769441,"7914878"
-1.474405,3.92904666666667,-8.58858421926698,0.000205599166840096,0.00223039293974663,0.799997312769685,"7982046"
-1.18809,7.12177833333333,-8.58823075471366,0.000205643340992346,0.00223039293974663,0.799751497385543,"8124437"
1.135635,6.636465,8.58395512019103,0.000206178566791509,0.00223474210236226,0.796777305910295,"8036079"
-1.47631,5.75047333333333,-8.58079295281851,0.000206575455430288,0.00223831530734211,0.794576801772141,"8124440"
-1.013095,7.86347,-8.57598289660786,0.000207180886157351,0.00224341527361994,0.791228160118404,"7952243"
-1.10583,6.43931166666667,-8.57473405090322,0.000207338414341769,0.00224366174271624,0.790358468999676,"8025601"
1.299965,5.43456,8.57410269876308,0.000207418105742296,0.00224370598441864,0.789918754633323,"8148276"
1.156855,7.0858,8.57339928784018,0.000207506934796045,0.00224370598441864,0.789428819645515,"8089875"
-1.107675,9.02751166666667,-8.57009911401837,0.000207924285546523,0.00224635137438111,0.787129723123055,"8136039"
3.16308,4.68330666666667,8.56661496428631,0.000208365967158299,0.00225039299658446,0.78470159554065,"7919139"
-1.192695,5.65659333333333,-8.565326073982,0.000208529635980457,0.00225143037913141,0.783803134550993,"7966356"
1.936785,4.85051833333333,8.55670204492847,0.000209628625192458,0.00225963235125714,0.777788363927673,"7954899"
1.80301,3.466305,8.55059594447457,0.000210410838755335,0.00226556838498545,0.773526416166101,"7945260"
1.08899,8.5268,8.55001233480583,0.000210485779647486,0.00226556838498545,0.773118924253412,"7959408"
1.98707,5.74434666666667,8.54847929665813,0.000210682784548716,0.00226659278743735,0.772048397093352,"7894701"
-1.36609,6.75245333333333,-8.54233659370797,0.000211474323860956,0.00227070640490108,0.767757193498642,"8149356"
1.06545,10.61765,8.54022589294088,0.0002117471071656,0.00227240531612395,0.766282049751002,"7893504"
1.13711,5.88127666666667,8.53933644680296,0.000211862180739776,0.00227240531612395,0.765660328504076,"8142687"
1.186855,7.43787,8.53847440330999,0.000211973778775295,0.00227240531612395,0.765057706259684,"7951046"
1.02809,7.64093833333333,8.53736021899647,0.000212118120103052,0.00227249950679623,0.764278741032218,"8066786"
1.047235,5.55721166666667,8.53288185200941,0.000212699447032829,0.00227725192535438,0.761146838590248,"7919055"
3.2246,6.14697333333333,8.53182612962593,0.000212836758996658,0.00227798957387069,0.760408314834958,"7908072"
1.316215,5.71794,8.52950242076793,0.000213139355929215,0.0022797626515821,0.758782490826537,"8061831"
1.04612,6.06979833333333,8.52376676771406,0.000213888415317332,0.00228557206829949,0.754767740362752,"8042637"
-1.62058,7.88794166666667,-8.52323046900232,0.000213958611441208,0.00228558867024636,0.75439222687239,"8050350"
-1.23089,7.33866,-8.51288246455649,0.000215318345497996,0.00229495997120575,0.747142462771603,"7914270"
1.055395,9.75427833333333,8.51086573837269,0.000215584518529845,0.00229706166831624,0.745728634945454,"8019392"
1.01597,8.61088333333333,8.5098380453778,0.000215720304095649,0.00229777318153322,0.74500805441523,"7904364"
1.110055,7.89405833333333,8.50877379390486,0.00021586102532416,0.00229839858759902,0.744261758309165,"8151384"
-1.09834,8.86004,-8.5083501397023,0.000215917073069939,0.00229839858759902,0.743964651622436,"7899361"
1.38185,9.11172666666667,8.50280342877991,0.000216652451197468,0.00230328118375546,0.7400735473888,"8094625"
1.52409,7.798265,8.50089851552581,0.000216905677607931,0.00230450170622568,0.738736696935213,"7989146"
1.397905,8.48886833333333,8.49895237882088,0.000217164741115894,0.00230578264825763,0.737370639376048,"8138977"
1.34285,8.14387333333333,8.48801799976348,0.000218627029053965,0.00231761355823301,0.729690230432642,"8156026"
-1.06792,8.72892833333333,-8.48729691138871,0.000218723866006275,0.00231790215353626,0.729183420281126,"8032871"
1.11113,8.06464,8.48186517240299,0.00021945492164536,0.00232263721107383,0.725364535879132,"8100578"
1.08232,7.22517833333333,8.47764514706101,0.000220024863854771,0.00232576758468963,0.722396059441774,"8051528"
1.098165,9.33494333333333,8.47537305079762,0.000220332441413929,0.00232754102213185,0.720797260249894,"7979906"
-1.007785,7.71512666666667,-8.46747186838681,0.00022140595504652,0.00233517709381818,0.715234474819356,"7931665"
-1.021165,9.77725333333333,-8.46340180571781,0.000221961327766157,0.00233877598035536,0.712367158539127,"8052204"
-1.554095,4.193505,-8.46291299509186,0.000222028136886305,0.00233877598035536,0.712022713743798,"7902127"
-1.317455,5.97343833333333,-8.45396880416162,0.000223254758060972,0.00234724145221225,0.705716969702259,"8081081"
1.040815,10.336995,8.45323080895163,0.00022335632097981,0.00234756799863155,0.705196409642184,"8018849"
-1.23754,3.94567,-8.44791686622903,0.000224089221346819,0.00235378511141484,0.701446912608837,"7896373"
-1.09196,6.64987333333333,-8.44738354087285,0.000224162932706818,0.00235381683075967,0.701070484074405,"8117339"
1.03054,10.0733433333333,8.44653742526646,0.000224279933192533,0.00235430294309955,0.700473240251396,"8180318"
1.03288,8.83737333333333,8.43526913576772,0.000225844927658671,0.00236389569434694,0.692514248072936,"8120102"
1.96364,6.53894666666667,8.43078199318613,0.00022647167207156,0.00236389569434694,0.689342258479543,"7927876"
1.00971,9.90376333333333,8.42932367293412,0.000226675801090917,0.00236528491034919,0.688311038348697,"8180319"
1.79222,7.528065,8.42763996395381,0.000226911746336954,0.00236659908082166,0.687120241423958,"7933638"
1.572945,7.76341333333333,8.42741071033147,0.000226943894797235,0.00236659908082166,0.686958086237651,"8148263"
1.057695,9.30950666666667,8.42317758322096,0.000227538467445347,0.00237131403772385,0.683963212519147,"8071768"
1.076585,8.57441833333333,8.42037620972556,0.00022793294061111,0.00237393904395625,0.681980544825645,"8134091"
-1.01657,8.35309333333333,-8.40995726321697,0.000229407102661728,0.002384072502287,0.674601387220735,"7984620"
-1.03173,7.61669666666667,-8.40890709778611,0.000229556305909264,0.00238476434012898,0.673857161741992,"7969204"
1.050785,10.4104883333333,8.40848071726258,0.000229616916672779,0.00238476434012898,0.673554973088351,"8148270"
1.35255,4.686955,8.40476841159654,0.000230145418172382,0.00238801869395008,0.670923373673915,"7947274"
-1.797665,5.26891833333333,-8.40336573824981,0.000230345479144341,0.00238837492781148,0.669928769365798,"8109383"
1.765925,6.46410166666667,8.40283209172289,0.000230421645593712,0.00238837492781148,0.669550333703155,"7925662"
1.543505,7.14396833333333,8.40251674748414,0.000230466667959824,0.00238837492781148,0.669326697136379,"7895976"
1.3522,10.4872333333333,8.39969385500254,0.000230870156276744,0.00239106799177193,0.667324418502469,"7894282"
1.035965,5.26726333333333,8.39766628009055,0.000231160475523727,0.00239333033380396,0.665885888971221,"7909681"
-1.04547,7.92823666666667,-8.39714104847272,0.000231235750570349,0.00239336549168198,0.665513195720187,"8020668"
-1.834775,5.27653166666667,-8.39630361310751,0.000231355829194045,0.00239386421524989,0.664918926344425,"8140463"
1.13615,11.0634,8.39328589441695,0.000231789139886988,0.00239603520462546,0.662777024260006,"8161509"
1.06332,7.52719,8.39283834835348,0.000231853483175759,0.00239603520462546,0.662459308737596,"8065596"
-1.147365,7.60664833333333,-8.3910793197272,0.000232106579311143,0.00239790653779806,0.661210418009748,"8170420"
-1.457185,4.91203833333333,-8.38889580725555,0.000232421200887081,0.00239966782199601,0.659659824145844,"8115679"
1.160915,7.826985,8.38746525308569,0.000232627599008869,0.00240031024611041,0.658643739280166,"8043413"
-1.078655,6.72326166666667,-8.38412284681467,0.000233110671056089,0.00240454957067986,0.656269114841898,"8154178"
-1.329275,6.78302,-8.38162061017066,0.000233473081778534,0.0024067966575789,0.654490840265366,"8149243"
-1.06677,10.1025983333333,-8.37927819634747,0.000233812941037651,0.00240955416209553,0.652825719353572,"8038407"
1.046005,6.97781,8.37672248790604,0.000234184406334857,0.00241262749981242,0.651008503876476,"7894116"
-1.112395,5.58636,-8.37349779415107,0.000234654090705233,0.00241523253731442,0.648714907793741,"8093665"
1.105385,5.90545166666667,8.36647079812903,0.000235681405360345,0.00242056870890913,0.643714162494197,"7979158"
-1.35828,5.98619333333333,-8.36093922307753,0.000236493792104453,0.00242816336592722,0.639775001469488,"8117422"
1.01875,8.970305,8.35794238048113,0.000236935284618867,0.00243119697132648,0.637639913380388,"8150870"
1.25733,6.93791333333333,8.35490621533089,0.000237383551915828,0.00243504625019758,0.635476115885906,"8128371"
-1.097245,8.11857166666667,-8.34924176388069,0.000238222516440633,0.00244214751537061,0.631437336593429,"7965112"
1.9845,6.779175,8.3460048002296,0.000238703499174045,0.0024459378962369,0.629128273421349,"7933139"
-1.25375,4.45752666666667,-8.34576503882618,0.000238739170579029,0.0024459378962369,0.628957209810142,"8126916"
-1.451585,5.219675,-8.34311932785192,0.000239133209803182,0.00244751242394841,0.627069272890115,"8099144"
1.139955,6.82655333333333,8.34207711454022,0.000239288640418934,0.00244751242394841,0.626325420140432,"7922243"
-1.43798,6.094825,-8.34201913853985,0.000239297290140383,0.00244751242394841,0.626284038848041,"8023154"
1.0145,8.422905,8.34118975803596,0.000239421069431608,0.00244765224097766,0.62569202734822,"7927658"
1.097555,7.717935,8.3362130546744,0.000240165380172924,0.00245375472955442,0.622138559624918,"8119444"
1.002235,7.959015,8.33360651049546,0.000240556290326381,0.00245658761358429,0.62027668195967,"8160581"
-1.5402,5.27732666666667,-8.33271024863375,0.000240690876654924,0.00245658761358429,0.61963635465664,"8047159"
1.011825,9.70186333333333,8.33267794058706,0.000240695729804346,0.00245658761358429,0.619613271282336,"8046346"
1.044145,7.50654833333333,8.33239813426611,0.000240737765658333,0.00245658761358429,0.619413352620485,"7975632"
1.26079,7.04005166666667,8.32927721726184,0.000241207208683091,0.00245987026876596,0.617183086212945,"7963410"
1.056535,7.49146833333333,8.32841762842727,0.000241336694269182,0.00246043720425014,0.61656867742032,"8031632"
-1.25145,6.709705,-8.32685782805235,0.000241571864711941,0.00246208092418534,0.615453634241948,"8036689"
-1.614805,6.738,-8.32531258115734,0.000241805104831141,0.00246295031372362,0.614348811941067,"7934185"
1.128705,8.221965,8.31811086625902,0.000242895608858014,0.00247218865099842,0.609197319743224,"8020411"
1.06183,8.49480333333333,8.31345902743615,0.000243603056249086,0.00247218865099842,0.605867686757769,"8081115"
1.272515,8.815265,8.30985191258374,0.000244153279406441,0.00247501928510396,0.603284694713592,"7892688"
1.422485,6.65241666666667,8.30968152447032,0.000244179305990525,0.00247501928510396,0.603162658156316,"8075118"
-1.59855,6.01402833333333,-8.30670385340369,0.000244634665152061,0.0024781260862696,0.601029611493724,"7922807"
-1.444145,6.71316666666667,-8.30469547389177,0.000244942355730776,0.00247970896115338,0.59959053121759,"7929052"
1.024565,6.33283666666667,8.30231770721787,0.000245307222041114,0.00248116481540188,0.597886371920897,"8078155"
1.06004,7.59646166666667,8.29994000281071,0.000245672713537214,0.0024841069974639,0.596181824408125,"8153790"
1.13837,9.200155,8.29122591068209,0.000247017656190367,0.00249165310456548,0.589931094219923,"8042772"
1.04539,6.33733666666667,8.29021661801196,0.000247173986380274,0.00249247493170927,0.589206739373024,"8008185"
1.21907,8.63589833333333,8.28770619443083,0.000247563329259458,0.00249564522384262,0.587404705425282,"8138922"
-1.03164,8.65548333333333,-8.27890102907128,0.000248934598576148,0.00250491850371411,0.581080350072961,"7971350"
2.211795,6.00322,8.27425738160123,0.000249661346230004,0.00250866407813245,0.577742626174942,"7922018"
1.492455,5.91269666666667,8.27417638604175,0.000249674044291676,0.00250866407813245,0.577684394113309,"7961798"
-1.178125,6.886545,-8.27332981601734,0.000249806810266218,0.00250866407813245,0.577075719201218,"8015189"
-1.178125,6.886545,-8.27332981601734,0.000249806810266218,0.00250866407813245,0.577075719201218,"8019585"
-2.12239,7.09289666666667,-8.26916107947389,0.00025046178885854,0.00251420747169816,0.574077636921427,"8094228"
-2.445955,4.90986666666667,-8.26453134664797,0.000251191548898166,0.00251925492009461,0.570746445455848,"8035838"
2.041165,6.81105,8.26453109346864,0.000251191588873296,0.00251925492009461,0.570746263242757,"8168892"
-1.792085,8.20153833333333,-8.26306918959236,0.000251422536497761,0.00252081186322371,0.569694049041326,"7937335"
-1.122265,8.43392166666667,-8.26115193714209,0.000251725794716706,0.00252233336944994,0.568313845159171,"8158059"
-1.34008,6.74937166666667,-8.24409065547961,0.00025444332707936,0.00254573301134659,0.556019162323393,"8144395"
-1.94795,7.22735166666667,-8.23494526016547,0.000255914106025681,0.00255737454631966,0.549419549981401,"8094130"
1.500385,6.737795,8.23310899875227,0.000256210612065202,0.0025595693819187,0.548093663464041,"7974697"
1.01502,8.16094333333333,8.2319674006294,0.000256395151136281,0.00256064467528037,0.54726923209258,"7959052"
-1.36322,5.40867166666667,-8.22886183377429,0.000256897951036353,0.0025648968742601,0.545025964051018,"8080578"
-1.07474,7.37448333333333,-8.21397977850492,0.000259323429703989,0.00258093055175671,0.534265702806874,"8079677"
-1.120085,6.905095,-8.21377794765615,0.000259356507378381,0.00258093055175671,0.534119653533745,"7916229"
1.275715,5.95487333333333,8.20833041782644,0.000260251155959697,0.00258617379077097,0.530176502826814,"8165735"
1.275715,5.95487333333333,8.20833041782644,0.000260251155959697,0.00258617379077097,0.530176502826814,"8176306"
-1.12179999999999,11.2300666666667,-8.20720345157201,0.000260436687227294,0.00258626912454733,0.529360468947509,"8165709"
-1.59397,6.89135,-8.20424548183608,0.000260924389591368,0.00259033971384132,0.527218138709824,"8099670"
1.652605,7.961805,8.20315044522289,0.000261105206715821,0.00259132874287624,0.526424877883075,"7964089"
2.327455,5.73780833333333,8.2022056459446,0.00026126133356345,0.00259136688223479,0.525740376110555,"8078380"
1.128765,6.20052833333333,8.19957527382212,0.000261696573485236,0.00259413837670077,0.523834319679661,"8068761"
-1.130325,8.72409333333333,-8.19543551107685,0.000262383283300842,0.00259803835847661,0.520833414779432,"8165684"
1.11347,7.36820833333333,8.19539896514025,0.000262389354953469,0.00259803835847661,0.520806916755385,"7925691"
-1.52269,4.78600333333333,-8.19316025590116,0.000262761601570809,0.00260082433041119,0.519183517749005,"8112822"
-1.005875,8.51339166666667,-8.19155640295415,0.000263028665010576,0.00260269404423689,0.518020243891701,"7958346"
-1.3409,10.43245,-8.19071177160045,0.000263169435036915,0.00260331333286517,0.517407552368761,"8170859"
-1.01076,6.32623,-8.18819723597334,0.000263589039664615,0.00260668971004237,0.515583190350526,"8049969"
-1.448655,4.362815,-8.18221529877747,0.000264590397848408,0.00261503902557389,0.511241150337105,"7982050"
1.106885,5.33136666666667,8.17765101574307,0.000265357432319506,0.0026202866025927,0.507926243727807,"8102678"
1.053835,5.68963333333333,8.17062652983535,0.000266542984512458,0.00262887492752112,0.502821375302995,"8110417"
-1.20839,8.246745,-8.16919066135461,0.000266786082524009,0.00263041179094683,0.501777417935209,"7895761"
1.312955,6.27736833333333,8.1687732239813,0.000266856804811797,0.00263041179094683,0.501473887086879,"8175558"
-1.18858,5.248855,-8.16733466404859,0.000267100693503937,0.00263047967808359,0.50042776363227,"8021685"
1.546155,7.6528,8.15537986602578,0.00026913756661347,0.00264428254810525,0.491727927652921,"8040211"
1.763865,4.88202,8.15246562578788,0.000269636843354674,0.00264614173097201,0.489605452222854,"8139033"
1.121845,7.8863,8.15216311021415,0.000269688733175398,0.00264614173097201,0.489385088305056,"8140915"
-1.29833,6.21810166666667,-8.14402272233089,0.000271089422116432,0.00265796951949671,0.4834526136757,"8070489"
-1.32745,5.52582,-8.13979500826189,0.000271820219671904,0.0026610123109003,0.48036952105336,"8111670"
1.21712,8.55720833333333,8.13945400720195,0.000271879264849171,0.0026610123109003,0.480120782034986,"8104680"
-1.206535,7.15871666666667,-8.1379075331646,0.000272147228610385,0.00266206999736779,0.478992610530685,"8057898"
-1.393945,5.98262166666667,-8.13340257235266,0.000272929579833915,0.00266893868420848,0.475705111886359,"8023152"
1.55959,6.234205,8.12615779336438,0.000274193251772,0.0026773644293995,0.470414868541475,"7995739"
1.097235,9.57898666666667,8.12061622088636,0.000275164452115166,0.00268369969598087,0.466365531471183,"7985166"
-1.308875,5.571545,-8.11966348862508,0.000275331829447666,0.00268454580530569,0.465669106382714,"8017867"
-1.19577,9.41248,-8.11803400539731,0.000275618374818613,0.00268576676217014,0.464477825611647,"8062312"
-1.01225,9.29814333333333,-8.11685763582076,0.000275825456281245,0.00268699830830796,0.463617676026404,"8127841"
-1.01595,7.34739,-8.11162004542748,0.000276749658946378,0.00269285020278713,0.45978667248445,"8119801"
1.159995,8.64485333333333,8.10183661614548,0.000278485698959711,0.00270465737520956,0.452624818074199,"8112491"
1.179375,6.79818666666667,8.09925386577882,0.000278946118500891,0.00270631378430192,0.450732876120647,"8134415"
1.365775,8.33073,8.09478540317594,0.000279744798293226,0.00271327193380995,0.447458342054778,"8089647"
1.35384,7.85710666666667,8.08696424807958,0.000281149160921954,0.0027237194097231,0.441723100265291,"7991034"
1.259785,5.114745,8.08250884458118,0.000281952848788218,0.00273071088019235,0.438453782630537,"8107798"
1.0506,11.0580333333333,8.07705324698563,0.000282940610745233,0.00273709282858339,0.434448381429831,"7896287"
-1.4106,5.11010666666667,-8.07133044565303,0.000283981093696377,0.00274321001255674,0.430244253173642,"7971486"
-1.0703,6.37664333333333,-8.05548332322536,0.00028688569802349,0.00276801886035588,0.418588865778448,"7917875"
1.546985,5.43082333333333,8.04764748160822,0.000288334723235357,0.00277958346252683,0.41281826358157,"8161945"
-1.20658,6.84641333333333,-8.04679046087626,0.000288493723349275,0.00278031128982946,0.412186823433839,"8143961"
1.08955,8.52715333333333,8.04590658341098,0.000288657813279299,0.00278108773401644,0.411535533947605,"8048411"
1.15362,7.03974333333333,8.04389515914198,0.000289031635895914,0.00278388382424827,0.410053172461403,"7960362"
-2.056075,6.95901333333333,-8.04153703299338,0.000289470612507352,0.00278569450423621,0.408314888355664,"8144397"
-2.056075,6.95901333333333,-8.04153703299338,0.000289470612507352,0.00278569450423621,0.408314888355664,"8149241"
1.006115,8.42431,8.03944586812814,0.00028986054391639,0.00278857013503519,0.406773020382667,"7922104"
-1.440235,7.097795,-8.03750876338865,0.000290222295247128,0.00279050873948704,0.40534443149345,"7977978"
-1.31029,6.16917666666667,-8.03178102250617,0.000291295027688363,0.00279920650416722,0.4011185353869,"7983734"
1.050045,8.82555166666667,8.02572752037255,0.000292433803233417,0.00280728009735646,0.396649427001501,"7950606"
1.251315,4.92305666666667,8.01975707429907,0.000293562045547133,0.00281449335749579,0.392238746832952,"8020384"
-1.09065,8.17328333333333,-8.01775960964482,0.000293940642072542,0.00281493017566872,0.390762474286054,"8158554"
1.603145,6.20211333333333,8.01751943818785,0.000293986202174559,0.00281493017566872,0.390584948344515,"8068024"
-1.161275,8.40985666666667,-8.0153090698715,0.000294405892225955,0.00281771572102548,0.38895090670038,"7965436"
1.00298,6.02498666666667,8.0130335094163,0.000294838690993765,0.00281888949767147,0.387268259323831,"7948092"
-1.891185,2.76269833333333,-8.01300742499676,0.000294843656404977,0.00281888949767147,0.387248968959193,"7896304"
1.028055,10.1927316666667,8.00391577098222,0.000296580295979062,0.0028328267685642,0.380522018338517,"8016018"
1.09094,5.27729666666667,8.00146688938399,0.000297050106664624,0.00283650054534327,0.378708939610272,"8108737"
1.344585,5.72937333333333,7.99982525969067,0.000297365534606112,0.00283775886174234,0.377493254593713,"8104022"
1.297475,6.75014,7.99652567573761,0.000298000709979218,0.00284089935020942,0.375049136235525,"7932118"
1.145655,4.70862333333333,7.99013917315594,0.000299234624794027,0.00285000437693556,0.370315924604535,"8096130"
-1.18445,7.22674166666667,-7.98772777699371,0.000299702072098663,0.00285282444101463,0.368527913732382,"7987165"
1.065995,9.04368333333333,7.98407007149512,0.000300412742681815,0.00285652289041824,0.365814885050726,"7975521"
-1.106685,6.59868333333333,-7.98354512026504,0.000300514898853278,0.00285652289041824,0.365425424115973,"7896725"
-1.34533,6.344665,-7.98350276920043,0.000300523142190413,0.00285652289041824,0.365394002917544,"8119357"
-1.52912,7.07504833333333,-7.98257725856762,0.000300703352222847,0.00285652289041824,0.364707309623064,"8043244"
1.565325,4.952735,7.98064911911541,0.000301079193363315,0.00285652289041824,0.36327648107688,"8074853"
1.097185,8.734255,7.9801750376203,0.000301171687265753,0.00285652289041824,0.362924629741169,"7989347"
1.17212,5.66998333333333,7.97912100673293,0.000301377448840414,0.00285652289041824,0.362142289211933,"7946288"
1.00087,8.22464166666667,7.97359133192727,0.00030245960956698,0.00286514868271742,0.358036482745336,"7970513"
-1.007755,7.76366,-7.97001374294322,0.000303162161174504,0.00286773584769749,0.355378784286293,"8139256"
-1.17464,5.77153833333333,-7.96993255510256,0.000303178126573019,0.00286773584769749,0.35531845986046,"7997332"
1.47642,4.83162166666667,7.96961918216335,0.000303239759827118,0.00286773584769749,0.355085611558719,"8058591"
1.35639,7.582315,7.9695697693541,0.000303249479524968,0.00286773584769749,0.355048895187556,"7933723"
-1.04558,7.94439,-7.96592324877623,0.000303967768876249,0.00287126661000637,0.352338786377905,"8052994"
1.134925,8.007805,7.96185461303435,0.000304771550150034,0.00287804262772141,0.349313682518423,"7950628"
1.019795,5.73081,7.96052659822583,0.000305034443297399,0.00287889225013421,0.348325987820337,"8124510"
1.230565,8.17728666666667,7.9553323634524,0.000306065235454995,0.00288522676085491,0.344461459273244,"7928107"
1.67795,6.13486,7.94618519545375,0.000307890379974976,0.00289845235567621,0.33765058506772,"8044346"
-1.140875,7.73677166666667,-7.9419015109002,0.000308749471564119,0.00290489718979104,0.334458654775794,"8166469"
1.542125,5.00783333333333,7.93959531832726,0.000309213135557629,0.00290761642887952,0.332739605137338,"8161755"
-1.64492,4.92387666666667,-7.93458447198782,0.00031022337743897,0.00291546931938623,0.329002991115853,"8096281"
-1.340095,6.251445,-7.93264290642604,0.000310615853035524,0.00291792718626789,0.327554603299733,"8023156"
1.081315,7.51616833333333,7.9266745474953,0.000311825952029151,0.00292640042973918,0.32310033605321,"7974146"
1.231145,7.89962666666667,7.92534284601603,0.000312096707538691,0.00292811610902108,0.322106070844677,"8041617"
1.03009,7.96930666666667,7.92461438079712,0.000312244931814165,0.00292868154777923,0.321562127954374,"8177478"
1.05242,6.75551666666667,7.91783046818848,0.000313629236923862,0.00294000920660299,0.316494509547708,"7918925"
1.136495,7.48580166666667,7.91534449270437,0.000314138309099254,0.00294349682582589,0.31463652700284,"7953166"
-1.09017,3.89101,-7.91515044784301,0.000314178085682951,0.00294349682582589,0.314491479291405,"7933263"
-1.11015,6.48779,-7.90656834968683,0.000315943190239801,0.00295255694791317,0.308073302253614,"8083690"
1.26445,10.85655,7.90338486493447,0.0003166008858566,0.00295713894737982,0.305690972513547,"7894341"
1.193615,7.45784,7.88852987976471,0.000319691058574393,0.00297755333632212,0.294563351991684,"8081343"
1.137815,8.47850333333333,7.88369913634015,0.000320703532605265,0.00298447890585732,0.290940800488253,"8086498"
1.505015,3.31554333333333,7.88273642953318,0.000320905752680415,0.00298552636127404,0.290218640889163,"7894832"
1.046005,9.105655,7.87705173609499,0.000322102879541096,0.00299415398662197,0.285952794402876,"8078008"
1.064985,9.03395,7.86719410744597,0.000324191144956294,0.00301020428154203,0.278549200335879,"7893572"
1.028405,8.48886666666667,7.8637310409128,0.000324928514826861,0.00301535990920036,0.275946345787025,"7985119"
2.158005,5.30228,7.8620278474051,0.000325291882998111,0.00301621938963746,0.274665854001078,"8091600"
1.790045,5.898675,7.85948501992071,0.00032583526536724,0.00301957607317924,0.272753662335708,"8120679"
-1.365735,6.57786833333333,-7.85454841445284,0.000326893204772648,0.00302496195700881,0.269039831068422,"8121547"
-1.250225,7.33478166666667,-7.84551283868936,0.000328839968305446,0.00303896320418164,0.262237080827768,"8098581"
1.617745,5.86691,7.84448167310231,0.000329062996876105,0.00303914868798795,0.261460300012759,"8133360"
1.37695,5.200525,7.84373254443286,0.000329225134924244,0.00303914868798795,0.260895923150127,"8169145"
-1.00435,3.91703166666667,-7.84019382176804,0.000329992300813799,0.00304369906930667,0.258229296729903,"7933379"
-1.22862,8.12820333333333,-7.83887020257061,0.000330279786115047,0.00304466390871338,0.257231607308466,"8173607"
1.632525,5.57873166666667,7.8334312994005,0.000331464166183764,0.00305304629084946,0.253130454630885,"7956522"
1.27174,4.20491,7.82674585266579,0.000332926786746098,0.00306143695616813,0.248085977984221,"7906613"
-1.22131,8.27886666666667,-7.82505361456552,0.000333298201916827,0.00306318883279098,0.246808514974983,"8145291"
1.130545,7.52213,7.82503954184757,0.000333301292645035,0.00306318883279098,0.246797890540247,"8045619"
-1.004815,8.78152,-7.81866376732704,0.000334705019630985,0.00307439256238701,0.241982690620544,"8169645"
1.083355,7.46078,7.81551957597617,0.000335399800274254,0.0030782268880187,0.239606840151263,"7962590"
1.443955,7.82768833333333,7.80730789724463,0.000337222303817374,0.00308984343704103,0.233397933904548,"8080964"
-1.152395,7.95606333333333,-7.80597998126752,0.000337518105537171,0.00309085268428801,0.232393357103385,"8048205"
1.05873,7.90869666666667,7.80447891451636,0.000337852842065813,0.00309221717489428,0.231257612702342,"8089954"
-1.026175,7.63097166666667,-7.8008344233017,0.000338667172472471,0.00309725367553709,0.22849931394269,"8124430"
-1.22085,8.37316333333333,-7.79656682749055,0.000339623641048595,0.00310306927549791,0.225268008030245,"7993281"
1.276175,7.38298,7.78415817140229,0.000342422657548823,0.0031211736185062,0.215863825012862,"8173506"
-1.01322,6.98441666666667,-7.78182902769186,0.000342951035112745,0.00312507712168037,0.214097187000418,"8044440"
-1.15153,6.35986333333333,-7.78083883328191,0.000343175953464996,0.00312547311885229,0.213345993642932,"7962559"
-1.03614,9.04242333333333,-7.7790347520014,0.000343586184970214,0.00312835362344906,0.211977147267481,"8166455"
1.499535,6.26313,7.7703318937926,0.000345573184758582,0.00314300746596736,0.205370002566985,"8162283"
1.12532,7.69801833333333,7.76670631151368,0.000346404913608621,0.00314810721082292,0.202615602891969,"8142061"
1.122545,5.31403,7.76665135131601,0.000346417539731964,0.00314810721082292,0.202573840414139,"7980605"
1.152415,7.423905,7.76499097295661,0.000346799235072699,0.00314985655488698,0.201312052335501,"7936529"
2.28013,4.95248666666667,7.76000519563664,0.000347948338542128,0.00315857029128605,0.197521760901985,"7968678"
1.01091,7.67912666666667,7.75611787855269,0.000348847353504933,0.0031635373127908,0.194565084153433,"8142307"
1.31914,8.22951666666667,7.75599616940243,0.00034887554472078,0.0031635373127908,0.194472492063603,"8015769"
-1.116215,6.15758666666667,-7.75137959538106,0.0003499468351073,0.00317152416128681,0.190959437675753,"8163505"
-1.02224,7.52508666666667,-7.74977808069688,0.000350319367243999,0.00317403645472746,0.189740318522482,"7962689"
-1.015555,9.87349833333333,-7.74839775477282,0.000350640819153799,0.0031753308763227,0.188689400361792,"8109999"
1.0506,6.27669833333333,7.74834564748333,0.000350652960694314,0.0031753308763227,0.188649725051118,"8072124"
1.315485,8.96679,7.73484366288425,0.000353815647635376,0.0032013585922052,0.178361344225749,"7990165"
1.17419,7.23110833333333,7.73119150014135,0.000354676831512656,0.00320577038545128,0.175575773409888,"7953626"
1.00338,7.26406666666667,7.73092147908472,0.000354740599721937,0.00320577038545128,0.175369778461882,"8141664"
1.226955,9.537255,7.72941180100976,0.000355097371861956,0.00320685576102185,0.174217953905593,"8008887"
-1.000975,7.75584166666667,-7.72641974171368,0.000355805702068198,0.00321064023354059,0.171934558700762,"8027398"
-1.221185,4.03472833333333,-7.7197758299448,0.000357384457646639,0.00322226652755487,0.166861522975154,"7893459"
1.033195,10.7346516666667,7.71226853180966,0.000359178211650795,0.00323581085317546,0.161124715178412,"7895954"
1.00719,7.22053666666667,7.70545627179191,0.000360814985196547,0.00324616497219385,0.155914871735478,"7947189"
1.055655,6.030975,7.70061110871472,0.000361984418809254,0.00325488090976005,0.152207003200081,"7923442"
1.21016,8.92977833333333,7.69656001849253,0.000362965586590834,0.00326087385605699,0.149105276739409,"8061129"
1.261485,7.60482833333333,7.69478299482371,0.00036339695693338,0.00326145373612823,0.147744251735087,"8081786"
-1.19083,5.96912,-7.69461665642788,0.000363437365955881,0.00326145373612823,0.147616839091215,"7898609"
-1.064325,5.56623333333333,-7.694280075866,0.000363519148377207,0.00326145373612823,0.147359016335074,"8163825"
-1.05611,6.56108,-7.68700593343462,0.000365291873690018,0.00327317640426709,0.141784609792627,"8136987"
1.108735,6.20321,7.68536679475039,0.000365692725534645,0.00327500556270228,0.140527860116607,"8151252"
1.21005,10.3888,7.6781195193013,0.000367471205271763,0.00328739621760717,0.134968516095653,"7975368"
-1.33516,4.08470833333333,-7.67520060454059,0.000368190352866892,0.00329140811400917,0.1327281602414,"8057506"
-1.590645,7.59213,-7.67386332753302,0.000368520372330792,0.00329324284420246,0.131701515153396,"7999149"
-1.079,7.42800666666667,-7.67189780686362,0.000369006058710876,0.00329493020565729,0.130192280411193,"8075142"
1.23319,8.56955,7.67043477925083,0.000369368061860194,0.00329727837956002,0.129068671984125,"7893248"
1.291825,8.60275333333333,7.66489804648221,0.000370741791772125,0.00330688171460928,0.124814783412487,"7916185"
-1.570425,6.57625166666667,-7.65596802103162,0.000372970006384451,0.00332141810713642,0.117948260157598,"7974255"
1.05465,8.78208166666667,7.65407459396554,0.000373444456560075,0.00332475402943338,0.116491473514754,"7920000"
1.249735,5.11747666666667,7.64698036294203,0.000375228377371759,0.00333473963904256,0.11103048388795,"8091537"
1.22564,5.87559166666667,7.646429648705,0.00037536727534407,0.00333473963904256,0.110606374056666,"8099841"
-1.96226,5.54919666666667,-7.64324677061604,0.00037617121750744,0.00334009947449206,0.10815469896098,"7905154"
2.20862,6.54123,7.64004593096968,0.000376981720968543,0.00334283897818631,0.105688306241809,"8174972"
2.69552,6.48588166666667,7.63827335433339,0.000377431441116628,0.00334485729417389,0.104322074331259,"7895105"
-1.06023,8.38814833333333,-7.63624249638707,0.000377947458542725,0.00334783626685212,0.102756435538999,"7894627"
-1.075405,6.94817166666667,-7.63479929356261,0.000378314659407669,0.0033501976633769,0.101643617879716,"7911017"
-1.11295,10.6223333333333,-7.63390618676388,0.000378542105024247,0.00335132051874298,0.100954875285966,"8102787"
1.021,7.371705,7.63246312542784,0.000378909943264291,0.00335169496188515,0.0998418750735928,"8123936"
2.044215,7.20323333333333,7.62964194961148,0.000379630268650676,0.0033547104711416,0.0976654460876993,"8100298"
1.143045,6.99844333333333,7.62868439338912,0.000379875122313737,0.00335598353613173,0.0969265715435998,"8053036"
1.247495,5.65425333333333,7.6266685003239,0.000380391201781104,0.00335965141795899,0.0953707980214622,"8070584"
2.908185,5.04459666666667,7.62490092063921,0.000380844384109358,0.00336242366228512,0.0940063716656336,"7893576"
-1.21225,7.95162666666667,-7.61457460830419,0.000383504513783012,0.00338266219746568,0.0860298923867386,"8026780"
1.213745,5.83147666666667,7.61319778910778,0.000383860825461264,0.00338490834358679,0.0849656800178842,"8045275"
-1.00034,7.28084,-7.60554473043112,0.000385848432641843,0.00339988496666296,0.0790472464060494,"7958410"
1.16975,5.00898333333333,7.59776591232378,0.000387881002816531,0.00341187412672816,0.0730263375085354,"7910915"
-1.05223,8.29604166666667,-7.59752740052934,0.000387943521752495,0.00341187412672816,0.0728416429637155,"8165406"
-1.11855,11.5446666666667,-7.59427550729416,0.000388797083609626,0.00341757563171851,0.0703230049825008,"8111210"
-1.14097,6.10632,-7.59188967042027,0.000389424713633892,0.00342128619785428,0.068474553969291,"7909990"
1.182655,9.33191333333333,7.58524727936423,0.000391178322548253,0.0034345949549505,0.0633256798413404,"8179564"
1.502645,6.924875,7.58452212118035,0.00039137032277647,0.00343475425342333,0.0627633376558929,"7996027"
1.18076,5.96243666666667,7.58212164120705,0.000392006682046039,0.00343852647315251,0.0609014973880111,"8059674"
-1.181075,8.62182166666667,-7.58111366683648,0.000392274252082052,0.00343996728247987,0.0601195506678982,"8042942"
-1.15131,4.13693166666667,-7.57970438187482,0.000392648708159283,0.00344053264094201,0.0590261342182696,"7893951"
1.01711,8.95720166666667,7.5747425669774,0.000393970413108584,0.00344939070346477,0.0551750485569302,"7961208"
1.11839,8.76445,7.57211916465135,0.000394671317444464,0.00345248489288116,0.0531380389306939,"8112376"
1.54855,6.35470666666667,7.57024336344277,0.000395173373302391,0.0034533620019466,0.0516811545501987,"7913566"
-1.014785,8.203375,-7.56484943394948,0.000396621203637122,0.00346076944903177,0.0474901177081009,"7913682"
-2.45866,4.10471666666667,-7.56336360220638,0.000397021113498007,0.00346244421585729,0.0463351914321537,"7896518"
1.514135,5.70261,7.56244568159204,0.000397268405529854,0.00346369366298181,0.0456216016711251,"7893216"
-1.214505,5.75707833333333,-7.55065392743107,0.000400461173453096,0.00348532180107392,0.036448140107999,"8039674"
-1.38358,4.08136666666667,-7.54157991947156,0.000402938442255134,0.00349938479701857,0.0293806480505472,"8111569"
1.0104,6.42606166666667,7.53699285579286,0.00040419753526296,0.00350747634430599,0.0258051550910565,"7896640"
1.231145,4.67156666666667,7.53665118134972,0.000404291504022777,0.00350747634430599,0.0255387548871218,"7969533"
-1.077255,8.77493333333333,-7.53327705366726,0.000405220839020438,0.00351462315104546,0.0229074283709698,"8143957"
-1.084705,9.13473833333333,-7.52847626810415,0.000406547411290226,0.00352429293249952,0.0191617873168566,"8034130"
1.399425,5.54977666666667,7.52097808096461,0.000408629476430914,0.00353589804488569,0.0133075264577744,"7930714"
-1.2105,8.91417333333333,-7.51666431116036,0.000409832934455971,0.00354539028801778,0.00993727075949646,"7958000"
1.35746,7.53777833333333,7.51502392492355,0.000410291653648051,0.00354843667312186,0.00865524048965582,"7942650"
1.60087,7.01508333333333,7.51203636845734,0.000411128634440694,0.00355382921624397,0.00631972899201205,"7933310"
1.074325,7.23068,7.50820038328404,0.000412206225677003,0.00356129493937913,0.00331980315075597,"7903632"
-1.143685,6.16541333333333,-7.49567519095955,0.000415747739802051,0.00358630893580023,-0.00648458176304878,"7896754"
1.09125,8.22407333333333,7.49493980743514,0.000415956769697312,0.00358644854288616,-0.00706065277136769,"7895647"
-2.993365,4.20871333333333,-7.48850831413902,0.000417790123496954,0.00359833361150493,-0.0121008826403752,"7964733"
1.1768,11.22535,7.47693000195664,0.000421114403877968,0.00361667431156169,-0.0211838395457233,"7893313"
1.12468,8.67118166666667,7.47567732429576,0.000421475907250655,0.00361673551615994,-0.0221672558060071,"8105937"
-1.02139,7.011325,-7.47425147300672,0.000421887825833932,0.00361816734157657,-0.0232867923948064,"8150165"
1.103785,9.03721833333333,7.47104951459987,0.000422814559621131,0.00362379829902311,-0.0258015365451705,"8118669"
1.26136,5.698615,7.46387627009545,0.000424899311445421,0.00363698518591213,-0.0314385562103512,"8159876"
1.605675,7.64458166666667,7.46053100540504,0.000425875634296693,0.0036434689093466,-0.0340689683345241,"8098204"
1.38626,4.82477333333333,7.45625353609111,0.000427127832355201,0.0036485570636047,-0.0374338382002852,"8136795"
1.01619,9.12318666666667,7.45418001968645,0.000427736382212596,0.00365188162013662,-0.039065557919538,"8154765"
-1.16954,4.23845,-7.44898059531376,0.000429266791384401,0.0036602551479453,-0.043158851341353,"7916491"
1.09993,9.10210333333333,7.44292682090363,0.000431056714275984,0.0036717563098612,-0.0479277896372441,"8040578"
1.37077,7.07782666666667,7.43499529475855,0.00043341500506754,0.00368706898498089,-0.0541809232975679,"8056060"
1.73248,4.20106,7.43471321644627,0.000433499152088636,0.00368706898498089,-0.0544034148888768,"8180205"
-1.013805,7.54722,-7.4324537267453,0.000434173869444813,0.00369075499895429,-0.0561858638142265,"8086185"
-1.12394,4.08914333333333,-7.42441724754406,0.00043658361360235,0.00370831887988655,-0.0625293372228199,"7964795"
1.435065,6.56469,7.41817733457915,0.000438465402456066,0.00372058677512223,-0.0674587244336493,"8024013"
-1.20546,7.99556666666667,-7.4165170782294,0.000438967680776641,0.00372389983868021,-0.0687708790713,"7996761"
1.406865,5.25824,7.41411761754249,0.000439694775531181,0.0037281683068148,-0.0706676897469309,"7979269"
-1.110195,7.050615,-7.41015942867206,0.000440897270212489,0.00373358969064511,-0.0737978331982241,"8138888"
1.07927,7.13637666666667,7.4097259917303,0.000441029180525852,0.00373358969064511,-0.0741406817956936,"8170418"
1.04913,7.73704666666667,7.40964814931217,0.000441052875616817,0.00373358969064511,-0.0742022569391221,"8028084"
1.03911,9.921905,7.39687908540943,0.000444959901930534,0.00375369390792525,-0.0843102844961434,"7896120"
1.001365,7.973095,7.39588676249799,0.000445265213041519,0.00375491891419103,-0.0850964270534824,"8045381"
1.46706,6.34469666666667,7.38937519139197,0.000447274712182884,0.00376865400928472,-0.0902572635812655,"8126153"
-1.14337,6.50686166666667,-7.38929613078101,0.000447299175442028,0.00376865400928472,-0.0903199477512198,"8174820"
-1.076385,7.92555833333333,-7.3871588323493,0.000447961097883098,0.00377327616398014,-0.0920147453708999,"8086752"
1.35979,5.27855833333333,7.38544698507795,0.000448492080629042,0.00377658650062901,-0.0933724745688025,"8100154"
-1.08236,6.34502666666667,-7.38516073495874,0.000448580941525895,0.00377658650062901,-0.0935995360042483,"7908204"
1.183475,6.74081166666667,7.38191434680036,0.000449590156985434,0.0037812587666441,-0.0961751797079922,"7951447"
-1.50547,7.12425,-7.38060711108618,0.000449997288201705,0.00378277195285336,-0.0972125939793864,"8175531"
1.10792,7.78253166666667,7.37828946586394,0.000450720161572014,0.00378575041981924,-0.0990522440410606,"7929078"
-1.78531,6.65981166666667,-7.37783142643442,0.000450863184010659,0.00378575041981924,-0.0994158742956941,"7960559"
1.131505,10.4827816666667,7.37412543789236,0.000452022321531213,0.00379069663061099,-0.102358700223628,"7896484"
-1.065335,7.91205333333333,-7.3732557049087,0.000452294854070924,0.00379155633333322,-0.103049512464612,"7950140"
-1.063125,6.79320666666667,-7.37046545828296,0.00045317047576682,0.00379602951738561,-0.105266215658736,"8051799"
1.039675,7.62536166666667,7.36468076455845,0.000454992096195781,0.00380937184486571,-0.109864102493939,"7954777"
1.111095,10.660135,7.35874256654374,0.000456870930506258,0.0038222189379565,-0.114587166246918,"7896230"
-1.015535,7.74172333333333,-7.3528326504456,0.00045874979172217,0.00383536758127659,-0.119290923568951,"8070876"
-1.099085,6.74787833333333,-7.35068661593515,0.000459434277518501,0.0038378783588895,-0.120999760288456,"7895813"
2.262915,6.174785,7.34756525115239,0.000460431972342642,0.00384428369686383,-0.123485979298422,"7990674"
1.021165,6.94331166666667,7.33356449503035,0.000464938241235364,0.00387413629089437,-0.134648759718381,"8171879"
1.069475,6.47301833333333,7.32948940039054,0.000466259480741339,0.00388099465264356,-0.13790119374618,"8112731"
-1.40263,5.424075,-7.31993307775018,0.000469375042647084,0.00390097250621411,-0.145534297418919,"8143154"
-1.126265,5.65531833333333,-7.31797463531112,0.000470016524776714,0.00390472560516223,-0.147099635225453,"8148982"
1.028995,8.30273666666667,7.31355664342652,0.000471467377112768,0.00390800329990636,-0.150632126765363,"8167854"
-1.089975,6.252355,-7.31288606890394,0.000471688046772744,0.00390812868444302,-0.15116845434339,"7924888"
-1.03336,8.03704833333333,-7.31091687780326,0.000472336754687887,0.00391131482736697,-0.152743658215976,"8013521"
1.750925,6.009235,7.30786021384409,0.000473345765817315,0.00391577489799233,-0.15518946388215,"8169389"
1.524405,8.06399166666667,7.30705865017195,0.000473610778801289,0.0039169940640205,-0.155830981386214,"7902553"
1.1369,7.14052333333333,7.29838336775704,0.000476490079761509,0.00393299211349008,-0.16277787386703,"8007757"
2.043285,5.60563,7.29478149832257,0.000477691512909528,0.003941931674188,-0.165664172909525,"7893955"
1.13882,8.51362,7.29432354817963,0.000477844518485709,0.0039422172775071,-0.166031229404455,"8161192"
1.074635,6.27322833333333,7.28646583771576,0.000480478764024708,0.00396002510042839,-0.17233235912138,"7917322"
-1.199915,6.27240833333333,-7.28379106016383,0.000481379319419222,0.00396548421541361,-0.174478573769691,"8168790"
1.47502,6.00545666666667,7.27791281493607,0.00048336534452354,0.00397716216535231,-0.179197540645935,"7895507"
-1.009575,5.933385,-7.27544650736008,0.000484201450973469,0.00398282008721927,-0.181178406392484,"7934916"
-1.202065,6.67807833333333,-7.27364998410137,0.000484811552748406,0.00398488528063779,-0.18262167521354,"7897877"
1.22666,7.11561333333333,7.2725272583455,0.000485193286307875,0.00398540586531509,-0.183523788477416,"8075164"
1.16398,8.71571333333333,7.26391984915283,0.000488131509062832,0.00400426579385689,-0.190443742760024,"7978542"
1.099735,8.59081666666667,7.26294282140287,0.000488466334055412,0.00400508901705867,-0.191229661147561,"8142019"
-1.136605,7.67886666666667,-7.25441111326756,0.000491401516637179,0.00402316112600643,-0.198096305595796,"8025004"
-1.458075,7.516025,-7.24951157153906,0.000493096395294185,0.00403505300420509,-0.202042698465192,"8176572"
-1.019165,4.171255,-7.24200966389935,0.000495704702516796,0.00405141862535634,-0.208089521338188,"7895321"
1.04965,8.24202166666667,7.23588656339444,0.000497845525466936,0.00406556413218462,-0.213028855290604,"8090133"
-1.06087,7.9929,-7.22963696628229,0.000500041680161754,0.00407486241418158,-0.218073833071908,"7956658"
1.253605,5.29066333333333,7.22667743050186,0.000501085615712057,0.00408137175791692,-0.220464184856755,"8155418"
-1.221145,6.07978333333333,-7.22507121067416,0.000501653249442348,0.00408499590283245,-0.221761835422507,"7896444"
-1.09091,4.99397,-7.21450615777888,0.000505405615791765,0.00410551129275882,-0.230303253215597,"8168855"
1.110045,7.21415333333333,7.20675090181813,0.00050818082874841,0.00412411616251841,-0.23657970868782,"8124166"
1.410395,5.33949666666667,7.19884304625587,0.000511028927433356,0.0041431045037128,-0.242985467838277,"7975932"
1.26268,8.87775833333333,7.19501288526627,0.000512415075685689,0.00415131016425946,-0.246090198768835,"8119408"
1.219945,6.45854666666667,7.19072475691399,0.000513972158215148,0.00416284924639946,-0.249567792745164,"8067985"
1.523415,7.02662166666667,7.19040237958839,0.000514089440526011,0.00416284924639946,-0.249829304702013,"8006298"
-1.067055,7.17707166666667,-7.18440332137636,0.000516277616847015,0.00417750319772324,-0.254697513428773,"8079274"
1.09452,6.91625333333333,7.18406601506009,0.000516400971914252,0.00417750319772324,-0.254971336491423,"8031157"
-1.04907,7.51814166666667,-7.1801227811958,0.000517845584612614,0.0041861384877024,-0.258173222215233,"8020630"
1.03262,7.352035,7.17644479825113,0.000519197262231495,0.00419197653746898,-0.261161045189459,"8038584"
-1.398855,6.317465,-7.16662094643968,0.000522827752323039,0.00421514679275542,-0.269147738633784,"8121349"
1.18847,6.54769166666667,7.15988576814533,0.000525333866884308,0.00422513086126735,-0.274628634283896,"8103853"
1.048375,8.48827166666667,7.15826906968462,0.000525937507999697,0.00422762033682726,-0.275944895194204,"7915261"
1.137705,7.95583166666667,7.15689096303567,0.000526452701209948,0.00422979499941318,-0.277067097862949,"8054227"
1.295385,4.82399833333333,7.15531559502215,0.000527042358305892,0.00423171676019081,-0.278350151962356,"8106727"
-1.04436,5.48277333333333,-7.14239935880448,0.000531905966076446,0.00425435333952616,-0.28887860414611,"8098856"
1.30879,6.12749166666667,7.13904025397158,0.000533179379942463,0.00426078043018446,-0.291619312384787,"7933312"
-1.088135,8.34542,-7.13629345362553,0.000534223309851949,0.00426469277107177,-0.293861234404211,"7893777"
-1.194625,2.82414,-7.13447452295841,0.000534915908800301,0.00426817517740801,-0.295346228923975,"8085912"
-1.393685,3.43470166666667,-7.13380780306994,0.000535170039057061,0.00426917987313919,-0.29589062488325,"7896557"
1.02605,6.99207333333333,7.13280067813895,0.000535554186178723,0.00427019821292934,-0.29671305140621,"8169158"
-1.358525,4.484535,-7.12615318152629,0.000538097799176346,0.00428329964598967,-0.302143869739076,"8093451"
-1.05258,5.915255,-7.12560035158575,0.000538309967559003,0.00428396438571035,-0.302595705534396,"8021131"
-1.40452,7.72018,-7.11931378548116,0.000540729522301974,0.004298083290544,-0.307735851444782,"8042917"
1.325625,6.12844666666667,7.10513161946221,0.000546234526512116,0.00433356469603859,-0.31934558340609,"8091972"
-1.44738,4.78227666666667,-7.10368690230647,0.000546798963849823,0.00433700931379408,-0.320529327426926,"8027241"
1.0992,6.04233833333333,7.09601193204059,0.000549808902608175,0.00435362355056942,-0.326821238219193,"7895594"
1.109735,6.10002666666667,7.09366603129571,0.000550732751261492,0.00435886579956118,-0.328745522492713,"8143790"
1.29752,6.07201833333333,7.09212219328935,0.00055134172157361,0.00436197303678896,-0.330012181893175,"8039054"
2.120615,6.47645833333333,7.09131626571144,0.000551659932642657,0.00436309282118825,-0.330673504949753,"8093104"
1.01004,5.77103,7.08950164768748,0.000552377195680907,0.00436772820816603,-0.332162760610692,"7951654"
1.33107,7.89515833333333,7.08221158132964,0.000555269690301276,0.00438539252323567,-0.338148892126864,"8118833"
1.214375,8.79265166666667,7.07728422399585,0.000557234707342771,0.00439882504750883,-0.342197805895853,"7894331"
-1.14061,7.82919666666667,-7.07399045744895,0.000558552763551019,0.00440501257573372,-0.344905663086206,"7976073"
-1.47529,6.82942833333333,-7.07350673363863,0.000558746639018404,0.00440501257573372,-0.345303427765732,"8047401"
1.002125,6.395175,7.06817400444528,0.000560889181645095,0.00441824629317169,-0.349690005676653,"7951004"
1.29432,7.54823833333333,7.06438822747186,0.000562416002401583,0.00442713135507459,-0.352805756525532,"8133860"
1.06202,7.07567833333333,7.06319460334214,0.000562898398312532,0.00442883458615605,-0.353788412879259,"8096938"
-1.185105,6.83451666666667,-7.05971051829061,0.000564309224859488,0.00443574227104494,-0.356657485741277,"7998927"
1.243965,6.73860333333333,7.05517965966656,0.000566150082515218,0.0044460139852616,-0.360390304094525,"8047086"
-1.032705,6.62056666666667,-7.05286923482107,0.000567091481077998,0.00445025808283151,-0.362294545232567,"7894476"
-1.0912,6.26622166666667,-7.04757513651427,0.000569255471673065,0.00446198197747129,-0.366659857333619,"7909801"
1.221265,5.179625,7.04614948581703,0.00056983985424756,0.00446551132663709,-0.367835856938518,"8128087"
1.327425,6.34901833333333,7.03905441725693,0.000572758561240222,0.00447889662132825,-0.373691400841696,"7923662"
1.58907,5.37846333333333,7.03659083522644,0.000573776071881452,0.0044826423898256,-0.375725727526933,"8172670"
1.05137,8.37855166666667,7.03132868542511,0.000575956498172766,0.00449128789131863,-0.380072965160822,"8043791"
3.42122,4.45157666666667,7.03119611455584,0.00057601155459991,0.00449128789131863,-0.380182520994431,"8069508"
-1.77734,4.83029833333333,-7.03099121055845,0.000576096662877193,0.00449128789131863,-0.380351855873116,"8014063"
-1.48215,5.058195,-7.02723850755985,0.000577657963236399,0.00449840186516971,-0.383453849412219,"7893156"
1.77806,5.24014666666667,7.02447625102822,0.000578810335853806,0.00450532071680435,-0.385738009304124,"8063444"
-1.67437,6.59852833333333,-7.02375876793796,0.000579110096439367,0.0045057440608337,-0.386331430058603,"8096744"
1.52352,7.44050666666667,7.02329452401586,0.000579304151257743,0.0045057440608337,-0.386715426650278,"8010320"
1.20622,5.07680166666667,7.02090943306824,0.000580302316701064,0.0045124535822502,-0.388688569946395,"7894491"
1.314255,6.09427666666667,7.01824700817783,0.000581418910234222,0.00451902554950255,-0.390891798557607,"7979615"
1.09885,7.504615,7.0144312055265,0.000583023577865526,0.00452760814346333,-0.394050678225985,"8046488"
1.483985,6.50878666666667,7.00660358268871,0.00058633149089499,0.00454588293528659,-0.400535136450063,"8157534"
1.291135,5.33191166666667,6.99936834955093,0.000589408486494016,0.00456513942191004,-0.40653415533336,"7900461"
-1.65502,5.49537833333333,-6.98222597583169,0.000596774030972609,0.00460688171488541,-0.420767943010565,"7893003"
1.035765,8.81126166666667,6.97982319299298,0.000597814960636846,0.00460688171488541,-0.422765332670946,"8102560"
-2.826715,6.10866666666667,-6.9793708625514,0.000598011154526129,0.00460688171488541,-0.423141409860116,"8047763"
1.283645,7.913475,6.97738330119703,0.000598874127433087,0.00461163548129961,-0.424794147913931,"8156295"
-1.32284,4.42935,-6.97441295781551,0.000600166511670102,0.00461228214121327,-0.427264829426421,"7982028"
-1.32284,4.42935,-6.97441295781551,0.000600166511670102,0.00461228214121327,-0.427264829426421,"7982064"
-1.32284,4.42935,-6.97441295781551,0.000600166511670102,0.00461228214121327,-0.427264829426421,"7982078"
-1.32284,4.42935,-6.97441295781551,0.000600166511670102,0.00461228214121327,-0.427264829426421,"7982092"
-1.40539,5.48643333333333,-6.97353015542607,0.000600551240262606,0.00461281537416932,-0.427999295985876,"7896033"
1.545985,6.37550333333333,6.9712067459066,0.000601565162039026,0.00461740783780854,-0.429932671443223,"8063755"
1.068125,5.32187,6.95839668678313,0.000607191260859218,0.00464245731457061,-0.440601785761125,"8048898"
1.06369,7.49329666666667,6.9431505343527,0.000613967189812572,0.00468023478003416,-0.453320846335791,"7926189"
-1.175755,8.11426666666667,-6.93902454485156,0.000615816012406757,0.00468636304518585,-0.456766873129926,"7938329"
-1.61646,5.52154666666667,-6.93895233468807,0.000615848426776876,0.00468636304518585,-0.456827197994014,"7924071"
1.28667,5.74639,6.9308041018252,0.000619518853939602,0.00470382272059334,-0.463637588598028,"8151042"
1.06129,7.62575833333333,6.92175140139863,0.000623626562508437,0.00471929401178259,-0.471211626669808,"8127534"
1.271615,5.60422833333333,6.91803548530331,0.000625321837302145,0.00472997301604941,-0.474322931392611,"8175234"
-1.738075,3.95055,-6.91230352084013,0.000627947389674578,0.00474552070676224,-0.479124934641794,"8035813"
-1.26728,6.78809833333333,-6.90989289815662,0.000629055412562075,0.00475065957633917,-0.48114542638528,"8012218"
1.207635,7.19251833333333,6.90702367987394,0.000630377188603954,0.00475758108366609,-0.483551045763792,"8101366"
1.0932,7.78011833333333,6.90623338634033,0.000630741823634661,0.00475827151249765,-0.484213789555244,"7955142"
1.13782,6.07986,6.90323391048667,0.000632127990286278,0.00476737614780571,-0.486729727280058,"8016457"
1.225965,7.29050166666667,6.90126182297232,0.000633041292876157,0.00476841275170572,-0.488384385593926,"7894254"
-1.0862,7.62747333333333,-6.90096546963943,0.000633178670958722,0.00476841275170572,-0.488633070941801,"8078461"
1.20993,4.03219333333333,6.89539241654928,0.00063576858969303,0.00478306259753042,-0.493311330263635,"8133876"
1.00095,8.37433,6.88504319689361,0.000640610831801533,0.0048160801233903,-0.502007094557055,"7913667"
1.178665,5.18604666666667,6.88320522722447,0.00064147526514809,0.00482040214480612,-0.503552532859547,"8098379"
-1.08267,8.17273833333333,-6.88080197968474,0.00064260760586556,0.00482695524049934,-0.505573786764517,"7978260"
1.00355,7.34018666666667,6.87946059916076,0.000643240635677441,0.00482930855606578,-0.506702206415225,"7899562"
1.02623,7.27495666666667,6.87249168585481,0.000646541120623259,0.00484862155256591,-0.512567603785107,"8119169"
1.050965,8.557485,6.86863624324758,0.000648375517059448,0.00485690879449458,-0.515814624571441,"7978932"
-1.12766,5.87010333333333,-6.8681996497577,0.00064858362662964,0.00485737494734303,-0.516182413388155,"7976808"
-1.078715,7.74502666666667,-6.86466527475988,0.000650271206333258,0.00486296697437022,-0.519160491548917,"7990273"
1.108585,6.87253333333333,6.86415625124716,0.000650514673063611,0.00486296697437022,-0.519589499537376,"8017621"
-1.098335,6.304485,-6.86379134542247,0.000650689273274303,0.00486296697437022,-0.519897060228089,"8126102"
-1.53127,7.992375,-6.85723678901117,0.000653834792655638,0.00487695723365922,-0.525423831574003,"8020139"
1.001615,6.00741166666667,6.85227340133992,0.000656228473118449,0.00488537291409104,-0.529611796230964,"8105013"
1.22536,3.67326666666667,6.84046446433794,0.000661964591687609,0.00492325999763733,-0.539585760727951,"7894021"
-1.05648,7.87326166666667,-6.83464157109203,0.000664814462481815,0.00494004176685048,-0.54450899349782,"7914021"
1.47011,5.93672166666667,6.83216767196645,0.000666029564612733,0.00494355470639995,-0.546601696106213,"8017096"
1.95016,4.56940666666667,6.83132648114776,0.00066644331910052,0.00494442138950312,-0.547313410211461,"7936966"
1.853875,8.48045666666667,6.82639829601419,0.000668873342574647,0.00495692759575073,-0.551484474992846,"8022338"
1.43088,6.84479333333333,6.82402876416376,0.000670045391897597,0.0049634040965549,-0.553490843963671,"8094870"
-1.15983,5.32335166666667,-6.82151921661381,0.00067128930049664,0.00497151241962558,-0.555616385648398,"8124540"
1.29954,6.25407666666667,6.81850216141251,0.00067278831926843,0.00497986763486541,-0.558172616902909,"7979943"
1.07159,8.78158333333333,6.81359204091717,0.000675236227954313,0.00499186071984786,-0.562334728793711,"8113305"
2.379795,3.65910166666667,6.81239040787919,0.000675836869472208,0.00499460339027364,-0.56335367514933,"7981779"
1.264245,5.987325,6.80728918143655,0.000678393661027322,0.00500743902220745,-0.567680974215249,"8020308"
1.227625,7.75892166666667,6.80470562371208,0.000679692855207874,0.00501326741699877,-0.56987357244948,"8133809"
1.041115,8.18338666666667,6.80245143112126,0.000680828783402501,0.00501871950430664,-0.571787197958919,"7918847"
1.185615,5.77704333333333,6.79469251455244,0.000684755536969596,0.00504319953870308,-0.578377812585543,"8124518"
1.26278,2.52331666666667,6.79250533601637,0.000685867208198886,0.00505026988752727,-0.580236756488303,"7894326"
-1.317315,5.548815,-6.78931399240575,0.000687493027495354,0.00505796778507075,-0.582950037399002,"8113103"
-1.05839,6.62800833333333,-6.78926060625231,0.000687520262943514,0.00505796778507075,-0.582995435090725,"7929047"
-1.23051,5.24751,-6.78811879948721,0.000688103066603712,0.00506113713468165,-0.583966456218953,"8180195"
1.23733,7.41841166666667,6.78582240501133,0.000689276936429968,0.00506753238072613,-0.585919767847221,"8090988"
1.85046,5.54791833333333,6.78296039071601,0.000690743197575558,0.00507607067968955,-0.588354943813737,"8129039"
1.48286,5.361005,6.77760463786304,0.000693496791788427,0.00509068842067444,-0.592914177185778,"7896021"
-1.43339,5.06984333333333,-6.77661666085208,0.000694006140023311,0.00509328461232077,-0.593755538204141,"7957608"
-1.03266,8.74808,-6.76602451507579,0.00069949427969471,0.00511778972335635,-0.602782040305924,"7898585"
1.12998,4.51668833333333,6.76475104233313,0.000700157496848979,0.0051203918674677,-0.603868047273354,"8168534"
-1.103825,5.26889,-6.76412884135818,0.000700481801091698,0.00512163867609799,-0.604398715123413,"7971661"
1.214155,6.95334,6.75625782963898,0.000704599440518609,0.0051427109975774,-0.611115212392608,"7905909"
1.51,5.89765833333333,6.75212328588036,0.000706773645150138,0.00515180430441421,-0.614645834089363,"8066745"
1.03538,7.67480333333333,6.7404250959676,0.00071296763648484,0.00518900183432475,-0.624644753738251,"8005132"
1.071135,7.28290333333333,6.74010435449251,0.000713138349589486,0.0051891100581908,-0.624919101517062,"8030569"
1.97164,7.18929666666667,6.73594038281141,0.000715358918126927,0.00520072181154417,-0.628481730044772,"8079237"
-1.311565,4.39196,-6.72491913856672,0.000721275208126129,0.00523230949999471,-0.637919901078052,"7982016"
-1.311565,4.39196,-6.72491913856672,0.000721275208126129,0.00523230949999471,-0.637919901078052,"7982024"
-1.311565,4.39196,-6.72491913856672,0.000721275208126129,0.00523230949999471,-0.637919901078052,"7982030"
1.22076,5.75115666666667,6.72399092698859,0.000721776068786728,0.00523480238780041,-0.638715354309408,"7895208"
1.13988,7.573,6.70796590503505,0.00073048714129335,0.00527843540443678,-0.652462329405192,"8109484"
1.06313,7.23027333333333,6.70418610261808,0.000732559569575385,0.00528996659903526,-0.655708659719754,"8142345"
-1.332605,6.429065,-6.70163239442035,0.000733963607653291,0.00529436443761517,-0.657902776337796,"8006237"
1.112365,6.22492333333333,6.69907566065238,0.000735372440773407,0.00530108165413122,-0.660100165454579,"8173825"
-1.00548,9.02007333333333,-6.69778449582864,0.000736085102632748,0.00530392245452556,-0.661210115215975,"7899615"
-1.026155,6.197985,-6.69422230219586,0.00073805542737121,0.00531466945613737,-0.664273245968864,"8082846"
-1.091935,5.19411833333333,-6.68871128502107,0.000741115767727907,0.00532979086782638,-0.66901474960179,"8172220"
-1.00919,5.39628833333333,-6.68830930390335,0.00074133956916133,0.00533024911128586,-0.669360724031362,"7944751"
1.057385,7.46733333333333,6.68793984751608,0.000741545331790742,0.00533057748545689,-0.669678720008887,"8130038"
-1.025185,3.55347833333333,-6.6840299525596,0.000743726952691805,0.00534164718373146,-0.673044882259524,"7892793"
-1.82849,6.18340166666667,-6.67421328215123,0.00074923732904024,0.00536733118439175,-0.681503355207259,"7895206"
-1.38398,3.50655166666667,-6.67295518896446,0.000749946954011734,0.00537010402746854,-0.6825881043048,"7894776"
1.153625,7.465565,6.66384343847358,0.000755109776762589,0.00539894572404207,-0.690449303974673,"7949916"
1.373525,5.450735,6.65646132967851,0.000759322841491253,0.00542324595734326,-0.696824563376878,"8096511"
1.82381,8.19638666666667,6.65417907710423,0.000760630871208535,0.0054267679705658,-0.698796683732738,"7892961"
-1.04973,7.77326333333333,-6.6524924106018,0.000761599233334192,0.00543251278327519,-0.700254499257771,"8028286"
1.21015,3.63290166666667,6.64780253411765,0.000764299354014902,0.00544593956572527,-0.704309596805714,"8067869"
-1.22191,8.75273166666667,-6.64619439725632,0.000765227770559712,0.00544905668869263,-0.705700597753169,"8131475"
-1.10192,7.058625,-6.64343418942733,0.000766824359821836,0.00545575869850164,-0.708088740822981,"8007212"
1.047775,6.84725833333333,6.63526641372745,0.000771571555505727,0.00547782901570878,-0.715160182859612,"7974533"
-1.002065,7.584575,-6.63348507749275,0.00077261141332453,0.00548170514158681,-0.716703340056895,"7994576"
1.058055,6.37752,6.6267964107035,0.00077653048354155,0.00550013518623335,-0.72250063442103,"7992887"
1.33408,5.17716166666667,6.62394122533576,0.000778210438600967,0.0055090603570382,-0.72497674338542,"8095736"
-1.05047,7.70736333333333,-6.62381139334494,0.0007782869303393,0.0055090603570382,-0.725089358131162,"8020955"
1.189975,5.11404,6.62348886098345,0.000778476991089351,0.00550923451058494,-0.725369126542983,"7937230"
1.083335,8.22638333333333,6.60453236390877,0.000789742846398406,0.00556059791848757,-0.741831341002399,"8156905"
-1.345285,6.03855333333333,-6.59927212264695,0.000792902477946977,0.0055745932872045,-0.74640611918359,"7894103"
1.01271,8.32260666666667,6.59441902443484,0.000795830573817498,0.00559173314514476,-0.750629386016425,"7975661"
1.751905,5.90360333333333,6.59439653585097,0.000795844171392048,0.00559173314514476,-0.750648961809185,"8137874"
-1.036215,6.75050833333333,-6.59339773835642,0.000796448359780753,0.00559361759873861,-0.751518445563303,"7965156"
1.01951,5.423835,6.59297996702319,0.000796701234167724,0.0055941435539196,-0.751882159385052,"7939884"
-1.306755,5.59582166666667,-6.5848827934177,0.000801620857900517,0.00561635090359819,-0.758935225300218,"8169015"
1.202085,5.14520166666667,6.58135010112158,0.000803778267575498,0.00562488928505866,-0.762014549144888,"7976012"
1.221325,6.76432666666667,6.57867189907776,0.000805418333082962,0.0056293060950175,-0.764349920052782,"8180272"
-1.31497,6.20419833333333,-6.56870404874211,0.000811556623884167,0.00565695143832868,-0.773048453101034,"8016609"
1.048675,8.42688,6.56089782071539,0.000816401695903441,0.00568543500454026,-0.77986795270835,"8147994"
-1.3114,6.573255,-6.55967638063326,0.000817162837443953,0.00568779334589319,-0.78093558231251,"8093494"
2.49985,6.29447666666667,6.55961220372441,0.000817202852111392,0.00568779334589319,-0.780991682074436,"8175724"
1.193,11.2407666666667,6.54800587814859,0.000824476998812841,0.00572525769123486,-0.791144433917724,"7893715"
1.218725,5.55575666666667,6.53579814131462,0.000832209284945938,0.0057633262397764,-0.801838687397809,"8108706"
1.433775,4.06182,6.53446882591203,0.000833056332397759,0.00576679349269193,-0.803004153166539,"8103494"
-1.51399,5.27207166666667,-6.53054409161946,0.000835563038877663,0.00577897602506803,-0.806446225995595,"7895511"
-1.787235,3.625745,-6.53035507678024,0.000835683982361852,0.00577897602506803,-0.806612037245952,"7896577"
-1.03212,7.2207,-6.51744028340879,0.000843995989897033,0.00582677472021595,-0.817950409466944,"8106962"
1.125925,8.23473,6.51713835510626,0.000844191456494227,0.00582691602962029,-0.818215696006752,"7922416"
1.02207,6.30745833333333,6.51572981899042,0.000845104028803002,0.00583129266604993,-0.819453421832762,"8150186"
1.627925,4.31144833333333,6.51340759580217,0.000846611067430384,0.00583756651733889,-0.821494495823676,"8160459"
-1.088705,7.437355,-6.50950899644845,0.00084914813416384,0.00585263618779826,-0.824922389777559,"8086051"
-2.095165,3.32271666666667,-6.50843830794365,0.000849846442532562,0.00585502524250087,-0.82586409052798,"8142975"
-2.014345,5.11268333333333,-6.50500696901987,0.000852088872162574,0.00586926006958983,-0.828882875002747,"8034099"
1.136195,7.50633833333333,6.50411013265397,0.000852676098804883,0.00587087594332221,-0.829672090926347,"7954789"
-1.157165,7.965785,-6.50280716839567,0.000853530084915407,0.00587469480275464,-0.830818852551219,"7903753"
-2.147275,4.30102666666667,-6.49738706872876,0.000857093181143258,0.00589519348327351,-0.835591125528422,"8091715"
1.170795,3.77756666666667,6.49634945724825,0.000857777258516681,0.00589626067938254,-0.836505077015431,"7961166"
-1.077165,6.96215833333333,-6.48627319695622,0.000864453391408606,0.00593111571682101,-0.845386470464918,"7903461"
1.121005,6.69119666666667,6.48579452029885,0.000864772040507657,0.00593207965240698,-0.845808655273968,"7979416"
-1.357295,6.28587333333333,-6.48431932551779,0.000865754916714278,0.00593617552527485,-0.847109906991984,"8011214"
1.28966,6.99015333333333,6.48295502735182,0.000866665059597408,0.00593894762078923,-0.848313545935333,"7923792"
-1.31385,6.423495,-6.47238238980382,0.000873755971373777,0.00597858576057865,-0.857647929387304,"8152764"
-1.037085,6.43892333333333,-6.4720723817673,0.000873964902589545,0.00597858576057865,-0.85792181093325,"7893765"
1.091485,7.15154333333333,6.47192330259702,0.000874065395756281,0.00597858576057865,-0.858053520984441,"8086899"
1.027135,6.876345,6.47046949768001,0.000875046097946043,0.00597970764254354,-0.859338069320001,"8056323"
-1.210035,7.087915,-6.46983719676809,0.000875473031343918,0.00597970764254354,-0.859896826690331,"7923027"
1.752345,7.79969666666667,6.46947923439692,0.000875714836814913,0.00597970764254354,-0.860213173171973,"8030364"
1.107595,5.44926666666667,6.46928556029395,0.000875845696990265,0.00597970764254354,-0.860384336911996,"8111443"
1.526955,7.480835,6.46142612615343,0.000881175284517989,0.0060062422617391,-0.867333690734832,"8069574"
1.442765,5.6872,6.46105575575948,0.000881427364320275,0.00600673085341224,-0.867661338354619,"8180416"
-1.1506,3.98445,-6.44924478801122,0.000889510129138971,0.00604819660403111,-0.878117650318648,"7999384"
-1.34904,5.33857,-6.44262495387021,0.000894077956843462,0.00606812343697386,-0.883984810088694,"8176574"
-1.746,4.99651333333333,-6.43514491446409,0.000899272119411518,0.00609341956858879,-0.890620071933245,"8136159"
-1.343805,6.631755,-6.42799655946156,0.000904268689671909,0.00611980377235885,-0.896966769935468,"7893335"
-1.60751,5.006815,-6.42270680558866,0.000907986864958016,0.0061337469349781,-0.901666867109363,"7969879"
1.276645,6.01276833333333,6.42242159373953,0.000908187843988677,0.00613386017064726,-0.901920372224287,"8104693"
1.13148,7.336675,6.42068135622288,0.000909415248133574,0.00614037112611685,-0.903467340455402,"7915955"
1.56273,8.35389,6.40219806890035,0.000922571092601874,0.00620582821623527,-0.919918201647959,"7895907"
-1.05534,6.412755,-6.39912959879068,0.000924776433293097,0.0062181504239419,-0.922652860851551,"8019074"
-1.71371,6.96301333333333,-6.38888494622961,0.000932183768799732,0.00625910928609088,-0.931790460839755,"8037387"
1.11875,6.59035333333333,6.3808939606171,0.000938009386952397,0.00628877176883348,-0.938925884484463,"8131871"
1.009585,6.54319333333333,6.37894521258622,0.00093943646596093,0.00629287483603585,-0.94066704695317,"8045674"
-1.306145,6.70441666666667,-6.37888519379585,0.000939480457997244,0.00629287483603585,-0.940720678985176,"8093943"
1.17708,9.317185,6.37257671155427,0.00094411774090176,0.00632012231982427,-0.946360057648939,"7893074"
-1.13352,5.55369,-6.36190411891887,0.000952023588904968,0.00635898283646314,-0.95591060009347,"7964736"
1.068715,8.93819,6.3591717410405,0.000954059952755043,0.00637002892458084,-0.958357721812222,"7894437"
1.310095,5.18963,6.35175558162272,0.000959612508723543,0.00639684038097454,-0.965003778976378,"7918449"
1.067105,7.28333833333333,6.33425363671939,0.000972865579093799,0.0064657694984204,-0.980712296239944,"8118259"
1.17998,5.91221333333333,6.32896290460269,0.000976913581274454,0.00647973934575607,-0.985467532940978,"7906904"
1.097255,6.90979666666667,6.32649461891312,0.000978808772844735,0.00648843235305816,-0.987687051187975,"7892699"
1.077775,5.41577333333333,6.32503805345377,0.000979929147842243,0.00649456624914474,-0.988997131730437,"8005743"
1.08966,6.59279833333333,6.32408057455737,0.000980666440377821,0.00649686638783532,-0.989858445918691,"8087374"
-1.289405,5.99019333333333,-6.32162960564251,0.000982556704397976,0.00650292001318613,-0.992063712695897,"8061013"
1.55637,5.45808833333333,6.30563099496245,0.000994999604200631,0.00656829933010873,-1.00647484529994,"8138988"
-1.19563,7.565885,-6.30493584508857,0.000995544382651404,0.00657036737509475,-1.007101661163,"8096032"
-1.509745,4.77941833333333,-6.30472774540741,0.000995707534454398,0.00657036737509475,-1.00728931483719,"8108629"
1.10662,6.917215,6.29683805940972,0.00100191603073129,0.00660464194958827,-1.01440737632537,"8010113"
-1.23912,5.48885333333333,-6.29445750053813,0.00100379812600146,0.00661316918470234,-1.01655647010894,"7895840"
1.1822,7.56786166666667,6.28696772694166,0.00100974640089917,0.00663408167141666,-1.02332211184835,"7972912"
-1.150625,6.2785,-6.28669426106223,0.00100996435547193,0.00663420460527694,-1.02356925638068,"7955533"
1.585105,4.77026333333333,6.28480235112065,0.00101147371756562,0.00664149879191133,-1.02527929621964,"8094550"
-1.008245,6.78235833333333,-6.28216505650359,0.0010135821099786,0.00665271900570818,-1.02766373157771,"7969488"
1.0592,5.607815,6.27309261809076,0.00102087409004999,0.00668608272549064,-1.03587223951265,"8093219"
1.186285,6.28329166666667,6.2705699631548,0.00102291246545775,0.00669548188762469,-1.0381563037487,"7899407"
1.463285,7.66193166666667,6.26131949337166,0.00103042756443565,0.00672879910041453,-1.04653795267035,"8030978"
1.44979,4.063655,6.25602900168302,0.00103475432007464,0.00675440395913062,-1.05133585192743,"8173609"
1.045275,10.4190216666667,6.24145948448313,0.00104677903163941,0.00681552628402375,-1.0645650187883,"7893362"
1.04929,5.80537,6.23604587431062,0.00105128826425121,0.00683552925888941,-1.06948666092875,"8101237"
1.026755,6.427915,6.22742223864322,0.00105851782681341,0.0068616460413932,-1.07733341493509,"8123080"
2.53742,4.94940666666667,6.22022742302354,0.00106459364639518,0.00689109149378312,-1.08388647032616,"7892883"
1.366465,5.79338666666667,6.20827781156576,0.00107477425700846,0.00693676263531899,-1.09478309694204,"7956488"
1.258695,5.34103666666667,6.20637271740326,0.00107640772611792,0.00694461307044144,-1.09652180591095,"8068157"
1.23956,6.02279333333333,6.20029625641456,0.00108163706213096,0.00697294661331551,-1.10207030703954,"7922773"
1.03675,6.95025333333333,6.19248097397135,0.0010884061303058,0.00700573340823358,-1.10921268968733,"8043570"
1.184075,7.836085,6.18720129045287,0.00109300680689493,0.00703126886576127,-1.11404170402982,"8043564"
1.007455,5.02751,6.18590870368583,0.00109413658698038,0.00703581806424985,-1.11522443810707,"7978692"
1.07009,5.79936166666667,6.17210890810825,0.00110628292416325,0.00709747640190052,-1.12786325113587,"7930299"
1.06454,5.31672666666667,6.16788477873098,0.00111003209465107,0.00711467539087517,-1.1317363275114,"8039013"
1.168545,6.07682833333333,6.16289816773558,0.0011144769670421,0.00713218135145122,-1.13631113093967,"8095043"
1.07339,8.83948166666667,6.15849665732426,0.00111841743634435,0.00714915442080205,-1.14035150543806,"7893528"
-1.17291,7.748635,-6.15084151385567,0.00112530922988395,0.00717942545074651,-1.14738381826871,"8107996"
-1.139565,6.89856666666667,-6.14561372850878,0.00113004397677879,0.00720184207174021,-1.15219010772797,"8117106"
-1.154965,7.41792333333333,-6.14268204257704,0.00113270926582866,0.00720972531940021,-1.1548867893122,"8098611"
-1.290785,7.99507,-6.13579175664997,0.00113900215214712,0.00723352177380177,-1.16122861721481,"8169634"
1.14916,7.75201833333333,6.13427694373257,0.00114039105061885,0.00723958070780856,-1.16262358119378,"7997257"
1.05645,7.64839833333333,6.13300435966292,0.0011415593706484,0.00724423525147316,-1.16379568399337,"7943842"
-1.21229,7.21660666666667,-6.13032814994204,0.00114402084055822,0.00725708933664832,-1.16626118934557,"7965846"
1.22867,8.08362,6.12984775681773,0.00114446333707001,0.00725713116252529,-1.16670384681316,"7922410"
1.06748,7.34605833333333,6.11872725694431,0.00115476217693576,0.00730574125126927,-1.17695820762828,"8060977"
1.08804,7.21075166666667,6.11398064568922,0.00115919072142585,0.00732818937750458,-1.18133944203523,"8134689"
-1.53594,4.46428833333333,-6.10980106782611,0.00116310651463353,0.00734318498630122,-1.18519943428561,"7893645"
-1.12553,7.33828333333333,-6.10745273919498,0.00116531335211118,0.00735327310671645,-1.18736908241996,"7922309"
-1.234305,6.95461166666667,-6.10739580564622,0.00116536691546213,0.00735327310671645,-1.18742169186265,"7933105"
3.27233,4.96011333333333,6.10052450219818,0.0011718524505695,0.00738575876870087,-1.19377385860407,"8098439"
1.17125,7.04812666666667,6.09378577728942,0.0011782534648534,0.00741631486185703,-1.20000874475263,"8054664"
1.317045,6.03574,6.07821741970718,0.00119319699716402,0.00749609036112,-1.21443312673835,"8141311"
1.43628,7.046445,6.07800328635302,0.00119340406055492,0.00749609036112,-1.21463172062678,"7968789"
1.13836,6.95846833333333,6.0503705411134,0.00122047686141038,0.00763015735155489,-1.24030375062775,"7974621"
1.02091,6.69580333333333,6.04243916668372,0.00122837834139228,0.00766660049359675,-1.2476887176922,"8031700"
-1.62537,3.63019666666667,-6.03265865436505,0.00123820363335915,0.00770997167246079,-1.25680551497325,"8096061"
-1.56977,2.45597166666667,-6.03238878498878,0.00123847602479422,0.00770997167246079,-1.25705722879297,"7893612"
-1.288825,8.97815,-6.03229649349996,0.00123856919470201,0.00770997167246079,-1.25714331328841,"7895316"
-1.90254,2.167195,-6.0212992941649,0.0012497293513194,0.00775913447900096,-1.2674080196702,"7895438"
-1.31047,8.33504333333333,-6.0160411045981,0.00125510654723313,0.00778216363428442,-1.27232096764064,"8180282"
1.507875,6.02694166666667,6.00916093222854,0.00126218291498838,0.00782041394126685,-1.27875428664297,"8136801"
1.305305,5.25873666666667,5.98655762449808,0.00128575782296095,0.00792541105121358,-1.29992861150982,"7915245"
-1.27397,3.176185,-5.98549546828432,0.00128687810628134,0.00792832575222608,-1.30092509398764,"8109159"
1.026545,7.61568666666667,5.98517253210498,0.00128721893913969,0.00792832575222608,-1.3012280891359,"8156581"
1.710965,7.1335,5.98069501030358,0.00129195537651796,0.00794703289577871,-1.30543039209959,"7955845"
1.026605,4.13070333333333,5.98001990775102,0.00129267126491732,0.0079472073685288,-1.30606420294811,"8168678"
-2.034205,7.54060666666667,-5.97589916856882,0.00129705091714609,0.00796599628425448,-1.30993406632806,"7996260"
1.15149,5.19616,5.97464886135793,0.00129838317561097,0.00796908103194813,-1.31110864875324,"7965206"
1.23929,5.52639166666667,5.97204208084272,0.00130116591086873,0.00797733775256785,-1.31355814218483,"8168391"
1.17519,6.86914333333333,5.96868787257012,0.00130475667960091,0.00799275177959864,-1.31671114392937,"7927062"
1.15125,7.11134833333333,5.96748936218885,0.0013060424951427,0.00799839929386915,-1.31783808189483,"8170553"
-1.17397,6.18496833333333,-5.96024815563068,0.00131384243631791,0.00802992136602006,-1.32465046603049,"8014257"
1.232095,5.31744833333333,5.95783319648008,0.00131645570561667,0.00804146498439152,-1.32692378897424,"8075838"
2.06947,4.780175,5.95540708295873,0.00131908710062968,0.00805606074645385,-1.32920830616638,"8039545"
1.07148,6.53019,5.94130564811923,0.00133450268359824,0.00812338863908056,-1.34250052134976,"8147661"
1.468405,5.11645166666667,5.93784030524324,0.00133832279703304,0.00813920258864095,-1.34577060919793,"8067305"
-1.00898,7.54053833333333,-5.93252741946935,0.00134420418268767,0.008164532409878,-1.3507869062959,"8092000"
-1.881765,5.55567833333333,-5.92982529273759,0.00134720691109161,0.00817978638195067,-1.35333947391423,"7895550"
-1.28267,4.40098,-5.92784254427254,0.00134941516735876,0.00818471811258049,-1.35521303157364,"7982058"
-1.483535,4.763415,-5.92685096114224,0.00135052109802604,0.00818945565488493,-1.35615018301841,"8095110"
-1.0174,4.76810833333333,-5.91449790810963,0.00136438691369961,0.00825164984188031,-1.36783493377224,"7892856"
1.16384,6.00816666666667,5.900181346121,0.00138066309775663,0.0083282498489135,-1.38139970987797,"8004043"
1.65448,6.64505666666667,5.89008594707416,0.00139227533776,0.00838310884654513,-1.39097969483899,"8157246"
-1.062705,7.08196833333333,-5.87247759330202,0.0014128006653912,0.00847391283678314,-1.40771825858253,"7900857"
1.315385,8.75010666666667,5.87078589355404,0.001414790961941,0.00848186796178421,-1.40932835171126,"7926821"
1.09188,7.289215,5.86485963646279,0.00142178885326917,0.00851462292217691,-1.41497144009645,"8101624"
-1.072695,6.28056833333333,-5.8636955415573,0.00142316814612534,0.00851828685269375,-1.41608040797233,"8090507"
1.1928,7.83324833333333,5.84543765915052,0.00144500488135557,0.00861954989869159,-1.43349500092312,"7970395"
1.88805,5.60472666666667,5.84361951413772,0.00144720053788735,0.00862955521311519,-1.43523136870782,"7892717"
-1.044435,3.104785,-5.84109532659076,0.00145025523202098,0.00864316435540474,-1.43764268349902,"8115828"
1.075325,5.94285833333333,5.84008017916083,0.00145148583274341,0.00864736514096569,-1.43861265390408,"8122144"
-1.105065,8.70222166666667,-5.838736016545,0.00145311713562349,0.00865553510999201,-1.43989718875741,"8035506"
1.31341,4.36548666666667,5.83423005847777,0.00145860113408999,0.00867733463673295,-1.44420485173696,"8016532"
1.17454,7.25918833333333,5.83210579245389,0.00146119477576194,0.00868965930497329,-1.44623648531669,"8044813"
1.10859,6.86598833333333,5.81860305256462,0.00147780622693873,0.00876672812426636,-1.45916317530457,"8156706"
1.05495,4.6933,5.81467231053693,0.00148268287341208,0.00878405637575364,-1.46293037433356,"8113577"
1.20063,6.47686,5.81436769977473,0.00148306156222897,0.00878405637575364,-1.4632223896151,"8078999"
1.115675,7.18347666666667,5.80891682339713,0.00148985696232321,0.00880663363651267,-1.46844977799264,"8008201"
-1.777735,6.59463666666667,-5.80744128005164,0.00149170264893182,0.00881441403753021,-1.46986544358274,"8160441"
1.10114,6.72097166666667,5.80627749089119,0.00149316024084831,0.00881929965375749,-1.47098219246671,"8078918"
1.18674,7.185355,5.80039268906046,0.00150055592810629,0.00884431737065135,-1.47663165012851,"8005951"
-1.039285,7.67833333333333,-5.79446546406422,0.00150804774487539,0.0088763418350921,-1.48232608957697,"8139840"
-1.820425,7.10496,-5.79408791175185,0.0015085264206852,0.00887759000168876,-1.48268895869605,"8107857"
1.702505,5.48291333333333,5.78513941276463,0.00151992323078836,0.00892415514293073,-1.49129452653976,"7922474"
-1.204295,6.8076,-5.78364143100008,0.00152184076476997,0.00892754262588896,-1.49273605474369,"7893234"
1.35823,5.10065333333333,5.77565300503514,0.00153211388713335,0.00897042308772272,-1.50042804676817,"7896295"
1.30454,7.38847166666667,5.76936696049732,0.00154025408937278,0.00900699691145865,-1.50648630604617,"7915563"
-1.37656,6.03278333333333,-5.76588166583613,0.00154478894492709,0.00903034366208523,-1.50984738610238,"7939052"
1.006425,2.63156666666667,5.74239431463198,0.00157575457905173,0.00916149820476438,-1.5325364402747,"7894319"
-2.26245,3.73285,-5.73719648016434,0.00158270390687952,0.00918586229516601,-1.53756675378337,"8055639"
-1.033095,6.38035666666667,-5.73580390537644,0.00158457173908045,0.00919510024331851,-1.53891501118448,"7912659"
1.021555,3.18663666666667,5.73481468846209,0.00158590010203556,0.00919799959893366,-1.53987289202625,"7917612"
-1.191145,6.47096,-5.72779981535176,0.00159535695551717,0.00924318784545939,-1.54666900364474,"8122724"
-1.019095,5.64684833333333,-5.72665409102736,0.00159690770212108,0.00924734534913488,-1.54777957346453,"7968892"
1.45336,4.58349333333333,5.69223330548734,0.00164431833941693,0.00945610841926868,-1.58121973883133,"8150978"
-1.27281,2.43784333333333,-5.68526447630863,0.00165411378607532,0.00949767662268494,-1.58800786877723,"7892709"
-1.030625,6.85245,-5.67802809074544,0.00166435667691151,0.00953019505952237,-1.59506299219951,"8049299"
-1.44393,4.23150166666667,-5.67293282961101,0.00167161280294281,0.0095553118454226,-1.60003452449242,"7896032"
1.02409,7.570455,5.65845305306841,0.00169243351698161,0.00964947924913298,-1.61418031115741,"8113796"
-1.25962,4.56894166666667,-5.65651760223245,0.00169523915000691,0.00966051308878661,-1.61607309691318,"8047248"
1.242985,3.38865333333333,5.6531025606411,0.00170020270313897,0.00967855536259951,-1.61941399618124,"7895151"
1.1235,7.161245,5.65293962040343,0.001700439945677,0.00967855536259951,-1.61957343525012,"7943126"
1.096225,7.23075333333333,5.63773763312305,0.00172274319635422,0.0097787555760325,-1.63446334932035,"7892550"
-1.0711,1.83987166666667,-5.63725091624026,0.00172346282983772,0.00978117297513322,-1.63494055168776,"7893045"
1.338535,5.14394166666667,5.62733436732204,0.00173820071327838,0.00984635405750767,-1.6446697026247,"7892502"
-1.01555,6.63803333333333,-5.60499601126808,0.00177193571815015,0.00999324925596979,-1.66663108182881,"8138566"
-1.08209,6.45296666666667,-5.58827051236909,0.00179768922939236,0.0100940401806201,-1.68311539229886,"8176460"
-1.397355,6.11233,-5.5846341374332,0.00180334542006082,0.0101189741239914,-1.68670399455345,"8134030"
-1.079555,7.33836666666667,-5.57329169494168,0.00182112031966185,0.0101963751948513,-1.69790815035337,"8049297"
-1.126535,4.49259833333333,-5.56236710462041,0.00183843170689796,0.0102691260769303,-1.70871492565012,"8136179"
-1.11995,6.91978333333333,-5.55917173120107,0.00184353100100358,0.0102889795072773,-1.71187869513063,"8156116"
-1.2145,6.12618166666667,-5.55821648533377,0.00184505858322436,0.0102957793942721,-1.71282474431649,"8109426"
1.025995,6.66058333333333,5.55547450867585,0.00184945153307988,0.0103091858365246,-1.71554096500252,"7949679"
-1.052705,5.49410166666667,-5.54989441138811,0.00185842877108672,0.010339198461299,-1.72107159215967,"7894216"
-1.233425,7.07290166666667,-5.54690042896021,0.00186326618769793,0.0103643792602369,-1.7240406605232,"8083445"
1.83166,5.64147666666667,5.54097059140334,0.00187289002756692,0.0104086245207879,-1.7299245143009,"7894329"
-1.62715,5.53540166666667,-5.54060445571042,0.00187348612449908,0.0104090551455775,-1.73028795721608,"7894819"
-1.837865,3.94824166666667,-5.53346071373298,0.0018851605737594,0.0104568700377716,-1.73738257137986,"7896452"
-1.69234,3.41947166666667,-5.53296561078299,0.00188597278456141,0.0104574913917637,-1.7378745100895,"7976842"
-1.110805,8.39376833333333,-5.52856928233563,0.00189320263776262,0.0104888466272183,-1.74224411025085,"8117710"
-1.284075,6.90464,-5.52743905784492,0.00189506647580069,0.0104956800473612,-1.74336786110865,"8135967"
-1.05018,4.02003333333333,-5.51446004454079,0.00191662234217638,0.0105879527859671,-1.7562842077947,"7894510"
1.09085,9.58328333333333,5.51393477109148,0.00191750066331266,0.0105889614239274,-1.75680739762756,"7892847"
1.297525,7.88056333333333,5.50475386734569,0.00193292743757208,0.0106574011115733,-1.76595757576427,"7904131"
1.19862,5.95767666666667,5.49622858883472,0.00194738079796694,0.0107088255045261,-1.77446397547935,"7922525"
1.401195,8.22352833333333,5.4885994453007,0.00196042060191875,0.010762757589792,-1.78208411674378,"7948902"
1.006385,6.31493,5.48333506233359,0.00196947722676119,0.0107964575600045,-1.78734663952897,"8087145"
2.98016,4.65523333333333,5.47188899561819,0.00198933548042998,0.0108677446254105,-1.79880094095779,"7894120"
-1.00017,5.50625166666667,-5.47038361178297,0.00199196436537742,0.0108785365710959,-1.80030866075679,"8162823"
1.07369,8.16250166666667,5.46840602644046,0.00199542395303754,0.010888500715223,-1.80228975779945,"7892832"
1.19587,5.54390833333333,5.44520465146714,0.0020365339439744,0.0110548533962366,-1.82556996068422,"8155627"
1.19587,5.54390833333333,5.44520465146714,0.0020365339439744,0.0110548533962366,-1.82556996068422,"8161381"
-1.03067,6.85210833333333,-5.4438766067799,0.00203891645121823,0.0110658806578622,-1.82690461879858,"7894210"
1.032925,5.36100833333333,5.43481177982467,0.00205526475842953,0.0111419978283015,-1.83602067518088,"7974882"
1.25791,5.61614166666667,5.42874949253329,0.00206628230097282,0.0111817002723049,-1.84212315486689,"8030997"
-1.01434,5.69369,-5.42601463366025,0.00207127486881171,0.011203255248022,-1.84487770330266,"8128843"
-1.277065,4.53034,-5.42275760383625,0.00207723881647019,0.0112263952072728,-1.84815944643543,"8172268"
1.5275,3.16637,5.41642274607041,0.00208889532373145,0.0112729250558,-1.85454631046567,"7895895"
-1.544515,4.99576,-5.41180117220048,0.00209744683612116,0.0113099088748706,-1.85920911067674,"8073088"
1.0975,7.29990166666667,5.40904620859817,0.00210256365549103,0.0113356641899101,-1.86198996920439,"8149652"
1.48584,5.631485,5.39948065344033,0.00212044181519046,0.0114098822107945,-1.87165309379389,"8121916"
-1.168535,6.82962333333333,-5.39151292488486,0.00213546736900118,0.0114721937698665,-1.87971118293089,"8169272"
1.49232,7.06956833333333,5.38643337307572,0.0021451103992467,0.0115109977379077,-1.88485265820866,"7893791"
1.237655,5.75140333333333,5.38379627096765,0.00215013644935009,0.0115305352478676,-1.88752323524771,"8000582"
-1.02479,9.454715,-5.38328231305748,0.00215111757958885,0.0115316398970198,-1.88804382288631,"7894011"
-1.105855,7.340325,-5.37278336234383,0.00217127304163025,0.0115992891513274,-1.89868575050417,"7985416"
-1.105855,7.340325,-5.37278336234383,0.00217127304163025,0.0115992891513274,-1.89868575050417,"7985457"
-1.105855,7.340325,-5.37278336234383,0.00217127304163025,0.0115992891513274,-1.89868575050417,"7985688"
-1.105855,7.340325,-5.37278336234383,0.00217127304163025,0.0115992891513274,-1.89868575050417,"7990941"
1.06435,5.54629333333333,5.37039245680724,0.00217589335470719,0.0116181399986667,-1.9011112289625,"7894506"
1.008355,5.299855,5.36929865832513,0.00217801084275673,0.0116275816949288,-1.90222109312624,"7932453"
1.012965,7.63409333333333,5.35928940757037,0.00219749838323419,0.0116978583000078,-1.91238462946024,"8023043"
1.204805,7.34170666666667,5.35904328204988,0.00219798010098878,0.0116985523373759,-1.91263471405276,"8111788"
1.325425,6.08335666666667,5.34808346009462,0.00221955446610943,0.011785537417179,-1.92377887931964,"8140859"
1.049875,4.50619666666667,5.34322321700151,0.00222919979701581,0.0118193735097509,-1.92872591427109,"8081818"
1.23288,5.931735,5.33706571383224,0.00224148895974712,0.0118731877016703,-1.93499782991767,"8124940"
1.558105,5.637935,5.32415028613641,0.00226751982957449,0.0119824802039901,-1.94816943499375,"8139680"
1.071115,5.55177333333333,5.31495229167438,0.00228627047277677,0.0120568728026807,-1.95756326471718,"7991186"
-2.16646,4.74735166666667,-5.31428652700829,0.00228763458427168,0.0120587373484694,-1.958243637166,"8175683"
-1.206795,5.79186166666667,-5.30660080335745,0.00230345018312468,0.012122329816264,-1.9661022315816,"8123609"
-1.07536,4.52258666666667,-5.30559937336493,0.00230552016681409,0.0121255575729598,-1.96712676053239,"8091723"
-1.05003,6.927165,-5.30392257065356,0.00230899095985288,0.0121366162412508,-1.96884253697906,"7894812"
-1.054495,5.053275,-5.29998602156765,0.00231716282847388,0.0121632461498809,-1.9728720429854,"8071036"
-1.25164,6.84637166666667,-5.28712193220479,0.00234410036512031,0.0122741798800772,-1.98605419762627,"8005603"
1.20906,6.385825,5.27179649662473,0.00237666360297418,0.0124090868024595,-2.00178717835837,"8120833"
1.05022,5.91472166666667,5.270755230912,0.00237889488329455,0.0124173166529328,-2.00285726500404,"8175574"
-1.29813,6.11720666666667,-5.26769184546244,0.00238547325845593,0.0124438513374287,-2.0060062763399,"7895753"
1.006875,7.45180333333333,5.26654210115078,0.00238794764192378,0.0124494255977209,-2.00718847944597,"8062576"
1.0621,7.51467,5.25661123497897,0.00240944335602616,0.0125374645140808,-2.017407023561,"8102751"
1.10445,7.311515,5.2453791610591,0.00243402432464,0.0126456089776155,-2.02898029201645,"7895839"
-1.619455,4.318565,-5.24479136061029,0.00243531862526732,0.0126493230088286,-2.02958641097268,"7971565"
-1.01065,5.31130333333333,-5.24207722234431,0.00244130526765932,0.0126695981136615,-2.0323857316858,"8068583"
-1.53311,4.28335833333333,-5.2408979709925,0.00244391164542297,0.0126791720251868,-2.03360229977168,"7893315"
1.200045,5.530285,5.23670447412634,0.00245320606033957,0.0127112565482505,-2.03793000101813,"8051322"
1.219535,4.27694833333333,5.23429060779051,0.00245857455735751,0.0127294599652205,-2.04042218305774,"7961198"
1.04982,6.15518333333333,5.2320460016728,0.00246357874226677,0.0127415006805307,-2.04274031178881,"7946781"
1.29612,7.341565,5.21906395362036,0.00249275209864949,0.0128353431508057,-2.05616080483875,"8017704"
1.131815,6.66359333333333,5.21885543672716,0.00249322391058726,0.0128353431508057,-2.05637654802919,"7956573"
1.059015,5.47413833333333,5.20123858810087,0.00253345899646734,0.0129979328513672,-2.07462496378317,"8071086"
-1.55899,5.52399333333333,-5.1987143692232,0.0025392849867709,0.0130177940268685,-2.07724308671928,"7893786"
1.47267,4.43436666666667,5.19718022813581,0.00254283336629379,0.0130312584224988,-2.07883471785396,"7970404"
-1.04365,7.32623166666667,-5.19679131855958,0.00254373379715728,0.0130324881124429,-2.07923825157247,"8136177"
-1.10913,6.0642,-5.19662962907384,0.00254410825992969,0.0130324881124429,-2.07940602703815,"7893872"
1.35943,5.74475,5.19241342397311,0.00255389513673114,0.013064533164501,-2.08378217001576,"7893882"
-1.0925,4.68262833333333,-5.17827260300066,0.00258703698892197,0.0131821694403099,-2.09847686834039,"7933842"
-1.140895,5.56133833333333,-5.1691061039733,0.00260878461342816,0.0132759745183123,-2.10801679579404,"8083240"
-1.2563,4.692475,-5.16818225702605,0.00261098808388234,0.0132848078792878,-2.1089789073604,"7894728"
-1.727765,3.04513833333333,-5.16341933064205,0.00262238215353671,0.0133329452689436,-2.11394093612701,"7894069"
-1.051335,2.802795,-5.15069130348348,0.00265311213658529,0.0134460692255526,-2.12721606372332,"8162388"
-1.09243,7.38729666666667,-5.14901010677963,0.00265720200250858,0.0134626985814863,-2.12897116260714,"7896558"
-1.4803,6.04773666666667,-5.13781968687674,0.00268461040530101,0.013572649964365,-2.14066324231974,"7895563"
1.006575,5.76048,5.12827773506449,0.00270823807279148,0.0136713467419251,-2.15064636050969,"8107722"
-1.113835,3.70237,-5.1211321614349,0.00272608836294301,0.0137427046511603,-2.15813039735232,"8127065"
1.114555,5.58931666666667,5.11704200906657,0.00273636674731956,0.0137861709162505,-2.16241740911282,"7978391"
1.135985,4.367005,5.11503787424894,0.00274141930262748,0.0138074479684748,-2.16451883334507,"7896003"
1.09854,8.38546666666667,5.11399548100073,0.00274405148065632,0.013816525351794,-2.16561204483409,"7989915"
1.377935,7.0784,5.11329764399743,0.00274581523189402,0.013821225967706,-2.16634398503481,"7948896"
1.4703,6.643675,5.10236830359906,0.00277360926378149,0.0139232425231618,-2.17781608880217,"8150877"
-1.25041,4.442095,-5.10186247388022,0.00277490342565745,0.0139276393373705,-2.17834743246478,"7962479"
-1.590815,6.58346833333333,-5.09844023981444,0.0027836774306797,0.0139559753344407,-2.18194319931685,"8176698"
1.70149,6.44265333333333,5.09184512491775,0.00280067617188879,0.0140147451901685,-2.18887723990455,"7895211"
-1.713605,6.20056333333333,-5.08873664799168,0.00280872951059117,0.014048710607504,-2.1921475205236,"7893867"
-2.068765,5.58306666666667,-5.07862962901353,0.002835098846533,0.0141466036704645,-2.20278975507054,"7895286"
-1.01024,4.27210666666667,-5.06292659047844,0.00287663428187138,0.0142917474908193,-2.21935206021517,"7893308"
-1.423975,4.52548,-5.03745295561295,0.00294550855067326,0.0145381219660574,-2.24629150911706,"8160435"
-1.063885,7.88222666666667,-5.02229335108945,0.00298739416109872,0.0147014522804155,-2.2623657718152,"7949410"
1.260735,3.54959333333333,5.01617243981047,0.00300449951508162,0.0147574598545025,-2.26886496221232,"7981785"
1.19674,6.24043,5.00950286906443,0.00302326623934094,0.0148233980225792,-2.27595260379454,"8159006"
1.44171,4.91417,4.98623380011714,0.00308980166336544,0.0150707027845447,-2.30072838590441,"8028206"
-1.12459,4.74369666666667,-4.98616573553513,0.00308999873592477,0.0150707027845447,-2.30080096768363,"7983704"
-1.31109,3.140555,-4.98166422149046,0.00310306438281058,0.0151211378244466,-2.30560265569853,"7896701"
-1.97669,4.90230666666667,-4.9651842772192,0.00315144110769629,0.0152986637356704,-2.32320550625052,"7892917"
-1.784185,2.93791666666667,-4.96209090694356,0.00316061779398037,0.0153298019936146,-2.32651385477775,"7894615"
-1.12162,3.07252166666667,-4.95898485919539,0.00316986293885149,0.0153724040598512,-2.32983709984411,"7895353"
-1.87633,4.03882333333333,-4.95581695571461,0.00317932415998681,0.0154070668832893,-2.33322790770747,"7952315"
1.12824,9.838075,4.95453655438107,0.0031831573780559,0.0154211539672817,-2.33459879847641,"7895153"
-1.26349,3.12239166666667,-4.95162256998358,0.00319190093046194,0.0154455348469105,-2.33771957228597,"7991750"
-1.25803,5.79894333333333,-4.9513922959558,0.00319259305239292,0.01544663918418,-2.33796623796913,"7909144"
2.25382,3.88086,4.93795822313036,0.0032332706102906,0.0155958585413365,-2.3523693734945,"7892729"
-1.23302,3.62270333333333,-4.91265832562745,0.00331150143241576,0.015890339125976,-2.37956262374061,"7982056"
1.1997,7.01253,4.91155308377409,0.00331496814938265,0.0159001000388929,-2.38075261706638,"7893823"
1.369115,6.3386,4.90549720434014,0.00333403710985128,0.0159639680251249,-2.38727590418972,"7948906"
1.63253,3.85124333333333,4.90112936085472,0.0033478687828828,0.0160209811531544,-2.39198405598436,"7912525"
-1.009925,6.40985666666667,-4.89830607964644,0.00335684427729762,0.0160454843383834,-2.39502872740669,"8093166"
2.1105,8.33478833333333,4.88237384277955,0.00340801437061155,0.0162109506426076,-2.4122312579465,"8168674"
-1.137405,5.96060333333333,-4.8587722348088,0.00348546805346191,0.0165015825076242,-2.43778019033862,"7892869"
-1.352045,2.44427166666667,-4.85839510788122,0.00348672194358074,0.0165041739757776,-2.43818906962012,"7918465"
-1.303855,5.49538333333333,-4.85639883978735,0.0034933678473615,0.0165201916224394,-2.44035374806635,"7894112"
-1.358465,5.25462,-4.84581777344809,0.0035288371764608,0.0166500908976357,-2.45183684037389,"7902158"
1.15665,6.57473833333333,4.84490328863604,0.00353192198617011,0.0166599244048033,-2.45283002551278,"8016482"
-1.110865,6.37741166666667,-4.8421435206452,0.00354125018820812,0.0166944651729811,-2.45582801394247,"8018972"
1.12789,8.56543333333333,4.84035322438988,0.00354731660079874,0.0167159638914231,-2.45777342173401,"7922408"
-3.25928,3.968555,-4.83414660644449,0.00356844005489143,0.0167822526140848,-2.46452128667988,"7896262"
-1.22263,2.93243666666667,-4.82095544529766,0.00361381477212193,0.0169280748315642,-2.47888086439801,"8108627"
1.178115,3.079765,4.81076472855725,0.00364932125360233,0.0170590270646072,-2.48999109152077,"7894071"
-1.28935,3.44927833333333,-4.80530588789568,0.00366850514265691,0.0171190450492002,-2.49594853641394,"8039070"
-1.041845,3.57139666666667,-4.80388657162119,0.00367351191161424,0.0171311167856776,-2.49749818346913,"8154211"
1.251525,5.31127,4.80305243829994,0.00367645804351794,0.0171353616286418,-2.4984090455904,"7922219"
1.09237,6.82894166666667,4.79268632903737,0.00371329741002134,0.0172539302067374,-2.50973693189932,"8016487"
1.05847,6.91592166666667,4.7877797138961,0.00373088190237249,0.0173228859955435,-2.51510410749013,"8096669"
-1.02402,5.480205,-4.78108845281093,0.00375501611414686,0.0174040606281665,-2.52242895960851,"8178220"
-1.136735,7.043935,-4.77784945998624,0.00376676274835852,0.0174318136528275,-2.52597693735815,"8117476"
-1.17734,6.50980166666667,-4.77667107839505,0.00377104673405929,0.0174395198755517,-2.52726810136302,"8031931"
1.20248,5.99725666666667,4.76918638013732,0.00379838777702482,0.0175391648608509,-2.5354737713489,"7963427"
-1.081845,4.96095333333333,-4.76498636245086,0.00381382946310759,0.017588515184639,-2.54008185457164,"7990636"
-1.42215,5.31330166666667,-4.74844181237729,0.00387535957737203,0.0178056917135031,-2.55825830464443,"7893302"
-1.455375,2.90068166666667,-4.73552518548082,0.00392418737277498,0.0179754666324513,-2.57247614506353,"7896492"
-1.390325,5.47275333333333,-4.72017508925555,0.0039831319471811,0.0181724193918029,-2.58940362245933,"8121130"
-1.414255,7.25038,-4.71955019784558,0.00398555290509106,0.0181765450049058,-2.59009344241244,"8125123"
-1.10197,2.87672333333333,-4.68880207732588,0.00410678250895648,0.01860962672846,-2.62410557122906,"8036430"
-1.33699,5.18578833333333,-4.68772581102892,0.00411110162198421,0.0186266635878634,-2.62529854522823,"7943240"
1.046865,8.53394833333333,4.68757766583073,0.00411169654293393,0.0186268244612341,-2.62546276796786,"8095333"
-1.396645,4.60537833333333,-4.68649704444416,0.00411603907698758,0.0186414245302578,-2.62666075983773,"7895805"
1.27282,6.537805,4.68237445071242,0.00413265416291095,0.0186988701810634,-2.63123266651621,"8089596"
-1.57831,3.612235,-4.67798119813412,0.00415044451758367,0.0187634530339297,-2.63610742099191,"7892733"
-1.43155,4.43293166666667,-4.64582323392969,0.00428336573585447,0.0192292340443233,-2.67187455783885,"7894625"
-1.473885,4.71523333333333,-4.64384857337936,0.00429168499745322,0.0192561966527692,-2.67407570026795,"8156573"
-1.32835,4.722985,-4.62646212171152,0.00436573653589593,0.0195122052933861,-2.69348059372217,"7893112"
-1.052275,5.47166833333333,-4.62616581346264,0.00436701114794669,0.0195152825383413,-2.69381168000138,"7904796"
-1.095945,5.61854333333333,-4.59505177971411,0.0045032493859273,0.0199822071479174,-2.72864836975475,"7892760"
-1.0144,4.43891666666667,-4.59441642375522,0.00450608154210457,0.0199892082477293,-2.72936120546184,"7969091"
-1.03728,6.64518833333333,-4.59142626802122,0.00451943776855991,0.0200297776360627,-2.732716788412,"8021301"
1.08967,6.74260833333333,4.59001101526911,0.00452577508077342,0.0200516958345616,-2.73430545186687,"7909510"
-1.22143,4.179155,-4.5792776826818,0.00457416913826047,0.0202131532576853,-2.74636340692426,"8113113"
-2.015745,6.34869333333333,-4.57787006624844,0.00458055945995579,0.0202306523860124,-2.74794598171996,"8058450"
1.09012,5.51880833333333,4.57438332392303,0.0045964325703892,0.0202809571033003,-2.75186734579485,"7987163"
1.40577,4.24792666666667,4.57391566987347,0.00459856629928539,0.0202833378236526,-2.75239342726772,"7892594"
-1.223115,5.95281333333333,-4.57308148267616,0.00460237518848563,0.0202920135925591,-2.75333191450067,"8130660"
1.54895,4.95209,4.55787749088763,0.00467243131966936,0.0205491937195919,-2.77045462926901,"8119423"
1.01618,5.63792166666667,4.5545688565082,0.00468783744456933,0.0205897537781065,-2.77418526722378,"8040247"
-1.1097,3.1486,-4.55375508098727,0.00469163553716871,0.020601000722815,-2.77510308101114,"7918657"
-1.47039,3.74416,-4.553288392395,0.00469381527322539,0.0206051373965176,-2.77562947758655,"8023401"
-1.46543,6.13843333333333,-4.55219372812025,0.00469893259602055,0.0206221640503093,-2.77686431735279,"8055135"
1.11752,7.12332333333333,4.54665667747928,0.00472491487941077,0.0207006795967347,-2.78311308176627,"8110491"
-1.049245,3.432925,-4.5415522338093,0.00474901249317747,0.0207625878394604,-2.78887759265529,"8088634"
1.066885,4.16007166666667,4.53750394274909,0.00476822384529323,0.0208110564132558,-2.79345207940807,"8009515"
1.013695,4.059995,4.53684211757198,0.00477137299302938,0.020819343015188,-2.7942001558131,"7895138"
1.101265,6.94432333333333,4.53544287464014,0.00477803879415281,0.020842965770851,-2.79578196307551,"8052861"
1.46744,8.38806833333333,4.52250166730194,0.00484019503748753,0.0210122521725192,-2.81042520244616,"7892678"
-1.216755,6.719795,-4.52083742642081,0.00484825507582991,0.0210383015541922,-2.81231009983575,"7895812"
1.161835,8.27516,4.51672194877351,0.00486825245611575,0.0211010416598915,-2.81697297373244,"7893455"
-2.00036,5.34990333333333,-4.50667963911008,0.00491744480862128,0.0212451225889014,-2.8283613952542,"8121416"
1.04311,4.32853833333333,4.50453185250042,0.00492803920835308,0.0212755954183919,-2.83079899456262,"7906574"
-1.152315,6.36213666666667,-4.49269130331663,0.00498691453484396,0.0214589420091366,-2.8442493751805,"7893235"
-1.24211,6.60519666666667,-4.48216945040256,0.00503990661092925,0.0216143444647232,-2.85621900123613,"8171148"
-1.033915,5.886155,-4.47872163816679,0.00505741054811392,0.0216837272259615,-2.86014475096159,"8062023"
1.01921,9.016965,4.47765077100096,0.00506286125071951,0.0216960220161142,-2.86136441702876,"8141490"
1.01748,5.69802833333333,4.47675008380036,0.00506745092463355,0.0217101020892335,-2.86239038652392,"8121672"
-1.36693,7.61579,-4.47490175495486,0.00507688440223963,0.0217393286961642,-2.86449618374604,"7894754"
-1.10249,3.12157333333333,-4.4580714554083,0.00516370986559803,0.0220261398148626,-2.88369397364681,"7947228"
-1.20435,6.31267333333333,-4.44985448497115,0.00520671421954642,0.0221448929485571,-2.89308192243541,"7893403"
1.06137,3.35972166666667,4.4268787168541,0.00532914250102733,0.0225471788859182,-2.91938458832969,"8104117"
1.961335,4.80603333333333,4.42368053710839,0.00534644291801557,0.022602908816806,-2.92305202411558,"7896703"
-1.464835,5.07822333333333,-4.41736342012345,0.00538080341181991,0.0227164462030389,-2.93030045214115,"7893047"
-1.80413,4.24921333333333,-4.40603464118089,0.00544305558057931,0.0229066508678652,-2.94331412092875,"7894508"
-1.93289,4.35463666666667,-4.38154046082811,0.00558047640024327,0.0233404249087929,-2.97151593787289,"7895155"
1.29387,5.28306,4.36477723324165,0.00567680063456227,0.0236472823473377,-2.99086764065474,"7894423"
1.085085,6.69488666666667,4.36348484183737,0.00568430515461546,0.0236587885916539,-2.99236131951795,"7989968"
-1.08356,5.27626666666667,-4.34658509658064,0.00578348306146394,0.0239667250152539,-3.01191590137034,"7982084"
1.607955,5.94868166666667,4.34609450302403,0.00578639142914314,0.0239757933569163,-3.01248419499197,"7892526"
-1.17982,3.61038333333333,-4.34113359033028,0.00581589469924303,0.0240770664926887,-3.01823281704086,"8113358"
1.406855,5.36052,4.3325136788261,0.00586756651728936,0.0242247194452801,-3.02823009112097,"7896687"
-2.15233,2.88055166666667,-4.33196036117887,0.00587090116022316,0.024231815689209,-3.02887219838892,"7893819"
-1.76429,3.331115,-4.32490423982368,0.00591361539431205,0.0243664957040476,-3.03706457638238,"7894325"
-1.23493,6.516815,-4.32184486922242,0.00593224506400019,0.0244009838043254,-3.0406188941464,"7896008"
-1.109645,5.48650833333333,-4.31993760425106,0.00594389289888612,0.0244307865515629,-3.0428354197212,"8000649"
-1.109645,5.48650833333333,-4.31993760425106,0.00594389289888612,0.0244307865515629,-3.0428354197212,"8000690"
2.09587,4.98977666666667,4.31714642170094,0.00596098581053389,0.0244889505901724,-3.04608016087308,"7895650"
-1.301635,5.65610666666667,-4.3014855989371,0.00605793396845491,0.0248107044708048,-3.06430724244831,"8088636"
-1.14319,4.76830666666667,-4.29151984227434,0.00612055997846801,0.025042551683835,-3.0759249790783,"7951131"
1.013385,6.46209833333333,4.27647148625013,0.00621652538365708,0.0253666232475036,-3.09349577356693,"7915333"
2.26546,4.83971666666667,4.26928966711188,0.00626292682841582,0.0254997156524531,-3.10189328046334,"7894054"
-1.580385,3.68877,-4.26744767137622,0.00627489122229113,0.0255359390159652,-3.10404831100661,"7896721"
1.075125,6.014905,4.25010910306844,0.00638879292387952,0.0259107963442651,-3.12435816618093,"7939897"
-1.35133,4.11589333333333,-4.2411752983278,0.00644839722986434,0.0261016633312415,-3.13484039362232,"7893945"
1.07024,6.14981666666667,4.23719509336603,0.00647515544379103,0.0261908710898822,-3.13951427735652,"8133089"
-1.19211,5.53633666666667,-4.22515764637606,0.00655685161794973,0.0264525926499125,-3.15366398067848,"7894159"
1.252635,5.23579833333333,4.22369914677931,0.00656682948001563,0.0264844623541764,-3.15537987336398,"7895148"
-1.25558,4.43810166666667,-4.20852831837013,0.00667164458275589,0.0268191074861587,-3.17324679717927,"8168079"
-1.47084,5.56844333333333,-4.20842606541583,0.00667235746209383,0.0268191074861587,-3.17336733835988,"7894783"
1.234845,5.62965,4.20218363226852,0.00671604219604621,0.0269551726639539,-3.18072919729873,"8035095"
1.13698,6.47576,4.19790874590214,0.00674614526039577,0.0270503852041664,-3.18577402689511,"7911229"
1.13698,6.47576,4.19790874590214,0.00674614526039577,0.0270503852041664,-3.18577402689511,"7911231"
-1.329995,4.25616166666667,-4.19054424113104,0.00679836478305946,0.0272171639030337,-3.19447132592215,"7895103"
1.123245,6.02413,4.18770467329024,0.00681862173333677,0.0272764316178282,-3.19782694416433,"7982294"
-1.67248,3.08435833333333,-4.18282169291417,0.00685361637949399,0.0273823931591086,-3.20360014506735,"8145685"
-1.86135,5.48999,-4.15841033107226,0.00703164871014603,0.0279261458852257,-3.23251525612284,"7893654"
1.10744,6.174255,4.15632943123456,0.00704706580781652,0.0279678118936096,-3.23498417863621,"8005957"
-1.18763,5.46889666666667,-4.1444840848771,0.00713555992799867,0.0282344312445124,-3.24905061043603,"8095626"
-1.006565,5.752555,-4.13879795727633,0.00717848695598516,0.0283402988111736,-3.25581036002344,"7968029"
1.133175,8.99052,4.13674632120259,0.0071940474650015,0.0283849032399757,-3.25825055811189,"7896324"
-1.11335,5.31292833333333,-4.13014646256803,0.00724436365915306,0.0285428442502449,-3.26610463086762,"7894610"
1.79273,2.439715,4.12195027434779,0.00730740625272271,0.0287266476973917,-3.27586743899802,"7893230"
-1.04752,4.10969166666667,-4.10138014581678,0.00746838230901653,0.0292214718852319,-3.30041348173384,"7981333"
1.11544,5.43688833333333,4.09802769841967,0.00749499659941281,0.0293011853612418,-3.30441989246218,"7893652"
-1.414405,5.38258,-4.08654796464653,0.00758694876543817,0.0295776411477338,-3.31815168542753,"7893468"
1.03048,6.54349,4.08224372191332,0.00762175442216455,0.0296855254409654,-3.32330538986554,"8029331"
-2.449285,5.50582666666667,-4.07300152172925,0.00769710296152481,0.0299299821686198,-3.33438092034381,"8079163"
1.127605,3.87579166666667,4.07059544005377,0.00771685708071161,0.0299901517423385,-3.33726637564659,"7896475"
-1.575375,3.33933166666667,-4.06978490359038,0.00772352457078902,0.0300046899584135,-3.33823859315473,"7982094"
1.10882,3.50504166666667,4.06930309550497,0.00772749102548114,0.0300165969056749,-3.33881655593466,"7896672"
-1.465605,5.78753166666667,-4.06194674674773,0.00778833905616391,0.0302106623430906,-3.34764531668127,"7894290"
-1.546185,4.68800333333333,-4.0527947672295,0.00786479827741885,0.0304151205857393,-3.35864038399046,"7893213"
1.855015,4.047685,4.04973344709549,0.00789056311959328,0.0305005897600531,-3.36232100264181,"7952673"
-1.045765,6.40064666666667,-4.04319099204948,0.00794594697603128,0.0306379511780799,-3.3701916691747,"7893889"
-1.148485,4.78541166666667,-4.04019918339027,0.00797142004118357,0.0307097504467534,-3.37379298521109,"7894169"
1.266725,4.87711333333333,4.03681784987144,0.00800032094114863,0.0307819143029149,-3.37786478951285,"7895150"
-1.431145,3.61756833333333,-4.03620568004913,0.00800556594028326,0.0307940770075009,-3.37860214719645,"7931346"
-1.444365,3.64477333333333,-4.03344469991008,0.00802927009575911,0.0308700859897275,-3.38192843845446,"8057929"
-1.04407,4.34528333333333,-4.025613034513,0.00809694147838133,0.0310353240941249,-3.39136982539185,"7893083"
-1.279455,4.28741,-4.02471564371658,0.00810473672281234,0.0310580525560459,-3.39245225017246,"8052231"
-1.137645,2.25874833333333,-4.02419660054339,0.00810924930116338,0.0310717691577488,-3.39307837024498,"8163616"
1.870025,5.46584166666667,4.02263682324612,0.00812282717149088,0.0311130537592467,-3.3949601662564,"7893331"
-1.398295,6.23552166666667,-4.02066285860061,0.0081400474313757,0.0311503458593859,-3.39734217944861,"8019804"
-1.25173,5.02885,-4.01971902616663,0.00814829572668908,0.0311677691447459,-3.39848132176226,"7910944"
-1.668695,2.98055,-4.00580025586038,0.00827103834289232,0.0315284217176057,-3.41529576563957,"7894197"
1.053255,2.74759666666667,4.00282395911477,0.00829755538843308,0.031593333535581,-3.4188950024969,"7895265"
-1.32675,3.826375,-4.00106235457946,0.00831329553056443,0.0316460273558024,-3.42102593369373,"7916016"
-1.02308,5.43607833333333,-3.99507424963324,0.0083670529511294,0.0318179262350109,-3.428272924903,"7924058"
1.061315,5.37389333333333,3.98558423490025,0.00845305531757204,0.0320449697777524,-3.43976898275169,"7926715"
1.05543,5.21539166666667,3.97055253738472,0.00859133160660699,0.0323933380710218,-3.45800561109526,"7968344"
-1.20437,7.61061166666667,-3.96991473818344,0.00859725499934434,0.0324086470615891,-3.45878014079839,"7894031"
1.124715,5.78596166666667,3.96219194543129,0.0086693459016654,0.0325938389397743,-3.46816334296729,"7896294"
-1.3697,5.95337666666667,-3.93108305265734,0.00896674045104651,0.0334300678653232,-3.50605059320591,"7951140"
-1.16268,4.72576666666667,-3.93074583617569,0.00897002669221335,0.033435013855438,-3.50646207505979,"7892794"
1.017715,6.93853,3.92166499391463,0.00905903476896328,0.0336875899823733,-3.51754915449341,"7911218"
-1.13614,8.99,-3.91778758508146,0.00909734360169022,0.0337885387513083,-3.52228693674396,"7895417"
-1.800545,4.98497333333333,-3.91406827569561,0.0091342623473971,0.0338878588725662,-3.52683363780653,"7895834"
-1.408935,3.499165,-3.89624206631571,0.00931357364551633,0.0344150551187168,-3.54865396511856,"7893746"
1.599875,5.69556333333333,3.89142486720337,0.00936270859290682,0.0345544344954576,-3.55455859776918,"7894753"
-1.22261,5.34203333333333,-3.88023935693997,0.00947793173489916,0.0348899153211469,-3.56828240309182,"7893947"
-1.01107,6.70238666666667,-3.86146588432489,0.00967493267429893,0.0354396296211366,-3.59135778270345,"7942409"
-1.468835,5.58873166666667,-3.86095503392536,0.00968035749005498,0.0354539282808136,-3.59198642341748,"7894664"
1.087945,6.686085,3.84316333264367,0.00987144769758422,0.0360049944119248,-3.61390458528137,"8154416"
-1.66499,3.81071666666667,-3.84240201058252,0.00987971897529454,0.0360233248708259,-3.61484352719758,"7894718"
1.8423,2.53551666666667,3.84014071348684,0.00990433261799619,0.0360893590699736,-3.61763290051389,"7894334"
-1.663825,4.68488833333333,-3.83773315722086,0.00993061424593549,0.0361613804185164,-3.62060351974044,"7892534"
-1.153465,5.83977833333333,-3.83551643659102,0.00995488216943389,0.0362338993873677,-3.62333942978753,"8151512"
-1.47587,4.62596666666667,-3.8346149404153,0.00996477056231491,0.0362619634331584,-3.62445227775146,"7896061"
-1.6012,6.57081166666667,-3.83195101237959,0.00999405558080598,0.036340730443824,-3.62774145387117,"7893743"
-1.372245,5.43054833333333,-3.78487923600841,0.010527854603875,0.037843676427208,-3.68603417462702,"7917942"
-1.15577,4.54268333333333,-3.77656938609252,0.0106253852513232,0.0381119737922341,-3.69635882452269,"7893143"
-1.58022,3.34974666666667,-3.75416208842654,0.0108934807321132,0.0388248085697594,-3.7242495515316,"7894417"
-1.18018,3.48099,-3.73885274957656,0.0110810265192414,0.0393250377029998,-3.74334768883278,"7895097"
-1.44165,4.96981666666667,-3.73407265845798,0.0111403264308204,0.0394826449352877,-3.74931780284646,"7895363"
-1.114875,7.08781833333333,-3.71019139481325,0.0114419826700429,0.0402646054707692,-3.7791944378288,"7896612"
1.10515,9.25536833333333,3.70214530779707,0.0115456758649418,0.0405352561445558,-3.78927923731831,"7892639"
1.310985,5.531115,3.69127294882914,0.0116874735898379,0.0409166026832965,-3.80292141097369,"8004571"
1.48783,5.62743166666667,3.66982106502167,0.0119730236565261,0.0417232620294452,-3.82988873695579,"7895006"
-1.237375,3.158005,-3.66462710319676,0.0120433338390838,0.0418718687313327,-3.83642814926393,"7925609"
-1.06634,10.2623033333333,-3.66413164523067,0.0120500649856476,0.0418821517564831,-3.83705215557337,"8040334"
-1.737715,5.727785,-3.65084840012349,0.012232110854216,0.0423733453092833,-3.85379503664066,"7894765"
-1.05208,3.51381333333333,-3.61186373182606,0.0127844584890832,0.0438307366465203,-3.90308039379612,"7896134"
1.05751,5.11467166666667,3.60198529987978,0.0129288231728439,0.0442482295391288,-3.91560366299917,"7892708"
-1.032745,3.80118833333333,-3.60107984279288,0.0129421467846847,0.0442892766176408,-3.91675224603798,"7933437"
1.08617,5.66693666666667,3.59505134983367,0.0130312480309362,0.0445438318125536,-3.92440245495774,"7901052"
1.047335,5.22677666666667,3.57949839281902,0.01326431166159,0.045113563370374,-3.94416329739865,"7895914"
-2.786285,5.26342333333333,-3.57791056766465,0.0132883669797287,0.045186147398287,-3.9461826556534,"8073680"
2.52526,4.66947666666667,3.57614493294294,0.0133151734743341,0.0452588129006638,-3.94842857018551,"7895468"
1.16558,5.116765,3.57470434718342,0.013337089826232,0.0453105932233874,-3.95026134675512,"8027345"
1.962035,5.43816666666667,3.57469637090325,0.0133372112857741,0.0453105932233874,-3.95027149535322,"7895349"
-1.066385,5.33601333333333,-3.56812846335308,0.0134376464271779,0.0455449219346236,-3.95863123142093,"8132501"
1.103205,6.73757833333333,3.56596501521805,0.0134709146439287,0.0456205293835329,-3.96138624720074,"7926545"
1.007755,3.74719833333333,3.55631610323338,0.0136204168498941,0.0460191800964916,-3.97368163716923,"7894172"
1.05719,6.411265,3.55365461711465,0.0136619806036562,0.0461174947445194,-3.97707543595821,"7894183"
-1.657895,6.19550666666667,-3.55241418677927,0.0136814005728576,0.0461690072843256,-3.97865751638445,"7966068"
-1.2003,4.67416666666667,-3.53552599041282,0.0139488959319421,0.0468532621654269,-4.00021889869302,"7895222"
-1.16252,3.71074333333333,-3.53039973028136,0.0140312455477856,0.0470366221143737,-4.00677164416186,"7989309"
2.624585,4.701875,3.52280870823737,0.0141541904071614,0.0473232330542478,-4.01648183348688,"7896712"
-1.304505,2.355255,-3.52120016501949,0.0141803969244381,0.0473727978722801,-4.018540472864,"8176815"
-1.304505,2.355255,-3.52120016501949,0.0141803969244381,0.0473727978722801,-4.018540472864,"8176941"
-1.304505,2.355255,-3.52120016501949,0.0141803969244381,0.0473727978722801,-4.018540472864,"8177393"
-1.3699,4.05969333333333,-3.5202806782067,0.01419540164792,0.0474037921056997,-4.01971741052586,"7893624"
-1.161715,5.54511333333333,-3.51570489580592,0.0142703364281861,0.0475920865434008,-4.02557615474585,"7894121"
1.61915,4.59578666666667,3.508498128893,0.0143892556831812,0.0478879606679544,-4.03480953189261,"7895706"
-1.5565,3.97925333333333,-3.50750613442329,0.0144057112053812,0.0479187778227352,-4.03608105575676,"7895699"
-1.73278,4.93318166666667,-3.50633016032279,0.0144252458952133,0.0479711997334335,-4.03758858093167,"7895048"
1.54941,4.47123666666667,3.49964790254261,0.01453681186915,0.0482344020734517,-4.04615849981464,"7893484"
2.374955,5.13349166666667,3.49947403238184,0.0145397276234172,0.0482392696967837,-4.04638156984691,"7894925"
1.029315,5.91998,3.48355148091508,0.0148095353432583,0.0488767589740523,-4.06682763774515,"7894533"
1.301165,2.815435,3.48095214805881,0.0148541099127418,0.049008848371439,-4.07016879003402,"8124482"
3.069445,4.72682833333333,3.47836144148908,0.0148986857132337,0.0491387646936211,-4.07349979140277,"7892819"
-1.17141,5.15698666666667,-3.47332914372742,0.014985699213489,0.0493598601950286,-4.07997274041318,"8097459"
1.47387,6.73579666666667,3.45844386718391,0.0152464201963105,0.0499935452557532,-4.09913999222832,"7892980"
-1.258675,4.07969,-3.45822689914414,0.015250257726793,0.0499988018441342,-4.09941960169296,"7896275"
